V1,V2,V3,V4,V5,V6,V7,V8,V9,V10,V11,V12,V13,V14,V15,V16,V17,V18,V19,V20,V21,V22,V23,V24,V25,V26,V27,V28,Time,Amount,Class
-0.0845782707458901,-0.0659571694255017,-0.264618275126423,-3.05797161753433,0.756497750858665,-1.95044102065464,1.32276331773434,-0.748074475916797,-0.860445126746136,-0.293362464871349,-1.10332476291825,-0.631255100078,-0.458793457991547,0.42747141926143,0.078726085837173,-2.31536294766749,-0.194480472387723,0.989305178212299,-0.483096797721957,-0.466782596793063,-0.21877033865752,-0.0061969560562108,-0.271514788337544,-0.0946215908081969,-0.0356310033840921,0.257562901774366,-0.0876089931743989,-0.075625617440369,151412.0,11.78,0
-4.66404762682596,4.32114136927723,-3.09348574420068,-1.24871502630199,-0.575851608443429,-1.17513191902191,0.0554442325745749,0.654390658574635,3.30328151206669,4.70393536827327,0.762675944344191,-0.443522672374988,-2.14088712468852,-1.11112938638291,0.531522702529679,0.128853272926148,0.300420639195158,1.22025259021417,-0.309610931903702,1.67625430370344,-0.106901274340956,0.564025509473643,0.0844051779838635,-0.588693975374705,0.400521528863655,-0.14086686808076,0.922263944331143,0.899833715980435,151504.0,1.96,0
1.88870703849525,-0.293319956383569,-0.42859197012764,1.37934284718963,-0.221819289640677,0.409770617013292,-0.490666372756809,0.301484380300955,1.09256058334418,0.180441995233941,0.234294713858889,0.742905647637013,-1.53589416498426,0.171117940870458,-1.69004299011771,-0.210203094313335,-0.185530689759086,-0.297270601805258,0.439846278012592,-0.339163138111335,-0.484984419846739,-1.22725945869707,0.486195544617181,0.584230640914988,-0.391415916294641,-1.15127221235215,0.0408854008649915,-0.0361763826603389,151682.0,8.3,0
-0.575341349113185,1.95444659335556,-0.411429530127289,2.52063238022111,1.64250427373148,-0.339529485592413,1.37974983959073,0.223970392757107,-2.47460050799495,0.6082191977593,-1.79948061015025,-1.16744342884516,-0.932097453076866,1.13302128257798,-1.08763150458311,0.67753766776272,-0.702062810260833,-0.228624757212078,-1.56851350232424,-0.366102097264736,0.263430329813578,0.467459954921354,-0.271415109690099,0.546780291871726,0.0769264481999237,0.0413362004841606,-0.0439531002367306,0.0963870276057897,151789.0,0.76,0
-5.48803217118325,3.32956068110382,-5.99629608663308,3.6017196361428,-2.02392603601173,-1.73739347660971,-4.39685932040737,0.228394067739377,-1.67588392283112,-3.99178463209724,3.73703768128326,-6.15018666957144,0.28873807103962,-8.76069451926062,2.3446511946564,-5.14563785073948,-6.29347862779442,-2.13718660093444,2.99524475453849,-0.551121114938378,1.71963125994928,0.343209160294469,0.133583641611928,0.833339534034596,-0.839775663207077,0.502009639296227,-1.93747284570186,1.52121837279368,151916.0,0.01,1
-6.61821088302128,3.83594330652809,-6.31645312939344,1.84411148322924,-2.47689242073119,-1.88671810778613,-3.81749461717225,0.613470204441387,-1.48212104737573,-4.86874726825181,3.35972193954249,-5.96916163430263,0.0511899909273825,-8.72449560202264,0.776390603031746,-3.93938374023711,-7.16443030217363,-2.43467181629124,0.235226841085862,-0.953826982523315,1.63662230588548,0.0387273057562163,0.27821816645377,0.786670356804443,0.063894559165062,0.154707097104458,-2.04240272642132,1.40514055826157,151972.0,57.73,1
1.98031577083051,0.0384556044563099,-1.4968646928293,0.397541027373329,0.271221802677258,-0.526466601838827,-0.0855049578551306,-0.0794031963298072,0.312458614820124,-0.305952459800448,1.37426634358834,1.0937579545596,0.571421196983377,-1.09210206739775,-0.388513797337581,0.60616222161708,0.32858492052165,0.57301367207668,0.0068837939269497,-0.0725734518447227,0.0032407911095979,0.129385080979545,0.169057995978613,0.714444333825365,-0.140924192889388,0.421556034365325,-0.0496443637330385,-0.0308467462130329,152016.0,15.5,0
-4.32060921481281,3.19993870654465,-5.79973605389345,6.50233023566696,0.378479252807864,-1.94824637096657,-2.16785950480668,-0.728206711605414,-1.97723831745674,-3.47341070390428,4.56919375212135,-9.32115263136084,-1.59251765115386,-14.2668362798028,0.467776602458787,-4.06620855488173,-6.62696817708246,-1.43715841938037,-0.215409738450978,-0.263686068021973,0.47666042483552,0.434278328284482,-0.13693991841301,-0.620071695417129,0.642530576414265,0.28071734804164,-2.64910674899003,0.533640939848599,152036.0,1.0,1
-2.73670659260577,2.21899707463902,-2.02735246989328,-0.307380643946083,-0.543259445456216,-1.5425999038746,-0.38837412328273,1.24017814499313,-0.0153548234631828,0.0938333870500352,-1.16842989192092,1.22188174168273,1.38673869623822,1.1108810208632,0.351794834322458,-0.107954274125767,0.114983173560497,-0.0012307784015507,-0.0591653035444918,-0.473083451971471,0.367835360602773,1.41909182056026,0.500150234776368,0.04907580083277,-0.432920420735812,-0.202274052911705,0.115997190937503,0.168591304517745,152054.0,2.49,0
-3.57636177773708,3.29943622098785,-7.46043319687438,7.78363417666419,-0.398548657536885,-1.96844144838725,-3.11047619254795,-0.328403695377149,-1.57436284547485,-2.49756054724841,4.60417047790948,-9.0019148555682,-1.27632400546329,-13.9694706254616,1.25694535316357,-4.49162922501012,-5.96998693103967,-1.27466622002178,1.14778361222539,-0.181455201194929,0.540730752300116,0.719526342466937,0.379248749413946,-0.616961860032022,-0.44281081400968,0.359840688732324,-2.65182487459349,0.422184391599186,152058.0,1.0,1
2.07823951378928,-1.85827105275424,-0.0340554650466681,-1.58303325785193,-1.90698227530398,0.0908131360795829,-1.82721457314962,0.139637295407075,-0.903645882388767,1.62581193001424,0.463013193822591,0.0227613579940884,0.886053758461917,-0.730419602946284,-0.308593670947477,0.245819270996158,-0.0974961536094609,0.861569980504831,-0.112988358392509,-0.253504641337534,-0.0205651463264573,0.313768628870329,0.235186768102606,-0.414964583249714,-0.576740119141052,-0.232107860031626,0.0543130370324242,-0.0308799364559405,152096.0,80.0,0
-4.1243162505368,3.74859690056241,-7.92650660758866,7.76324179132026,-0.769374580551456,-2.03117088274041,-3.4745494647169,0.107121410006842,-1.55135158957203,-2.4112720149303,4.48003526995735,-8.83250972518326,-1.21516414034012,-13.7256846134361,1.23274441510587,-4.3896876778022,-5.81091981744958,-1.25542240180062,1.11403305037529,-0.181978583306058,0.547096801357099,0.68785388119585,0.429938703679497,-0.620601279432049,-0.369688286259497,0.367348753696039,-2.66476709501523,0.417100621604896,152098.0,1.0,1
1.86846962550536,-0.396233742559336,-0.409348719733844,0.255354539006826,-0.324424195029241,0.0986599863051225,-0.498589691262704,0.103435041411928,0.83092473635589,-0.059951780374176,1.13530082007428,1.79919059839813,1.14307715463542,-0.0603056428332506,-0.0771938846726124,0.302150774989184,-0.813771979849728,0.109309591721049,0.124354941007632,-0.0448546415538509,-0.0909075427968154,-0.209048827702816,0.359411794876741,0.691050222360796,-0.434511721033319,-0.680171756410485,0.0297452644669737,-0.0250881817555383,152140.0,44.99,0
-4.67323076642011,4.19597576169878,-8.39242279138696,7.74321514676806,-1.13880348895329,-2.09489915490422,-3.83948656727606,0.543053447590367,-1.52844823748652,-2.32511344137919,4.3557700196603,-8.66303057554101,-1.15399252804132,-13.4817046750119,1.20845385727171,-4.28795983864998,-5.65176527245489,-1.23588925526129,1.08013289303778,-0.180278730628939,0.55418499648198,0.656075670157296,0.482417262428348,-0.624399456794724,-0.296288558436571,0.374802036063765,-2.6785437691689,0.412367567109485,152165.0,1.0,1
1.87470969140068,-0.23301755806997,-0.412862330213633,1.37420819286176,-0.124875765127946,0.440404189774517,-0.400998679646148,0.23294823046432,0.914310850083721,0.14245980659507,0.434144674031357,1.36613500402172,-0.363279139196003,-0.0602331541870925,-1.81758113887363,-0.264129501977136,-0.252232729734135,-0.439392583952421,0.429482408873313,-0.248460551616331,-0.466858346265657,-1.13539594140008,0.465359194912094,0.616692879664647,-0.354609820257205,-1.15601729017266,0.0470891065629505,-0.0323219619982944,152185.0,15.99,0
-5.22296817637504,4.64182734988813,-8.85820420925725,7.72350199432307,-1.50703495625849,-2.15948357376289,-4.20516409588397,0.979334284202064,-1.50563737438727,-2.23906626105695,4.23139330449617,-8.49348798082106,-1.09281084673483,-13.2375585139603,1.1840864824863,-4.18641517783122,-5.49253578625626,-1.21610811302066,1.04610451099676,-0.176673248133323,0.561892173950775,0.624206816460912,0.536428910734314,-0.628333712411096,-0.222651230551295,0.382208361920644,-2.6930356893785,0.407935125898827,152307.0,1.0,1
0.103042236924789,0.799743516434567,-0.226342862890185,-0.768795555995589,0.787540406725963,-0.883366240253417,0.996727653804814,-0.264854974628118,0.145285237322958,-0.527294688102159,-1.66600529432408,-0.740223884227211,-0.801630165077961,0.469445700361854,0.449308583479048,0.0349633293195007,-0.824933000003797,0.396742455605942,-0.1595093919736,-0.253823984214232,0.284515150770785,0.81890633783633,-0.352597731830242,-0.647331719473848,0.0604631868591033,-0.153190135791277,-0.0898661555879759,0.0272274391862629,152317.0,1.0,0
-0.598983700650008,-0.719080943303238,1.02993721974218,-1.58609872494942,0.765700978783936,1.20220013922577,-0.559032407789857,0.635744669494019,-0.626089940343896,-0.145415635074833,0.645479983497049,0.649264384792756,-0.0077405940260461,0.0911653782522739,0.249987899996562,-2.06640892767269,0.0884475445253053,0.646614304907898,-1.65261196787059,-0.498530128545897,-0.239784835125837,-0.240251190703456,0.346488750419978,-1.61295841744473,-1.20019302114051,-0.956422271003365,0.312210225518176,0.221163955391701,152380.0,29.9,0
-16.740755283814,-8.90408474872634,-7.34123744139156,2.85413433884707,4.66399735760244,-5.48559193751432,-2.46912724813375,-0.266032307958526,1.97479236903803,1.23482148440069,-0.142914306537785,0.994483613172559,1.0029417815661,-1.28099117850597,1.33545151115495,1.60691633110232,1.76724831501701,-0.261300843607625,0.0409101688723616,-7.97160572659173,-2.19034117759098,-0.49177496859526,-9.1733246271707,1.45852218929329,0.341327209237564,-0.608822027988707,-2.88645659564163,-0.46020287710475,152445.0,15.0,0
-0.0758084711313473,0.125194873956684,0.655324985203535,-1.65405388900343,0.225019050712208,-0.146799060423717,0.359781513130845,-0.118895780946482,-1.06352494537709,0.0251359316758198,-2.11874799451078,-0.317618342411181,1.14270620374683,-0.398255361469642,-0.309080750150945,-1.10412527729126,-0.674957402827741,1.37552364065589,-0.600508435414366,-0.421566776326597,-0.327925301356111,-0.379046343436413,-0.126727043864597,-0.988563044016515,-0.531436576799535,0.522074812788184,0.139174277609226,0.169498764536225,152634.0,20.0,0
-0.240145612621001,0.576412467996772,0.925950977367473,-0.660369684005949,0.441939948722776,0.106384689316428,0.36237745638164,0.11063363471067,0.331034812944701,-0.650974432112624,1.05321519130173,0.133906846560295,-0.392973905644306,-1.4885008579032,-0.254712215930039,0.834758676678313,-0.0066266357980584,1.19382068655648,-0.480318680347459,0.181778324570702,0.187498609479459,0.848051821074127,-0.240543950545504,0.654012000152615,-0.0836647627343256,0.579036675608017,0.0971020623318782,-0.112702049957804,152661.0,19.99,0
-0.973996687211064,1.70804568432101,-1.35224062433331,-0.582888342195312,0.109308528453338,-0.835509122859678,0.175056891534865,0.763997490333121,0.241817999629324,-0.0773481164670876,-1.70927625768851,-0.573389017216695,-1.15843077752963,1.15252640099855,0.621422583657989,-0.0629703846987465,-0.21244112826489,0.506216912912171,0.105502513940108,-0.0323595769247472,0.352853091984232,1.0513960700216,0.0084334338136505,0.465240135926976,-0.626251611664373,-0.218806296996736,0.455710384171491,0.318472045043231,152680.0,0.74,0
0.0510754846328574,1.31042652386526,0.733222065309853,2.62028192286183,1.40235761449282,0.528488564738172,1.08601442622803,-0.146422713225732,-1.72433297471822,1.28016674259048,0.470864719590572,0.43554195900858,0.594974116113431,-0.142098601080574,-2.02473460275883,0.828290651436422,-1.27478714656577,0.134277305184542,-1.48943421708841,-0.125876996990695,0.229936134951611,0.766926566765976,-0.189623667620704,0.766852957965077,-0.141400750027805,-0.0772779620355944,-0.29759539535716,-0.221816034161724,152710.0,2.47,1
-2.18759298612194,2.54943144583911,-1.88864506237271,-1.64733864658056,0.7775052090155,-1.36556971373984,1.47505960256658,-0.0813665725506434,0.938090660406061,2.24238568439305,0.607390568526961,0.524608439304028,-0.275681640449273,0.317025765212891,-0.705228768636591,-0.54649874295446,-0.864632172898603,0.103061040317173,0.094557659197206,0.852953090396209,-0.0749620764735385,0.902516373324885,-0.304736303738525,-0.378780230316233,0.0033662190571077,-0.0112800739034559,-0.060619609744193,-0.620745725111121,152783.0,7.7,0
1.32272425078878,-0.843910597775511,-2.0968875375015,0.75975906867787,-0.196377115172222,-1.16635257897589,0.482534011071884,-0.349790812508124,1.04500741682416,-1.47497416110315,0.0110374511201705,0.483019027615191,0.665272820090391,-2.33279338224807,0.820578433757924,0.461206283587447,1.46805197816555,0.891705535237246,-0.45793403989618,0.585434736822602,0.133814675110081,-0.121562328444589,-0.208573690328062,-0.254751784229223,-0.0983244022531656,-0.613874016689451,0.0026541572433407,0.0723858076215552,152802.0,357.95,1
2.05336695433452,-0.0666251447818324,-1.06844193184109,0.410002578214579,-0.121761752304775,-1.13158274022455,0.16299763186898,-0.303202445793664,0.555867560558134,0.0678867773595121,-0.708515494153932,0.402850966401446,-0.0446702118048093,0.30194122215516,0.0988878576407079,-0.158869925045033,-0.225700056019852,-0.945708503007407,0.074942303386039,-0.237404433040813,-0.284592943164013,-0.684043533325544,0.348201656227648,-0.0160899831265113,-0.316991466732212,0.201413409850195,-0.0682436136469965,-0.0607225004658807,152931.0,1.79,0
0.0267536012632636,0.594415686182979,1.4692120669234,1.1284317058319,-0.442328190244445,0.025067389842314,0.251704179992427,-0.0289477954205854,-0.0664246132218536,-0.226940129055666,-0.567358425381662,0.41909040052215,1.00668476559207,-0.0731891147555809,1.84122255201584,-1.01897290104014,0.448228640083744,0.148127626939633,2.57450484735636,0.376659189242113,-0.0273564737437813,0.089509042155204,0.180938043934611,-0.0055337102780264,-0.941137984768636,-0.225991242854081,0.264993888784486,0.214271294833196,153010.0,54.99,0
-2.44078447655567,-0.823506519483957,0.62669195897952,3.37834253619846,1.98036960478218,2.33083969887827,-0.873936427568705,1.23903488557778,-1.0397218643267,1.09835557949964,-0.164214033808558,-0.391862102250269,-0.934874645288265,0.319220570198823,-0.163951653244264,0.680640930787854,-0.272956000923312,-0.097268803366085,-1.29362670056872,-1.18599872992008,0.138231061511558,1.38372045686937,1.62122363642299,-0.995198129853118,-0.762171326156263,0.186318303864605,0.380923643303504,-0.15113118627568,153045.0,13.96,0
1.23228772639245,-1.70753540952449,-0.97146389349806,0.507794562235921,-0.893573462739945,-0.150826287535806,-0.0835285962643211,-0.121524813733438,1.002703695098,-0.141882007214395,-0.895815510366493,0.24507768597038,0.423212316987382,-0.0353540851433355,0.965483576190161,0.641954810180393,-0.703457656444143,0.200526911136685,-0.454087707522202,0.699165564901907,0.41549283272226,0.371628406201028,-0.1516744895254,0.739036115454114,-0.463567058873188,0.578469098585106,-0.117844028121342,0.0296115135501119,153122.0,420.0,0
-0.752635654054145,0.987932895796122,0.782340245783029,0.581189415127802,1.50197302229797,-0.277032669832296,1.52865976367698,-0.375077982114165,-1.04253805497263,0.0105097466173143,0.472502281054912,0.304115908897118,-0.355755967095191,0.421163604850003,-0.900825426947768,-0.921722347553633,-0.282259018043993,0.17495319874324,1.08895495955517,0.0694047117854924,0.0582326991638131,0.369815324893318,-0.671320089004631,-0.373873657292717,1.13039725998307,-0.263689380867399,-0.282975190918911,-0.143407280757338,153147.0,18.37,0
-0.264634796890748,0.992107902092141,1.2694533388932,0.631384959618455,0.765238110176543,-0.343993541326224,1.23556036436907,-0.368119734754335,-0.257625585594861,-0.382596640980257,-1.09965176727391,0.257714332457844,0.414400624394933,-0.312883323947799,-0.766393593243544,-0.904188465341072,-0.156827534013049,-0.283959389401151,0.155876772211603,-0.022780350233756,0.125171221670048,0.822484665974956,-0.502030715871817,0.0299732093757929,0.40552982468237,-0.397436331269282,-0.0072950250440007,-0.0945729581037806,153164.0,1.18,0
2.29102182681933,-1.31171354524861,-0.982335866001762,-1.66541903955759,-1.08770760019961,-0.503350030512779,-1.09407330437544,-0.138534891845958,-1.52514997060858,1.7376033416603,0.515621232532075,0.0050032657598887,0.707497816956205,-0.275954348675917,-0.892333779962277,-0.417113132990057,0.193087843574774,0.311949500479341,0.208961592156656,-0.43065700121752,-0.134806693841078,0.156004454770941,0.188102955088236,-0.403275714939816,-0.154114967444996,-0.154942372058868,0.0120215566636582,-0.0663749659637807,153181.0,5.0,0
0.432963193709349,0.815219861294382,0.445154584141079,0.88505926283482,0.700559310411496,-0.205607379790773,0.886574139527659,-0.455254686200951,-0.491161562205656,0.329203290236692,-1.13748450796541,-0.103972755291361,0.831530106049117,0.0321519113325003,1.24446362119372,-1.13457834987253,0.288025450749179,-0.226715467280386,3.11655212038681,0.345579942163217,-0.246755578742712,-0.310684157569295,-0.0375244280889395,-0.603020438230341,-1.008064712886,0.560733117358268,0.0393796709448468,-0.0194267893462123,153203.0,4.49,0
2.06524613686581,0.0698424177366939,-1.58160078594208,0.465967900144401,0.275298840363822,-1.37341465631866,0.622955035903041,-0.551161188785308,0.165541388718746,0.0628253694880524,-0.637527870921682,1.0985569456222,1.28207957598353,0.135816579719404,-0.600788035325706,-0.636600205608186,-0.147381055814629,-1.02124924984715,0.181466983011321,-0.123612361940064,-0.0108766143953826,0.226199127889216,0.0505900661048024,0.14711119620148,0.22055634271116,0.552122871774466,-0.0898453885305994,-0.071469608821741,153314.0,17.45,0
-0.554015687899649,0.66866502324586,-2.11058218508389,-0.465407906866154,2.647766479781,-2.10155121764676,1.16370811286827,-0.3456954306243,-0.17069056255309,-1.57385746418971,-0.756350305190154,-1.43925260363691,-1.83822053430313,-2.2433764324083,-0.693794292854284,0.636245750908179,1.81752327285258,0.896119427760176,-0.956383514978688,-0.306203265346912,0.0849730737873687,0.246441302249232,-0.195759720719579,0.370309852657937,-0.711198670486492,0.374048446990228,0.0692676084777563,0.346361566845294,153318.0,0.76,0
-3.84638706335814,-1.01581406322938,1.18414671529406,0.0450439202264139,0.4736315538923,-0.615403248931376,-0.451607226449259,0.108800465743637,1.22973467073733,-0.221952066534366,0.0114594226970157,0.404481272978451,1.37398115854387,-2.51059290652138,1.07571795340667,1.26474917507068,0.212533008203885,0.615850162871689,-0.621316409488026,-1.6856767073047,-0.554521154100795,0.835513378104148,1.38326276524629,1.08633165704382,0.929993613770781,0.67458874424865,0.212004281281021,-0.514301971939636,153336.0,11.8,0
-1.36372384024142,1.30729119817396,-1.81807877511824,0.750480208987365,1.48022628024007,-0.075665527747401,-0.469213438162564,-2.29650597256827,-1.23417832093223,-0.116928179732638,-0.280131062349657,-0.137238657702273,-1.69605810282066,1.96599837026076,-0.258907410562016,-0.168418031823396,-0.245219970527679,0.858893537655592,0.937616643218911,0.407185474399521,-0.96537697596224,1.20424339577575,-0.283667942357653,0.0829013702769246,-0.42933029351347,-0.423681129495988,0.293461838678833,0.0968417975453327,153398.0,3.6,0
-0.20473097507213,0.656291612238789,-0.341129302023521,-0.236367830418229,0.515379049372529,-0.257507884766341,0.801767176059766,0.0681388305194291,0.955626482278386,-0.941883037690764,-1.53448506125874,-0.618468694752874,-1.79771059178121,-1.36782704215012,-1.86042180517623,-0.383567205816274,1.13742179337588,-0.33561978446624,0.216970322391132,-0.131436017731436,-0.320583308660041,-0.578601868546863,0.261669437581862,0.557621147231675,-1.30515350708619,0.0414378287261747,0.362566857263691,0.358220462484117,153465.0,49.18,0
1.92129326114663,-0.40526785854618,-0.840695572272188,0.176300494794031,-0.216326030531412,-0.337168728175612,-0.22442051123522,-0.0881033628012225,0.49461176040735,0.159722859625237,0.779775349392626,1.43886095662118,0.99121700183066,0.0527357830122439,-0.423665139372732,0.327286630464567,-0.765548522691291,0.018793863646385,0.239543320958845,-0.0377040072642185,0.0690869471957786,0.288131613055942,0.122994737054266,-0.324340441309414,-0.248633349396618,0.555452699254574,-0.0600144544804936,-0.0610048136976038,153500.0,50.16,0
-0.460389026688422,0.361085473255022,0.69538739112101,-0.890258303240315,0.858129800822263,-0.415453919656315,1.1606729103335,-0.455689025431413,0.0590251163862507,-0.468014786349113,-1.44302161601444,0.171522203620647,1.14395102849525,-0.489821814380715,-0.19563540750102,0.170823936475318,-0.945202186011265,-0.212019174677702,0.11286369998231,0.0008139825199463,-0.0315113770303006,0.230308120537326,-0.0193213960794208,-0.650617871958499,-0.411869736563972,0.452502834337218,-0.146540594934355,-0.0717066532735878,153521.0,51.98,0
1.97340608711976,0.217194106612167,-1.57897850118791,1.5323747096678,0.483881472257465,-0.423401919462194,0.115689674030269,-0.128518754415424,0.66503009216925,-0.355606018440708,-0.837130366556782,0.209199314714891,-0.0788954114365944,-1.18401538019206,-0.476148841961217,-0.119319160155138,0.750679471669803,0.186671885070261,-0.442326021122934,-0.204707301075674,0.0395377957571888,0.391617905875688,0.0206636183673538,0.584849266215232,0.338810176267259,-0.489684239030115,0.034413504925261,-0.0156363844223126,153523.0,14.0,0
-0.0067678212560493,1.24857340018583,-1.78287850969154,-0.49681866688183,1.15838010902413,-0.990295853442749,1.26170896536885,0.084181403529328,-1.07595650805782,-1.01289863154906,1.02541947298537,1.14761605844825,0.831135786176567,-0.43088876837315,-1.57754425775533,0.0485558748167484,0.50766210101053,0.311136554636427,-0.0462898399402625,-0.122231622060271,0.284788807497904,0.77579657880108,-0.0165085809229124,0.764302080265633,-0.347854651754514,0.483704832181978,-0.0965897075189035,0.0357456590272673,153539.0,42.81,0
-0.461884298263422,1.52323574089203,-1.54533371492344,-0.216179881569666,0.38999114457404,-1.08573551779052,0.241441856993659,0.574080979564401,-0.245986372347121,-1.32778126570971,-1.56750094697886,-0.530393389203046,-0.380324515567296,-0.23866387013356,0.737788012501264,0.543115757133621,0.61036137698626,1.13066574698649,0.100865073794397,-0.368254329479665,0.347490338738997,0.808633967712302,-0.179380446571102,-0.804896288553277,-0.272287825572929,-0.118047868676039,-0.239786865951645,-0.0152437458283676,153575.0,2.26,0
2.06743837493889,-1.03749987129311,-1.14028055637448,-0.876780286285207,-0.608522004901967,-0.630474991233772,-0.477911786657695,-0.310897009573176,-0.256485754308753,0.684560026372211,-1.18149989891255,-0.0365732621770264,1.48475891619101,-0.559180929730962,-0.106012241480729,1.09621228283491,-0.0722347685283151,-1.38728815473681,0.843710967518869,0.23265673962337,0.187369534916245,0.473417140804386,0.0065504994980726,-0.596820040183808,-0.0259952902530651,-0.175424251360996,-0.0190410778455356,-0.0426767467403364,153580.0,98.75,0
-1.14241452449537,1.94996092256745,-0.98278752525063,0.766640327054331,0.438313189860254,-0.433752097848404,0.509008542980935,0.75064877417369,-0.866921964216087,0.16794433135984,-0.121953391006638,0.433801346022782,-0.822831442008726,1.32085933871728,-0.973900620745162,-0.66336373110004,0.159278161726905,0.389701660388071,1.16445729711975,-0.0890137886959113,0.19914028456119,0.608076395003919,-0.225258215600388,-0.472593199270158,0.113935683672768,-0.368415010580885,0.153041862796858,0.15903037194701,153590.0,0.99,0
-0.613019670346009,1.55051486008382,-1.46759386074548,-1.42729657284134,1.36312273266805,-1.25599748248648,1.62396469921103,-0.365350072307385,0.365176646899947,0.473707163872549,-1.91160575475633,-0.875843634026293,-0.934132242140939,0.615111833192061,0.0308975942918623,-0.389110301434449,-0.756068174011936,0.0085045350014056,0.172179326574783,0.281829177577372,0.0773602090536913,0.604645547133304,-0.320062049503122,-0.984770395052223,-0.040617294435044,0.167545019865651,0.7038208115009,0.441177120395391,153631.0,0.77,0
-5.19249642644832,3.16472117285823,-5.04767906023322,2.24659736005894,-4.01178140454907,-0.638908044905701,-2.87346326933044,1.57631757306221,-2.86198599107206,-2.12045759469323,1.86359573670074,-3.62025176254298,-1.48071442178696,-1.58334340543936,-1.23046922211011,-1.20229796977375,-6.16763653803023,-2.65153904856573,0.0135877061935761,-1.85046996353398,1.16724379365826,-1.00661749345659,0.774561804390922,0.063396916565373,-0.390657771499997,1.8847406746985,-1.74255751463748,-0.08221593472572,153653.0,247.86,1
2.05917946632775,-1.33915593708547,0.251907355940308,-0.72334194761136,-1.44765787799342,0.666573326438675,-1.77752379480044,0.383559777509153,0.717660855524395,0.652242697913558,0.472774969539545,0.639679917845399,0.231061649647316,-1.06656303020092,-1.67194155054404,1.04127944257067,0.284163475787266,-0.898590424346199,1.02334726846571,-0.017283198606853,0.192956723732749,0.81604779613462,0.269110569217058,0.743590717953906,-0.366323417932786,-0.2402816461852,0.0579550765715451,-0.0400083879464016,153660.0,5.0,0
0.0703067703997513,-0.825633239375228,0.758392733907619,-2.03034948672507,1.49784501283553,4.67771822782289,-1.36142739795271,1.11677068740897,0.0380229832540399,0.288442188340875,-0.587538757345577,-0.64091466033189,-0.0745475584248883,-1.2312172730067,-0.393918889559512,0.266813885506434,0.640575793229311,-1.15342294370898,1.69555540674349,0.326167830036211,0.204315842602394,0.920671325733369,-0.0521322566862516,0.752253672889145,-0.827013605139264,-0.100630004702999,0.126548711225457,-0.0207101806348363,153683.0,5.0,0
2.09416626412045,-0.226142170647038,-1.52420731791814,0.0596636184991214,0.322457730448959,-0.302062678546339,-0.0308496847465256,-0.0435781087488823,0.556195824052867,0.282510609151852,-0.234500874790311,0.0670751448328757,-1.15431400403931,0.670518991548444,-0.436259772065372,0.468426322578061,-0.856025683042772,0.14062333957362,0.851771230076821,-0.2627011529645,-0.323709179460608,-0.894058152258509,0.209918257659365,-1.13431007759954,-0.229121562172483,0.249893940995259,-0.0846509937869302,-0.0838816952834767,153706.0,1.98,0
1.14625926661879,1.40345824321907,-4.15914819129688,2.66010705652321,-0.323216826628972,-1.83607089433649,-1.62374005926978,0.259562498148672,-1.13204414952948,-3.35647371355361,3.64647783754223,-3.00268415590657,-0.647500580265193,-5.94500331282299,0.17465003740523,-1.47563951431173,-3.08227352537105,0.224739755103275,-0.300930778531616,0.284830655578029,0.564449516452437,0.445743911757892,-0.141136197426929,-0.265517116377678,0.362259920457956,-0.416062097561802,0.507369852566067,0.243744113775662,153761.0,51.37,1
2.00441080513304,-1.63044654939181,-0.165654165196243,-0.671243277651192,-1.39286737610227,0.548295116694116,-1.57861247301244,0.229220925050485,1.16587719787408,0.475061625487773,-2.29407095827598,-0.752033156210277,-0.242802037115001,-1.14632046591753,-0.845457825393878,1.17636423733517,0.213572143227725,-0.971676966517515,1.1048858286543,0.099566370510073,0.118895152534758,0.457707611421186,0.0476530714828083,-1.03889278032261,-0.26761104323493,-0.128479162772506,0.0446164333971652,-0.0347185209183341,153784.0,89.1,0
2.01360754800699,-1.468550110975,0.322607732624828,-0.447004009665943,-1.90013434138804,-0.155302129599291,-1.59169233696289,0.144753036155596,1.09705570819817,0.499557879223981,-1.39669847165944,-0.416056323070925,-0.414758680240663,-1.10055017035106,-0.976796702726333,0.920743226630819,0.539478829485577,-1.23761282137664,0.790541768380157,-0.0061978887818817,0.15926425761445,0.650540847169513,0.205542154850168,0.0690761987441371,-0.378891096256421,-0.195096798478633,0.0502467486688984,-0.0301403601643609,153811.0,50.4,0
-0.613695895305449,3.69877241384725,-5.53494116176501,5.62048638535855,1.64926285038792,-2.33514498091385,-0.907188472777421,0.706362095310651,-3.74764612466131,-4.23098383571181,4.43631907416962,-4.50380121641622,-0.954361345864011,-9.86137210765166,-0.505329037399437,0.269281953090911,0.591319064375358,1.79599192045908,-1.08520791024384,0.354772932978025,0.319260753518317,-0.471378905146116,-0.075890410682347,-0.667909264857987,-0.642848415713801,0.0706001067101182,0.488409527815439,0.292344974289491,153875.0,0.0,1
-1.01451156471272,1.32740637172472,-1.5182407011312,-0.88218081181118,1.39611968647612,-1.3859107603539,1.64621610219839,-0.3573342440717,-0.546139895905588,-0.641288514884413,0.847310518505362,0.489651299490624,-0.0113200477386843,-0.453860805170056,-0.873678201317941,0.213579811194286,0.0017287936071616,0.733695888517537,-0.258832938020959,-0.433060146321798,0.224558341588114,0.735693201374878,-0.114732750466763,-0.408277495811677,-0.322669405277986,-0.453788584858091,-0.619394698254659,0.0039190012210878,153941.0,35.39,0
0.141723842075985,0.42390086796522,-0.406099065022223,-0.0568404313789068,-0.290144396257485,-0.0739492349888523,-0.434686501208753,0.686393817323658,1.24217322049278,-1.34713902640223,-1.9183324943561,-0.881922232767115,-1.92123080298191,-1.37163754605765,-1.12749856864016,0.472349166882735,0.972382940683118,0.860936220550261,-0.348706281963483,-0.372663003178723,0.249450438476488,0.852816545511887,0.0425315421476523,0.50492167180956,-0.702095533466946,0.59104341394895,-0.0655357358033715,-0.0188909922821818,154074.0,19.0,0
0.0466217161733807,1.52967768979611,-0.453615431581372,1.28256869092581,1.11033330430038,-0.88271603677586,1.04641961287199,-0.117120889435905,-0.679896758880022,-0.923708586587095,0.371518807155296,-4.65403733486969e-05,0.512255130763733,-2.09176178331404,0.786796167096387,0.159651612179485,1.70693919802755,0.458921667945283,0.0376653241714116,0.240558962692331,-0.338471930001555,-0.839547060460993,0.0665274156659575,0.836446527969178,0.0767903340099275,-0.775157545552892,0.261012399069336,0.0583593223030088,154078.0,18.7,0
-0.964983408084123,-0.38727938578569,0.873550876027063,-0.604786257612828,1.12183336252411,-0.934030455933459,-0.523274196540301,0.319420666050605,1.1037412326687,-1.27482937330674,-1.36220585036581,-0.444243965940153,-0.401014374373811,-1.54544382096989,0.449121548098425,1.14699511606304,-0.156464356926959,1.02976182879711,-1.0831033357447,0.209344001138344,0.0449916322529458,0.0096741700068472,0.085446505285175,-0.797367827307115,-0.259423207520406,-0.507118935642989,0.325009838720927,0.167953129103051,154131.0,13.05,0
0.0135308205861864,0.827122407585395,0.182789177240729,-0.789144037281956,0.693073181987693,-0.515236261234823,0.923017648888694,-0.0397870650825234,-0.352384643497228,-0.264556023865262,0.606133695095821,0.979248924759264,0.43391379618454,0.204545513936354,-1.08212749965654,0.119338612907451,-0.748459111364757,-0.290053180729392,0.254136740534141,0.0088240649047454,-0.218521622475339,-0.458647734845619,0.0210593505849969,-0.390144513220056,-0.474654233783308,0.144760907584744,0.248600646694742,0.0844262830769505,154135.0,4.49,0
-0.860506813749347,0.0050770695047716,2.70333989504352,-0.852577754752953,-0.257730516943523,-0.114758137399297,-0.0291120271160125,0.213778149642153,0.472940003242757,-0.575529964238083,0.460600565594971,-0.672596827736663,-2.27930178928848,0.0118265887819174,0.0565502971209391,0.810898221540841,-0.836463945181233,0.898926234803743,-0.0518593887454248,-0.012218406765526,0.0398025084709399,0.0842673528759005,-0.267444616175223,0.0462459350984938,0.0747777051900329,0.557193646202885,-0.180570867829129,-0.169223843096078,154137.0,15.99,0
1.98428471076432,-0.992072001803237,-0.63845906529518,-0.376035290182439,-1.05891723925466,-0.618752387024584,-0.680211637109907,-0.0985517790956828,-0.432180415236786,0.994461118637741,0.722125562004381,0.772819908638736,0.291208977654232,0.0966631056833059,-0.535576447024729,-1.17611816256488,-0.366452680957393,1.42766468799556,-0.60597484230316,-0.484069593988282,-0.288231911576004,-0.358271677958388,0.26402550789249,0.0772118682129084,-0.46112263177818,0.508817903786527,-0.0436117876579458,-0.0502809036956797,154179.0,63.14,0
-0.549615438496227,2.21907469290599,-3.52202432215688,0.236995179253694,1.0874688565719,-1.23553009267737,-0.279312556848985,0.514360709931382,-1.84992742118892,-3.44381902213252,2.21400028680889,-1.6898355101423,0.498437678119739,-4.39363360177944,-1.27084139528992,-1.17662872177405,-1.8597389700645,-0.0494185884951729,0.38526260953691,0.126517943495233,0.364130240632527,0.210428090003568,-0.366018663493106,0.0158025669543916,0.349211539966759,0.647302275361242,0.17192919537209,0.11718822829994,154181.0,0.76,1
0.152225177191918,-0.654347769735507,2.03235516413085,-1.46614112625668,-1.46958951661457,0.277770717324207,-1.0476410397055,0.331134476656102,0.553238708220311,-0.191079136034623,-1.61389279345133,-0.663079259196462,-0.136850975491079,-1.43631177208271,-1.13689979434789,1.10064398528297,0.304033713552413,-0.828999692368133,0.345118618909265,-0.0003386746373887,0.426750032015746,1.46930396416033,-0.0744087407043986,-0.0376081891557661,-0.578450843255338,-0.0927836430405049,0.14975583027085,0.0613674233658003,154217.0,20.5,0
0.301450449301885,0.789649792769728,-2.3129287159711,-0.195377744300748,0.781364219943361,-1.10080880370036,1.15888129089802,-0.0305093289670389,-0.605198029584408,-0.082891326948046,0.149867547698055,0.154992534404166,-1.06927023196993,1.45865907898512,-0.5403297409862,-0.913559201733049,0.0078486729059051,0.3597938698007,1.35882484814834,-0.282160096002967,0.479609442656269,1.35306370490932,-0.167503066374508,-0.476377679632541,-0.23942516845396,0.447801035396939,-0.232270915227835,-0.102871673927187,154265.0,57.0,0
-1.60021129907252,-3.48813018118561,-6.45930280667571,3.24681566349703,-1.61460769860713,-1.26037454854632,0.288223321921388,-0.0489639910109505,-0.734974617920653,-4.44148408070017,2.94437484242405,-3.80546898374331,-2.10222683492697,-6.1061832734711,-0.641736399701777,-1.55596289626148,-2.08406707082134,0.394247352869229,0.0833797227600835,3.18935489592753,1.19117480721903,-0.96714144500067,-1.46342052446637,-0.624230851495284,-0.176461532068143,0.400348351070197,0.152946864261687,0.477774924576796,154278.0,1504.93,1
-0.0829834650336291,-3.93591892431521,-2.6167089860612,0.163310074791927,-1.40095182767067,-0.809419404822953,1.50157983974791,-0.47099958719182,1.51974319879361,-1.13445381068391,0.71387764641859,0.979674835308759,-1.33903126624009,0.984993219111346,-0.382470968292812,-0.934615796103053,-0.0524194348357059,0.51116178431397,0.731998749113651,1.87861160253024,0.70267203994139,-0.182304775613767,-0.921016986180311,0.111635488151138,-0.0716222119619373,-1.12588109590433,-0.170947427341269,0.126221382847378,154309.0,1096.99,1
1.86659982278179,-0.129713336459847,-1.84673341800423,0.593600270262506,0.0939186360397538,-1.37475466364754,0.362479251599811,-0.370880769998014,0.636879956975837,-0.514715105812516,-0.421055859433076,-0.124528212623849,-0.333282594456904,-0.634618896404354,1.00141416497143,0.193838351632314,0.450539299825746,0.497045841154597,-0.506331035680262,-0.0366567334387605,0.251243811991697,0.672068106526009,-0.103240999421763,-0.152281127489256,0.200144555013619,-0.103068789432834,-0.0198413800617911,-0.0163421525110583,154425.0,100.0,0
-0.570199670409943,-0.147488260684165,1.16532178843976,-3.1773804213856,-0.205679154465345,-0.335197821563821,0.0635758062475195,-0.0265581303047539,-2.19505415021383,0.603185030913073,-1.48194720544161,-1.35675543942653,0.315320112884598,-0.606223174921161,-0.746561243390186,-0.359404225504072,0.174523388777503,0.0607184980523017,-0.578583726518136,-0.183466252263989,-0.245228438668006,-0.252130342474869,-0.402054089968149,0.449600126830565,0.834745343625431,-0.120674358900929,0.255145673001459,0.109084756478615,154465.0,10.0,0
-7.38154698606367,-7.44901515872674,-4.6962865237175,3.72843914957409,6.19830434711234,-6.40626663445964,-5.83145156036761,1.45717491941563,-0.6462025802667,-4.02912871953916,2.52894302060173,-3.308721722205,-1.99200968898389,-5.75721608217278,-0.877323474271716,-1.54755182348258,-1.90901678581052,0.500567470429737,0.136722438174659,2.93275812573212,1.17657484784395,-0.978692051214679,-0.278330343454922,-0.635873793806618,0.123539440325404,0.404729308452323,0.704914653621431,-1.22999168169143,154493.0,35.0,1
0.667713641374798,3.04150237620527,-5.84511195572955,5.9675870384467,0.213863332794167,-1.46292281110712,-2.68876058357809,0.677763512400754,-3.44759589638668,-4.70757080611204,4.90581986504193,-5.20837397192841,0.532498380473016,-10.5440113995705,-1.3074187011067,-2.1335934878907,-5.13308149079721,-1.06215078075411,-0.819371096333784,0.558424597641949,0.32976014592914,-0.941383471890008,-0.0060746623400234,-0.958925352213278,0.239297864946551,-0.0673556786513241,0.821047585911653,0.426175251596766,154599.0,6.74,1
-0.679520574101316,4.67255275192187,-6.81479843997791,7.1435001202707,0.928653839059275,-1.87301315334323,-2.30668902092068,0.993701927710531,-4.94405415592679,-5.57641879575659,5.78365443891613,-6.11770391144604,0.61416484095298,-12.451498657048,0.42715247782648,-2.2558538072409,-2.12802655387511,0.706765028987081,1.09382579750391,0.872005531266124,0.566848531943877,-0.321691497752809,-0.281324568300744,-1.12025603826283,-0.0733943446607603,0.553530429860346,0.760541928111246,0.386741821030101,154657.0,0.77,1
-1.11338346370282,1.10028813227153,1.49856389127934,0.919557451902261,-0.0712915307826414,0.823926825205384,0.0460139692577484,0.904183858354273,-0.218544924850359,-0.538416344470347,0.0554030801605834,0.341318591154612,-1.56876669779448,0.435369987134566,-1.3204947932393,-0.570330716470897,0.404698622042335,0.0420352943855697,1.54251552767923,0.0259912194571099,-0.472877532444835,-1.31965281262316,-0.0318565514777563,0.595576459171113,0.349927369571796,-0.827696661804406,0.214217801372971,0.0684945283923998,154698.0,22.9,0
2.06086627650827,0.136379036195688,-1.83091727356616,0.206445149797198,0.704994570346112,-0.326118456535256,0.107436865739902,-0.0932844861138139,0.184667779994417,-0.223117037289739,0.874743032950716,0.975834882622311,0.547735367129208,-0.770674784673978,-0.522416300317121,0.600599476068528,0.0552210560716877,0.25062362555498,0.483210531602379,-0.101952655239343,-0.332737371308902,-0.861057423287427,0.274815140530421,0.113351692655629,-0.220002590944115,0.176279367880137,-0.0635924747468813,-0.0435605278190964,154759.0,0.99,0
0.066748597292439,0.851163921226678,-0.0948931279563397,-0.959827474274092,1.09202209483477,-0.110305902171011,0.927959676115447,-0.0221677186828165,-0.379056983375294,-0.274918762159767,0.0659825161979796,1.01735071326918,1.05981108215459,0.0620741178578903,-1.0863392752066,0.299026613729315,-1.03137619550011,-0.124800239395923,0.515443810579734,0.0569563452118032,-0.2605515909204,-0.546238286945905,-0.0791376358633883,-1.07698568638288,-0.365491181654775,0.186591706954913,0.252081978136139,0.0782186525437085,155001.0,0.99,0
-1.20870455007487,0.263794308918375,-1.30286534520072,-1.03829015940047,1.71465863419023,-1.60015528954341,1.04451399920819,-0.0013584745226871,-0.737666485961928,-0.740609548074727,-1.45318316038048,-0.308499517731737,-0.384202433987188,1.0101991664342,-0.488292741996935,0.0345709007238189,-0.543171608229422,-0.371961413923033,-0.588641045190584,-0.176990961159908,0.328851313662628,0.529490424347828,-0.239585187287673,0.54814598595698,-0.207001078134659,0.541250470164332,-0.214483547206914,0.108036083515252,155013.0,27.75,0
-0.512348993642627,4.82706041999945,-7.97393924909553,7.3340585164719,0.367703644775346,-2.0551290853684,-2.93585569967936,1.43100813095171,-4.54472224374179,-5.25809597551632,5.71631869503674,-5.81040712597652,0.723292646283101,-12.2891333850899,0.378773196301938,-2.02073438121173,-2.03970261739192,0.658182927257658,0.832574035012694,0.804101330337598,0.535619750720892,-0.459495920284509,-0.0093636678425974,-1.1404357941897,-0.0064452687432379,0.527970329614587,0.55888099608345,0.126516761960086,155054.0,0.77,1
2.02072526966477,-0.0224472731535148,-2.00178496137209,0.474514828498168,0.533397224696211,-0.262871952644249,-0.118354877421765,0.0242640762001444,0.69595988888404,-0.489468836286871,0.576333893048053,0.207568178308243,-0.903409801459799,-1.39542553509426,-0.966554474257275,0.503267695580548,0.846058281946323,0.944474247080273,0.351526104783729,-0.165851935938467,-0.0214643639280869,0.138331822675199,0.0101480241380399,0.190381357942275,0.112150596738506,0.614769196274093,-0.0557850183376041,-0.0385472508915583,155065.0,9.49,0
1.92621322588057,-0.931450763992298,-1.39481665432414,-0.358271851401651,-0.587123542680982,-1.00545211106748,-0.0128906696424191,-0.318159601030822,-0.903471031483893,1.01658745087389,0.799836985359455,0.798047644515108,0.209136350531516,0.451622556922911,-0.902599879190678,-1.59036624232878,-0.170789629202566,0.96779861579454,-0.372640590063556,-0.389806847326646,-0.401079547946441,-0.82800451460403,0.205175103919498,0.0734119507234501,-0.299339865227688,0.443481369093991,-0.0929016559851039,-0.0543572531028186,155121.0,116.93,0
-6.11680401731605,-4.75136855509845,-1.83030528635652,0.421114511089517,-0.319452622875071,-0.396415241364136,5.00779979618811,-3.25022151253991,2.56714768813613,2.36152215244446,0.227865737103188,-0.472664056212389,0.0656313789205591,-1.68064568541543,0.884840283335311,0.0642390233593325,-1.34003095852231,-1.35904223319639,0.524920103712346,-4.56903431323283,-2.59369051274323,-0.177025715082539,-4.06605072730313,0.643489909167657,-0.528850657074176,-0.0458412341355475,3.30751262495557,-2.11705008969515,155204.0,1545.02,0
-1.19457589592974,2.10158778124929,1.16425744682001,4.14147259269844,0.375332846131152,2.75842631449137,-1.33409068615921,-1.70134638040507,-2.46332792488881,0.576741506565647,-0.611140727608492,0.305315061487877,0.510396708141682,0.575045398258873,-0.559754898102034,0.331095288996775,0.137830155928256,1.0684523421484,1.70682886511263,0.823817030959856,-1.02414475232622,1.11585258083091,-0.30582796816183,-0.176139276134019,0.466245698168481,0.691743875169797,-0.0399701874945337,0.046465291493903,155254.0,21.23,0
1.97985010983468,-1.37789234927176,-0.588955847759465,-0.935403026093559,-1.20010480913918,-0.108677535637134,-1.20359975426789,0.253155823118912,0.188636765513738,0.908212865094395,0.605486921162164,-1.06328481105757,-2.39785130408937,0.267306192138192,-0.106958459169153,1.54177249684124,0.063555188372123,-0.756619882305198,0.834957269379126,-0.0250468441790514,0.0217170473225273,-0.268876956572875,0.390903758015478,0.609377197547291,-0.640420257701639,-0.533988610154625,-0.0225602332954604,-0.0369275098460115,155336.0,79.49,0
-1.067713272294,5.26231210944906,-8.4385670664835,7.31648729995658,0.0082535729164869,-2.12593631959976,-3.3070357352934,1.86983752340028,-4.52258362448849,-5.17281182346005,5.59112619350265,-5.64041745782421,0.784510038605689,-12.0438056158463,0.353814874886981,-1.92055816814255,-1.87992827944447,0.679751299229409,0.797641375455208,0.821404548671474,0.547789786518153,-0.491959821843257,0.0559141341245579,-1.14536853471475,0.0689513455242996,0.535054734945035,0.539263072143882,0.124255055772618,155359.0,0.77,1
-2.2466674807169,-1.14131221045946,-0.286064492604191,-0.0068534678478803,1.64995306440773,-1.80973883979944,0.828254770395096,-0.643980181515866,0.771740347145723,-0.840694728071188,-0.262596904801794,0.329911030093853,0.657353751424734,-2.29450227016437,-0.339727951435099,-0.0011578438091303,0.863181487608478,0.0102341816563079,-0.0368780632824522,-0.225283363767691,-0.39528984316061,-0.477286875203297,-0.465705691455481,-0.0093425840914616,0.125018018031265,-0.213919601295743,-1.01273009819974,-0.442891493481119,155390.0,64.24,0
-1.92047929002242,1.69874318998185,0.829216307471723,-1.44601864650056,0.661745257232723,2.45110732270057,-1.26948763079273,-7.35027410731065,2.59389660756644,1.84117531810738,0.0952462811905283,0.237837875971345,-0.431523103514388,-1.45871164362302,-0.0175080494024954,0.474129913317098,-1.58937141654681,1.19919994802306,0.0830146171441007,-1.08744830996598,6.01828804221965,-1.585589383923,0.636164441031172,-0.5002261564164,-0.560508968660772,-0.672381130878906,-1.45003310927418,-1.2534324382524,155464.0,9.99,0
-0.324495024735853,1.21988133793306,0.0770729266234764,-0.926064551908533,1.3312878770239,-0.434761385245597,1.72520715298089,-0.986825384115844,0.82468109971165,1.7415507541604,1.33922282872604,0.661711275437464,0.549590100605534,-0.615242868482491,-0.111681630226847,-0.674457457797402,-1.2236208085945,0.424712430516371,0.248454388168734,0.722892127456165,0.149583886186921,1.50109464631176,-0.239287015752135,0.810959408628564,-0.74795170110537,-0.391805647824211,0.032041153539755,-0.393810684677347,155479.0,2.32,0
-3.22776541085329,-9.35861256023001,-5.66857576153141,1.8046067681374,-2.3552505592179,-0.118475879532789,4.17157402466491,-1.14708934338905,-1.43765333817928,-0.236675679254376,0.572384165266733,0.201252758802439,-0.498136984756097,1.76237377646723,-0.476881286455389,-1.91538586082328,0.0370729236560668,2.03289812955461,-1.27288301694456,5.02800001769936,1.67377184678586,-1.00464023998466,-2.5801249317371,0.916934495622166,-0.365938734830247,-0.228847923844147,-0.597983980291643,0.404910888593477,155486.0,2820.05,0
0.711155481810016,2.61710490740972,-4.72236322125,5.84296995871769,-0.600179298610849,-1.64631317703679,-2.78519836554505,0.540367735499417,-3.04402909749745,-3.92650993997042,2.75783745850663,-5.43735368941346,0.546878907367748,-8.39657296658687,-0.810715738936796,-3.01429397773507,-6.64248226272335,-2.58402822440731,-0.820354414754465,0.46103194379752,0.360500881641394,-0.865525509838014,0.139978107568553,-0.336237870703344,0.128449337645535,-0.155645815012462,0.799459945626899,0.392170236404553,155535.0,3.9,1
1.86822575153021,1.36307703789779,-1.99493428288271,4.17351574396431,1.23975095036686,-0.746186461637677,0.572730531134135,-0.131234840026775,-1.55183852136659,0.228849430580481,1.70189470812283,0.144622386270367,0.104087683833243,-2.95416672265135,-1.37412192590939,1.88941745516528,1.71451073880902,1.10465991097437,-1.59744021309102,-0.172216497505385,-0.301001481390408,-0.818972281356086,0.206812306872685,-0.263683031819147,-0.114958101067535,-0.240672123611963,-0.0066294488588389,0.0172577348698229,155542.0,3.14,1
1.87823003111341,1.32562957435462,-2.33346899289515,4.23315121365749,1.35518399558821,-0.853508247169998,0.716025067921391,-0.164909788991874,-1.50234450491057,0.259411077154011,1.45123754814542,-0.280523276849375,-0.756794072389194,-2.75755676655084,-1.70628501758252,1.58746039125258,1.92934969114042,1.18943290293776,-1.53016232603362,-0.226108020608619,-0.152130790009807,-0.360735866229707,0.0434144058266633,-0.242379535720923,0.171097766325585,-0.0026009879775509,-0.0266665673926497,0.0052376673818857,155548.0,7.06,1
-1.04006722316026,3.10670266443901,-5.40902719870311,3.10990342442989,-0.887237039790953,-2.49752183582566,-2.07334746311485,0.639818099305764,-3.01333057190308,-5.9548382969224,3.58639450927204,-5.51714762692598,0.683652475018798,-8.5604228759795,1.85609491585409,-4.87824808848093,-4.33599801203682,-1.3771910852015,3.0573817418767,1.05439010295385,0.773960867519738,0.214868420362258,-0.184233022038014,-0.284091370881042,0.493466608549931,0.732328821135949,0.675066703315442,0.337076231470716,155554.0,94.82,1
-0.0051175303206986,0.774492597200741,0.3413224843953,-0.673307101596613,0.365292967610027,-0.869961587694451,0.867601676446748,-0.0311327380955678,-0.216586305066514,-0.223560567039362,0.749893648633739,0.5283064500214,-0.709267105535916,0.437517719253272,-1.04275119593076,0.104880055341818,-0.59007100736437,-0.207802671961251,0.17476897989909,-0.0712530073750347,-0.210071470555793,-0.492353336101339,0.0751130740803786,0.053678930670603,-0.552915882357052,0.117134912911881,0.23959272839278,0.0868275715178721,155591.0,2.69,0
-0.0255821262659118,-0.205433258257672,-0.665286151132511,-2.79764337885699,0.689936672475546,-1.20371867988176,1.23521173780854,-0.7996808480278,-3.08069764747776,1.41904152937566,0.429148197259201,-0.557762284896546,0.613249061861237,0.019753538460053,-1.86088345133767,-1.29296722570091,0.190038092184075,0.236380584860769,0.25993501675328,-0.290492536776625,0.217725502518653,1.23906027723771,-0.53839565972091,-0.256728639549778,0.359307572321586,0.182607625963918,-0.18954951819638,-0.0793281587519194,155598.0,46.0,0
0.747648641877013,-3.9717318303761,-1.66175978212325,-0.992807080740895,-2.14687552769817,-0.200082611547221,-0.263675270142972,-0.256365643814948,-1.34308749689387,1.38148674360051,0.317716567245236,-0.431864214144388,0.015836009018653,-0.0367480887229376,-0.647819152729157,-0.0860540141739284,0.15936737847724,0.77284584173238,-0.0249351855830565,1.14343065120724,0.341595565180073,-0.324852915605123,-0.482358703945907,-0.330124667623369,-0.546510543596831,-0.259507742632673,-0.13464678888263,0.0756442371366703,155606.0,800.0,0
-1.92861326665902,4.60150558710842,-7.12405297794577,5.71608803673092,1.0265785454506,-3.18907306708797,-2.26189690158112,1.18509635557546,-4.4419416151592,-6.64615382952148,3.8278680907164,-6.51864882248249,0.25113654845891,-12.4567059527055,-0.649166482109423,-1.28314500024635,-2.71855972503703,-0.0854660890712058,-2.09738547120766,0.328795983029392,0.602290585417557,-0.541287465014078,-0.354639278954951,-0.701492058320209,-0.0309729820836431,0.03406987758686,0.57339303199888,0.294686316081238,155662.0,0.77,1
0.138021861895807,0.501264202903816,0.331304737197518,-0.491022549819928,0.841520929353185,-0.602087608130522,0.989996954769892,-0.275896454184662,-0.197484274152579,-0.0395198312978425,0.387011444699023,0.154943869318775,-0.833878556847603,0.37317069253028,-0.783687021206652,-0.0854688450126938,-0.667334930920995,0.0342949067439941,0.885762868460392,-0.0552622482902858,-0.14972465052763,-0.250904985231252,0.102135958289386,-0.351314892971997,-1.30403277845884,0.0705707536406429,0.0183130381380271,0.0060320881128728,155678.0,4.99,0
1.83187111381301,-0.573948348095127,-0.635810002539371,0.0976836774599264,0.286456721629386,1.68288432179639,-0.967581829006414,0.63052571430354,1.34642189029809,-0.271399813799521,-0.0441666656377419,0.297865500717371,-0.625313699140792,0.234984246401963,2.20891104577847,-0.909671967897817,0.531810723460342,-1.51737362894832,-1.89376098276578,-0.383021855560781,0.312998737996893,1.17239415632356,0.313367134727029,-0.622678936256951,-0.453510307407935,-0.145594262120372,0.0968022614535259,-0.0470504727494947,155942.0,1.18,0
-3.09786508519498,2.14073756454046,0.182733047628343,-2.90570020695322,-1.1750524861751,-0.431003527155967,-0.351657243851016,0.425758514004672,1.44673844837706,3.25488866581497,-1.23014206009489,-0.750359045622713,-0.662899197406514,-0.92805094627646,0.194798167590175,-1.07537853322985,-0.366749140280323,0.903531609703466,-1.29157045872547,0.849118100751032,-0.878643173661847,-1.4817446662359,0.249453459281142,0.641274356163562,-0.132503801657326,0.841218485220181,0.753290953222295,0.513042162818063,155952.0,2.0,0
-1.20139778318497,4.86453518123444,-8.32882331553453,7.65239936205533,-0.167445105903909,-2.76769464972835,-3.17642095110716,1.62327867967437,-4.36722762476754,-5.5334430286147,4.1064045585523,-6.33182479621436,0.671784814909419,-12.1565865835299,1.02025178475153,-2.11086343309451,-1.55854452752772,0.195991826282669,0.502453451135321,0.597025549850308,0.532320016259289,-0.556913021850898,0.192444399731584,-0.698588444235578,0.0250027161193826,0.514967603188505,0.378105295962737,-0.0531327938498238,155965.0,0.77,1
2.1331500457257,-1.02625573141815,-1.26904691458588,-1.07416726342283,-0.485965491667275,-0.391061848148741,-0.641352656228153,-0.0725343017990743,-0.071620804124045,0.764489072343854,-1.40579292654684,-1.35008409138969,-0.961060692250798,0.0691345794928213,0.524287183154842,1.46398806461961,-0.0592316286637168,-1.44344588957425,1.0209553652293,0.0480850107572625,-0.288276963784294,-1.12795518904835,0.402576902785089,-0.0119379869632641,-0.509430719727597,-0.683369119258344,-0.0378713247109779,-0.0367681399915505,156228.0,68.95,0
-0.215870846201694,-0.144253278204204,-1.19581600156883,2.81264836118579,4.20557766305771,3.87766329379787,-0.545769422609766,1.11646653307,-1.29136455848513,1.34512336860017,-1.0074367947371,-0.360807846223664,-0.28848458651516,0.277274331597536,-1.14239250759065,-0.0982378927369508,-0.376302273990625,-0.298671550729482,-0.63108970133298,0.13125345418916,0.410647280870218,1.01487291105455,0.44024886525206,0.703065685903602,-1.84085429331067,-0.0660539331459215,0.373719492065545,0.385985659797543,156358.0,7.56,0
2.03881613937671,-0.0224250857908027,-1.65632052862702,0.499321643587266,0.213118036213066,-1.33338155825005,0.556813426436444,-0.43877291658464,0.610017076267741,-0.0734815230512037,-0.873595588752035,0.391209173892643,-0.346710992121437,0.522592918631261,-0.249483747074701,-0.860321544271794,-0.0193652493474658,-0.707283303431204,0.157325549179771,-0.256451452937437,0.0099237565725842,0.242723955131729,0.0278475380268735,0.0108490572468978,0.336279735926633,-0.21875458584453,-0.0367308402161186,-0.0647459054853038,156360.0,19.98,0
-0.36226886759654,1.32367679289016,-0.744795380840186,-0.827444777215806,1.05661017218446,-0.0718661803259733,0.576714983895743,-0.688407170975226,-0.0184730857762654,-0.294515957086983,0.742388670323157,0.517724330421152,-0.0856087945303454,-0.871800581513894,-0.860887327907912,0.565031842789009,0.0965614008646038,0.311033712926531,0.0802977274523728,-0.0148757343672062,0.420791506040135,-1.05214741711419,0.163207943747141,0.0988665231849897,-0.349952964908059,0.133810008035944,0.37010704057007,0.134334936407653,156365.0,8.99,0
2.04204057019452,-0.15800260970758,-1.55496196481064,-0.0657783684171088,0.275419451097571,-0.626487283460874,0.148731569820997,-0.109555424752344,0.518407048084992,0.0672362742975993,0.870920020183723,0.711698729601479,-0.954070716167333,0.784393917094427,-0.427767877324213,-0.301715423718717,-0.362673922338026,-0.174203528161726,0.502077652351089,-0.265765531969009,-0.0998029852765632,-0.210117718295522,0.234517650276775,0.692778567405743,-0.0265781260363357,-0.125550917855717,-0.0607480775813425,-0.068411203822119,156399.0,1.0,0
2.03440395962397,0.0078159920787945,-0.874429045515198,0.509000155169089,-0.294068875650048,-1.44102678207249,0.234427051386707,-0.396719076874385,0.419797682188264,0.0549837902108991,-0.259283960193144,0.904122328278445,0.603694956733542,0.178438710414689,-0.0582431245873651,-0.257067751847231,-0.169841229033052,-1.08265823467244,-0.0167448283029983,-0.200175500450665,-0.254905005089904,-0.570802786936582,0.38559549464853,0.476526549749447,-0.333648897067696,0.16780075748398,-0.0660375108126387,-0.0544632151962778,156466.0,1.1,0
2.04060896521262,-0.202946020260964,-1.20463539535273,0.238027922019828,-0.0449150791727621,-0.736658339235899,-0.0119251516551733,-0.0945614315666613,0.498076290487508,0.280239722433263,0.452809708270524,0.33916642175048,-1.24816536902992,0.708320296955532,-0.496226760842393,0.244659838790806,-0.58165000755688,-0.112475233556696,0.564709255033589,-0.284833425029329,-0.273225423232088,-0.75069617294752,0.303509170817432,-0.371122644184634,-0.32933981802084,0.202574293003502,-0.0833959394706906,-0.0760802060865476,156471.0,1.98,0
0.136949870899663,0.967568623309339,-0.6120558527693,-0.795515488437882,1.27266679759493,-0.11872411290988,0.836836316003447,0.0989882611720495,-0.267122689006009,-0.670420546408379,0.562320201963048,0.398510961798956,-0.0069097978849851,-0.844050276633783,-0.849935023205309,0.630563950609568,-0.0270311114991003,0.371852691837609,0.197114399475061,0.0353196604357702,-0.321857158767875,-0.801683699088135,0.0166800223452808,-0.0722755494212446,-0.394260178644305,0.134150832907795,0.221631305737206,0.0678451725446907,156647.0,0.89,0
-0.129777610843349,0.141547455482355,-0.894701869697703,-0.457662244561315,0.81060798093987,-0.504723385101755,1.37358754607199,-0.20947645080755,0.208493953635169,-1.61361833850235,-0.800150416391868,0.501435242117417,1.11801432626547,-1.81638414654661,-0.681282550845059,0.105946450120805,0.716591309767583,0.205284622719977,-0.0513220971157383,0.399447041317156,-0.0326432954176307,-0.246526436107371,0.484107764666265,0.359636576631937,-0.435972450825985,-0.248480311517488,0.0215269254860304,0.109191896780292,156685.0,187.11,1
0.202402312000145,1.1762702245705,0.346379123966988,2.88213779866317,1.40713333279049,-0.504354582435915,1.43853746015701,-0.395603478739171,-1.5551416238588,1.08151398923906,-1.51420473629918,-0.97376404264957,-0.709928478785898,0.141331683969234,-1.47031415230732,0.418268345647957,-0.828192503935611,-0.302239423372689,-1.76235002438458,-0.206238791066218,0.242560469143593,0.841230120611063,-0.370156596962237,-0.0260123796205956,0.49195423236033,0.234576263356619,-0.279788418223114,-0.331933388032899,156710.0,7.59,1
2.04420084773937,0.143748161193442,-1.71986069888416,0.53736327514937,0.115230105120532,-1.45919849402967,0.209708058220193,-0.326822450924033,0.70717200842149,-0.458320086845099,-0.43144469809684,-0.329870638885046,-0.784987930820271,-0.567742528385848,1.03070825050098,0.180623500238483,0.497489384682177,0.506498383400571,-0.499800128285516,-0.258780271852715,0.193661235334781,0.700402923263016,-0.0060270137131245,-0.0981405094301913,0.211203323341571,-0.0959264906637141,-0.004625227013235,-0.0330169897694969,156756.0,5.34,0
-0.576524691022845,0.95772149997106,2.09846707798387,2.77774593970928,1.33762133135871,1.29018758646649,0.793812447669573,-0.210401016393293,-1.16334943764157,1.15996594480802,-1.57522867272967,-0.486020147662863,1.23764477196625,-0.966623578629727,-0.377717906777482,0.921246955346547,-1.29817572951982,0.297962887146071,-1.23669603196758,0.173688302903632,0.218814402913655,0.946771828609224,-0.380472968579619,0.200145020296179,-0.0034662350366765,0.123899857154197,-0.333769903830825,-0.253771020262961,156767.0,34.99,0
-0.148329320703912,0.484523083296274,-0.696353883115432,-1.52752689907833,0.598117744686712,-1.3816526764493,2.80518493987283,-1.11682806696755,-0.013395348075953,-0.427557287295592,-0.868225321848808,-1.30968793175154,-2.1108673008829,0.691662790117492,0.261549499711006,-1.40611328025151,0.0935983237179992,-0.422492643090453,0.887323522087217,-0.0264933586838428,0.235329951279008,1.09183503849031,-0.490235794450684,0.0884694963170719,0.339945112661661,1.05482946041661,-0.398024420243482,-0.372052934374162,156809.0,170.88,0
1.60192557517482,-0.319904686506264,-0.186961889255086,3.80380057918949,-0.335542335495489,0.596824653769103,-0.492681544681457,0.293489317694234,-0.106857409472529,1.43067163358978,-1.67624528986241,-1.69485368397463,-2.37348265137244,0.443475016059992,0.327461562376264,1.52734068163855,-0.928193297633757,0.434714476062163,-1.9565743231719,-0.116655346700316,0.249708607754293,0.267552486197369,0.146518951034662,0.575073329306744,-0.410339411528269,-0.0371156479898545,-0.0375348651802514,-0.0047122136378139,157043.0,150.52,0
-0.582738434442486,0.0961056367123094,-0.563835801085595,-1.61249256537972,0.428421995945754,-0.237520992677447,-0.138572448569058,0.47530181095952,-1.28029685062941,0.285124067227259,-0.318827616831118,0.0926611949289973,0.0468815964320722,0.650533435137113,-0.489211502275606,-1.41871837444825,-0.424364753391906,2.3049767397564,-0.13397106182959,-0.334893428002678,0.101684134946181,0.690003405114681,-0.182401576441542,0.11411788478815,-0.384317236393676,0.248895872008234,0.325066524003671,0.139128056999934,157085.0,13.02,0
-0.0418449340673736,0.259880560134884,0.756810890636,-0.699162599883514,0.308500190314233,0.1008424216498,0.0056162993287031,0.114666964966963,0.787168737304638,-0.537482703541437,-2.14943915876444,-0.543233121653381,-0.241609814596445,-0.377557435291739,0.0880097578010258,0.591737795520239,-0.899459501384007,0.429588389062368,-0.130723317524852,-0.172931256659334,0.186111466058471,0.625387305792808,-0.209521154766005,-1.02297772333389,-0.434758479281649,0.550903954029331,-0.0886746719931455,0.0535194980047929,157089.0,1.0,0
1.17075621526687,2.50103820829712,-4.9861592332247,5.37416005823382,0.997798392058317,-1.25900447846418,-1.23768881403143,0.358425624933301,-2.61248850396066,-3.06472953093127,3.48060170327307,-3.73515295429888,-0.594777601745956,-8.22995199210048,-1.47609403608015,-0.408470612919959,-1.48128347210329,0.347626692232083,-1.16441437126035,0.227618255472955,0.123145442805288,-0.713201110003824,-0.0808679133866204,-0.964310260780621,0.338567587684323,0.068629851804667,0.481587901111279,0.268225854368505,157207.0,4.97,1
-0.510101844145824,-0.993668204909113,1.1925019450775,-2.77375633638125,-0.282407478361626,-1.14567505784252,-0.507965615174049,-0.0631956682061338,-1.81377284824555,0.624291710943258,-1.5514230539388,-1.54199829931164,-0.39833775463648,-0.468214692538436,-0.757406179402455,-0.265257954529259,0.187840446592291,0.19555675823899,-0.759992400029771,-0.331364257295668,-0.0620958779820259,0.0587102365307702,-0.0679729572931837,-0.157237519289206,-0.184547461794798,-0.278126771741108,0.116186086988318,0.150688578255849,157233.0,10.0,0
-1.09825253160732,0.362081053931125,-0.95126195352203,1.26374711855614,-0.684794516576767,-0.326650771946862,2.36401715741738,0.0739528654013135,-0.741169242968996,-0.524837332803257,-1.61080265723969,-0.928654414419786,-1.70642249749682,1.15336112452942,-0.200203947470901,-0.858129784627225,0.343583425067608,0.134010504971546,0.756319415981398,0.722808106704424,0.362477980590465,0.463132763338178,0.706885774407108,-0.099109989651099,0.183677889461202,-0.381284514069717,0.162268448557436,0.206605648970623,157238.0,409.0,0
1.98478749950886,-1.93703612313285,0.486613320865159,-1.24553576618384,-2.51853616097183,-0.544524096654029,-1.81924359825084,-0.0748748693955504,-0.659776522988616,1.40703813077374,-0.494080539349093,0.0781407474440046,1.93323157948851,-1.23170093912216,0.336300016058499,-0.0076383096367597,0.229932204176183,0.391021158725805,-0.791485985190097,-0.127857541207594,0.174010965352381,0.889288606422719,0.218247604716709,0.492384100728481,-0.584598756762151,-0.135039829932695,0.0703189571145081,-0.0002050201457929,157278.0,120.0,0
-0.242244998983291,4.14718554774299,-5.67234909620488,6.49374059630435,1.59116815595921,-1.60252259512767,-0.950462840251984,0.722902909564455,-4.12850525273272,-3.96322447209244,4.46946731169238,-4.6550713248721,-0.441775588896948,-10.1498129226371,0.612797714121901,-0.288725033933543,1.40450707513401,2.13208137860015,0.707199945685905,0.562029861091792,0.249022570668556,-0.480286305732899,-0.286080216527281,-1.15357475551215,-0.0355711283215471,0.559628209963356,0.40944648264684,0.221048104758881,157284.0,0.77,1
1.989713490634,-0.413379908816513,-0.40008456159369,0.318013808102854,-0.726534418275765,-0.746331541985736,-0.465987703673104,-0.0733497056549316,1.12972770581181,0.0136805421737119,-1.00637380461893,0.0256217448812937,-0.484152516597116,0.0636082225613443,0.594391062418075,0.483497973371786,-0.513509815363911,-0.379573245258601,0.0195161493969002,-0.201288969445252,-0.271882377935369,-0.737046167944386,0.420594339647529,-0.138736331231225,-0.653942731899248,0.240374170461703,-0.046033004641949,-0.0440988918939407,157307.0,20.99,0
-0.700434586397133,0.311719601453887,0.426775441210907,-0.87336569492927,0.890839334031309,2.55039647338721,-0.206467310967352,0.779378822263557,0.70880509029085,-0.0238291977571789,0.319130484631956,0.0201628404752661,-1.10717716194329,0.0697185318736196,0.726410468805232,-0.681455062746172,0.199939311717024,-0.752287476786766,-0.786349192957398,-0.215389358600779,0.399933933623747,1.45629316197221,-0.0643307280456176,-2.40778147340676,-1.16260046033486,0.715803764534613,0.128554771888355,0.256994151278101,157424.0,37.46,0
-0.623552778611799,-0.128601412534796,0.791126465458596,-2.43809595276079,0.0491969377631681,0.053211768392606,-0.141609740679208,0.0193241694506981,1.53676132721209,-1.04161881747959,0.108993546815616,1.28497723857099,1.22705696291726,-0.460268331767798,0.560160253398122,0.0994617851426439,-1.09211227616288,1.20815157365938,1.56927713069797,-0.210352206575278,0.187778980808813,0.906405565140559,0.145658413377904,-0.978027896021446,-0.919886874570475,-0.34554014122118,-0.0241961035149665,0.18635829017874,157466.0,10.9,0
0.333066301944479,-0.0488158689305225,0.601735412380375,-1.45502860459444,-0.352235914979826,-0.866274855101748,0.203038352220036,-0.181134739461768,-0.977920183784082,0.188240486625111,-0.683364401814241,-0.360090863362112,0.658305533338451,-0.417885460395328,-0.227695073443592,0.801353877145441,0.304249845973514,-1.87403604547799,1.02467684464011,0.129426075106211,-0.131189290383858,-0.447520211000878,0.37129415140648,-0.0576815760474371,-1.15911332938636,-0.729769714964856,0.136833653039189,0.118565292581876,157499.0,29.99,0
-0.477239368695807,0.497321494966484,1.18719917188793,-0.642804596005379,0.0358314104256205,0.255354072934848,-0.115810489406176,0.396635446271533,0.458217336545461,-0.959671833430939,0.766984931485741,-0.265384068902211,-1.31158585966392,-1.18937462030549,-0.0315833770352755,1.20920322188888,0.0270625839309939,1.33542628034433,-0.394648434506189,-0.14879255900597,0.138916621936268,0.337819543391718,0.0661940465368637,0.589634173058752,-1.01234138044692,0.236343007079085,0.0496812208345326,0.219070129841632,157557.0,17.7,0
-2.69353886870738,3.10044368971283,-2.55889744137267,-0.673985560453876,-0.9599197741292,-1.05020493531582,-0.847844018299585,2.02481930629227,-0.231623935584156,0.295327097438162,-0.106038118675719,1.6857008031583,0.900093210603649,1.70460318180633,-0.407768316490628,0.338110148596447,-0.101297811120048,0.816532937868269,0.294764224236611,0.136757173994931,0.466567982537171,1.26862048621514,0.127235361448291,-0.374555932835656,-0.371099953601298,-0.182618771753876,0.409186278840597,0.297486784826629,157646.0,2.69,0
-2.33353507264481,2.46354962218188,0.0941195136921072,4.46483394314277,-0.265535547392461,0.319256387897496,-0.208615935390274,0.155277515285382,-2.95938211453577,1.04504589444477,-1.22265002761061,0.160343713770289,1.54656272337205,1.12680738289013,0.894257121352872,0.134212690824433,0.585336201924697,0.247568522109529,1.11462971591331,-0.37267298666156,1.13845278449457,0.492590933528634,-0.374825397091449,0.0436122629170256,0.633610686193592,0.67739750885263,-0.582974717540913,-0.165175977580806,157667.0,55.38,0
1.79012266278276,-0.676921329244653,-1.40738218221979,-0.10049693190564,0.537654789886719,1.07062950945947,-0.264393915983108,0.340203741043811,0.930112260600053,-0.189151878545155,0.739739623780943,1.06863004378843,-0.564679386284994,0.442783800471179,-0.117090281782435,-0.975382654142485,0.273966009506599,-1.2301065076826,-0.203450383688819,-0.203481730838543,-0.0408136794039017,0.0483738927955093,0.157158489169186,-1.62587796029627,-0.264068945587754,0.0179205357942158,0.0054895478935852,-0.072756306716618,157674.0,70.0,0
-0.831138228215365,1.14852007511413,0.571786141489337,0.178836874627494,1.57174575602333,-1.24903023653625,1.66338741423807,-0.366841436620378,-1.29988414641891,-0.607598854896702,-0.897159907506269,-0.239456854267468,-0.104188317524345,0.698709530477251,-0.004005074812894,-0.532818716750015,-0.390070859711166,-0.327872503534486,-0.357254136361973,-0.0332765109940069,0.153395034330664,0.343013699027422,-0.597100448017311,-0.076525364097104,1.27645122145004,-0.342032665942805,-0.0129367764806701,0.0433930007748864,157684.0,9.9,0
1.39734563916074,-1.49666653917257,-0.926199928524948,0.525728520799198,-0.850909798735179,-0.138555206704582,-0.26685816855018,-0.023938809782132,1.17816731927994,-0.0525822713403886,-1.18375816544728,-0.402384860858606,-0.74122517503701,0.178581124984375,1.07883934888212,0.703397934828545,-0.685042233601466,0.380328547428183,-0.42274061021906,0.447771864063222,0.349256391843608,0.319950582970188,-0.0783430406347819,0.61035570287275,-0.435303728163138,0.482615948332673,-0.100702291734328,0.0131511758867353,157709.0,334.6,0
-0.102318316251731,0.355017385142264,1.4729474047879,-0.267198469329434,0.432963313649831,0.864003581834754,0.170403656950197,0.0894079849153625,0.0681694778015647,-0.13876815989909,0.390471602207007,0.544438214826899,0.521064806462692,-0.399394273993292,-0.0070969403901762,0.0413247041760433,-0.646901948601163,0.810754270786257,1.17321864421709,0.20274326752777,0.231805215223454,0.980055521347744,-0.252267747871963,0.304314999476033,-0.513289491251356,0.658486645372563,-0.0088058684746288,-0.060263478647028,157778.0,11.5,0
2.14725144561267,-0.911386646510524,-1.70743781131686,-1.08121823771349,-0.123056751918487,-0.526472948782039,-0.294571891453705,-0.242186844703195,-0.406899172991187,0.779200245089816,-1.33341809792709,-0.92799832254967,-0.0587987196156513,0.0236448955414936,0.214033993508898,1.15067640098965,-0.0281973819969767,-1.50455814329727,1.02405841178102,0.122064764920196,-0.0779838009596802,-0.452922814833994,0.186934782075766,0.0066968744621801,-0.12824301356534,-0.422302825655525,-0.0545148178467393,-0.0461967776619663,157824.0,78.76,0
-0.502112973235413,1.35186603328416,-0.412836920357391,-0.2615558778689,0.467122897046593,-1.23791813112278,1.16580854006253,0.0446847769772345,-0.444110246444329,-0.7393545570311,-1.127309041561,0.512542557742862,0.360845245890352,0.609044759599614,-0.592587851281732,-0.949769044025727,0.135711529408129,-0.448722187933098,0.56145111836586,-0.0468475951403699,0.12007664745922,0.543318160639334,-0.183263483858848,0.0909354118908938,-0.0115440124805144,-0.219742904983597,0.283016279869387,0.181147342922975,157921.0,19.99,0
2.23329085170967,-1.69144957004062,-2.38852352523168,-2.57775518701614,1.14357603227901,3.44120524904476,-1.59216074049841,0.792470005925062,-1.40654405612625,1.58306681617355,-0.219105097606072,-0.72149325368834,0.319497581175934,-0.199904882985085,0.190592814035743,-0.705043949806864,0.436370723424263,-0.28236885133011,-0.267079526457362,-0.307510351202207,-0.153174906605346,-0.0879417958761224,0.24366905982448,0.688319130860332,-0.138447433908701,-0.143262405698555,0.0234166575446106,-0.0528976874640977,157963.0,42.76,0
2.4188017554072,-1.16403357702115,-2.52567143208716,-1.95193692934949,0.148050609850771,-0.208126376518918,-0.4704731161559,-0.221956076355039,-1.88676151917171,1.85477039462939,-0.380216255864402,-0.969497129988018,-0.453368499937301,0.324813250804228,-1.21980285316896,-0.783463904930058,0.238832468779711,0.423500004378753,0.700852650048115,-0.468686406146679,-0.0768998452085437,0.264968765102069,-0.0945256835402431,-0.401995693638441,0.480870247828376,0.132971207633699,-0.0565731660835546,-0.0946265341381605,158250.0,7.0,0
2.07232107110118,0.502795802764726,-2.71582661336834,1.1159711051287,1.60108519720197,-0.0467562601776179,0.563961310929257,-0.141372604327018,-0.12203500494487,-0.19923575981209,0.302820998166215,0.567780026758017,0.189390411192241,-0.937835844553443,-0.993037070188107,0.248000004105129,0.358070639326694,0.8133834732221,0.24333219291918,-0.170951250880624,-0.0541342131453664,0.0550370166814885,-0.128465077376408,-0.470854811365364,0.602729998600614,-0.476876434974427,-0.0025483700491201,-0.0430537778442043,158264.0,1.0,0
1.87158359197556,-0.754304608191154,-0.750762899754399,-0.0329557372322163,0.270570311800242,1.95257557507822,-1.13269798187238,0.708344743616165,1.19316358334362,0.0677559660106553,0.531814213286009,0.45776794228793,-0.914649770479729,0.174465966919692,0.621858526534659,-0.0806124954117931,-0.119841927353985,-0.463254456668001,-0.767363768963216,-0.287668289249361,0.231608571417534,0.870559438520741,0.19803409620006,-0.916638685223943,-0.451883289100584,0.653337962160171,0.0137014602280203,-0.069494912961597,158296.0,11.5,0
-0.584705885119518,1.10256132972921,-0.546415054544459,-0.231190647286736,0.224955021927968,-1.1467724678982,1.2487186354996,0.113855528778333,-0.242549272773033,-0.743976715945213,-1.43559519060371,-0.288421367995054,-1.05417495976948,0.896062535241317,-0.426263379713983,-0.850719667275936,0.188012733558495,-0.228490626574258,0.584698590196091,-0.0215670176272876,0.129880821966122,0.40902190619242,-0.0510651651422491,-0.0253071062406154,-0.029148330144577,-0.212233285032118,0.255221183310678,0.181170874055341,158382.0,72.57,0
1.94875287873157,-0.503315926944136,-1.06752080089128,0.09651833438919,-0.0238655718929189,-0.0791042511059881,-0.237900570689237,-0.0341963616706777,0.943828236423953,-0.0263169867854548,-1.45861260464938,0.0259755746848105,-0.0054668402268801,0.0602223824576622,0.495959394706766,0.546314569885389,-0.701846188532717,-0.432226292205361,0.37488139067319,-0.0206059486515278,-0.417270700431665,-1.31951535686656,0.383612101713004,-0.0016383257194768,-0.582054620004695,0.123789482055956,-0.0717029870227334,-0.035340679616999,158429.0,76.0,0
1.96149437279444,0.144481220862211,-1.54706798043818,1.30401740975774,0.423401210523666,-0.87260037077065,0.547796331978279,-0.273771526825871,-0.0470520060499285,0.425885213261955,0.781957223584102,0.978876899060996,-0.478064127142486,0.760916028097794,-1.21126338215186,-0.560863169252771,-0.339750941694988,-0.176432450572993,0.0318595211636482,-0.281748061567753,0.111563349873299,0.487711466487545,-0.0107643025993633,0.0207633834764974,0.409271982811346,-0.512776384001169,-0.0209132844101027,-0.0699518066641713,158480.0,18.04,0
2.12818002691715,-0.0896457716433694,-1.78324899456882,0.101581070197444,0.491417071743598,-0.568021652059121,0.136436863174373,-0.222110903063153,0.749802893269412,0.0307113551782879,-1.46923813131261,-0.389231505200582,-0.571432655312758,0.586912004743567,0.921796310959247,0.0512124708061998,-0.736058157937608,0.294996016808793,0.0474981931437025,-0.237639417656469,0.185898790837313,0.625257267940554,-0.0431782023221619,0.0991080943017161,0.352822727796507,-0.0992575258993586,-0.0310476364813218,-0.0599193600550524,158512.0,3.99,0
1.93151727407471,-0.0379639128542157,-0.231053876300097,0.679748059085464,-0.725544367997812,-1.43924720986694,0.0485708008466703,-0.334808662481766,0.768201671914469,-0.221874681142111,0.249484493880244,1.67569224842022,1.24257256964946,-0.0930164608501323,-0.0382980950812622,-0.461445583272467,-0.0899670296345256,-1.19396753103355,-0.0989695002831003,-0.170275027724134,-0.390028400992279,-0.933229986310304,0.566944085482895,0.893214821179685,-0.530812663880291,-0.90541723008786,0.0227188207603995,-0.0229121793909681,158577.0,12.99,0
-1.35344946032646,2.07484925205912,-1.57768734589223,-0.32884437613028,0.0299535979310359,-1.0148867411489,-0.0423549154493838,1.06908538326452,-0.789408541699239,-1.18016527383105,0.530003801000662,0.946528833141758,0.488697198892147,0.0689031169718545,-0.132941519522784,0.617403626386731,0.639945173348173,1.41461093266862,0.265525156506205,-0.268746703860987,0.475248704547446,1.1218986484245,-0.146021862435266,-0.396243704570851,-0.34845296646032,-0.16342029252602,-0.165110390733929,0.0897624001871565,158579.0,5.33,0
-5.97611932262173,-7.19697963053735,-5.38831591092631,5.104798647287,4.67653286692543,-5.56687006039983,-4.29118042196746,0.876530560032016,-1.07547808735089,-3.27256917385192,1.1682159434835,-2.13473197122041,1.12831321986543,-4.56600986017187,-0.126950406755583,-2.82698551177892,-2.86574970146517,-0.912934238200631,0.421144082740547,3.13633813209484,1.45936905794799,-0.13626168712612,0.848177173598492,-0.269916379777294,-1.09505960437355,-0.710905241951938,0.565846302250925,-1.03410718662341,158638.0,296.0,1
1.90706516816967,-0.143436394606214,-0.675019806063998,1.65210029949788,-0.137872826741833,-0.317399484491804,0.0358948549473924,-0.132339083383484,1.02982324712723,-0.0405269409891208,-1.37166579743391,1.0512215805459,0.309089983153966,-0.353729265451948,-1.76687556981797,-0.907796396388386,0.164372453959966,-1.03596328455225,0.23948622593415,-0.228733007060215,-0.316078406681058,-0.523737719472342,0.204944621729799,-0.0989326463726232,0.0646669360389593,-0.816243102596654,0.0418377900263588,-0.0392653062851851,158815.0,30.2,0
-1.55157008731812,-0.409648603803642,-0.321131144020773,-0.47608833404317,1.82281727035011,-0.991199577789047,1.16887889571809,-0.271055595953657,-0.255371566434504,-0.373575688163371,0.598950250507303,0.692787529471929,-0.35844247471562,0.462031952157304,-1.3359167718514,-0.535709379070604,-0.53278048116531,0.0458777678666861,0.515310837311864,-0.746759388861967,-0.0232965840692582,0.687383983244595,0.812409764868903,0.786189924671931,0.201660633555613,-0.336483621339476,0.184301368291089,-0.0187561352790911,158828.0,17.99,0
-2.27005377089979,-2.44224325955575,3.24012208617629,1.24803547908161,0.220048367311857,-0.0137945206953847,-2.13569578482018,0.700394934096903,0.376840245172865,0.254974971182541,-2.23510480603257,0.0360459473259818,0.117657424288906,-1.35461910302011,-1.25535434272181,-2.22560680706843,0.651458240367397,1.94252558770071,0.217952755235511,0.49210845653127,-0.0654743901439122,0.130431369271994,0.211675511073875,-0.0489287133584648,0.607308228503016,-0.150512541434651,0.356013937282574,0.207719183087533,158949.0,100.0,0
1.86688586801739,-0.421962413625152,-0.415009043875177,0.271517524019709,-0.388588707651398,0.0042232025818086,-0.494932649825468,0.0905681223780928,0.870877296803061,-0.0461105768074628,1.0482482287889,1.64321211422972,0.884674004433435,-0.0122373607624331,-0.0958922176111379,0.371068154745196,-0.851812182823639,0.228452636072195,0.193060382077247,-0.0454758016212311,-0.0961885412540914,-0.25509625732849,0.352532467018199,0.743673138370054,-0.431323312660048,-0.685506153282236,0.0239300376351522,-0.0241312646566966,159021.0,49.98,0
1.67675300199174,-0.593625857319051,-1.34593468840433,1.03722110886996,-0.299914942587253,-0.644090715534079,0.0532278345434728,-0.227412241986414,1.37900815431582,-0.870668032176362,-0.854075443615812,0.952540543385776,0.694826770479238,-1.71239805156309,-1.09834858895476,-0.603644742492219,1.09563780966141,0.140345971977555,-0.0549655781969723,0.136730836600227,0.282567716463493,1.02425080222963,-0.265934166588065,0.0020833705138776,0.37976972932945,0.0553110145251533,0.0175314723942943,-0.0009649401963296,159112.0,162.98,0
2.08017727164261,-0.696861362957107,-2.66550015220248,-0.530694607947854,2.12684448477147,3.44122048575448,-0.727954336142808,0.735569814678524,-0.967234018909397,1.14972675245187,-0.275184845286745,-0.119797091932519,0.146492108056894,0.55678672681618,0.797822365200919,-1.60958099044867,-0.449275241552757,1.22456790365564,-1.50859450810425,-0.546154442507202,-0.0916761334730663,0.165776869387984,0.0919849051501938,0.666811014786583,0.236235600086264,-0.406726040303972,0.0428955936902494,-0.048961496902331,159141.0,30.0,0
-5.14312125495745,-4.71423507405888,-1.02060796739311,-1.19329907691583,-0.160449010581488,-0.159906839833092,-0.522237566191697,0.759697254639351,-0.923824031136482,-0.413056283310131,-0.162490962320161,-0.130265649747246,0.520666767006961,0.261788413810855,-0.311833383950718,2.60624932694292,-0.503964486763931,-0.0641817031743065,0.148211534625874,-0.0981681396397973,0.385037653019521,0.691375302582395,-1.40486403266178,0.109646050317151,-0.0758992099456139,-0.142132024852102,1.02883655799902,-1.32121527815877,159161.0,613.6,0
-0.358384479259674,1.28199556357349,-1.08211450850349,-0.87986923308797,0.622022164576097,-1.79585762513041,1.22970350653007,-0.160233510071432,-0.456290671721464,-0.646226918250373,-1.03756518771499,-0.170556914879459,-0.620322131810272,1.03921818100263,-0.0464251143505409,-0.507656892541303,-0.179479805914569,-0.337059449132027,-0.0920483346648144,-0.375500357549704,0.297775830144014,0.670457300375752,-0.257405396201616,0.0861450074268578,0.162477722902103,0.140284661973707,-0.41331293261162,-0.0507742092942612,159198.0,3.85,0
-6.30080053487169,5.57528900295287,-5.15176248691576,-0.87357197922317,-2.4291165067434,-0.70047774681572,-3.24180662550445,0.474586763859046,0.905092498401238,0.84354953858188,-1.96895443063814,1.33884165920329,0.169978299465205,1.04486796454218,-0.399822618029516,1.24913220356592,1.8764624999462,0.0905704697877506,-0.550882362162901,-0.329011019265147,2.72604160812947,-2.26380705430516,0.979932126567154,0.266680446375355,0.341700471493549,0.17246385295492,-7.59464508721273e-05,-0.087630828206136,159219.0,10.99,0
2.14272111898688,-0.893117026621846,-1.48734107542793,-0.962957931878105,-0.457900128158049,-0.829877351406504,-0.379353764185489,-0.15654209013446,-0.509483583237655,0.984107271914674,0.51843412348321,-0.56445174513861,-1.33966789361026,0.437046639592051,-0.792507758351115,0.92385875194378,0.160005161403375,-1.18616772323215,1.1686104010036,-0.0778725874479282,0.061538136528755,0.0695519963726156,0.141054984288129,-0.42175301076093,-0.0697651782745354,-0.271020323799214,-0.0547877454836372,-0.0758961300556236,159222.0,36.96,0
-0.504533646023923,1.06795756979515,-0.0281389101849396,0.154452971881124,0.93299883001977,-1.27267042246856,0.875059702788708,-0.286818544214634,-0.24493396749951,-0.62549035232884,-0.341801259736425,-0.189515180412187,0.266860246317335,-0.853310013341721,1.17019258452019,-0.351835198706156,0.766344145343907,0.65630091360073,0.504762343541788,0.111804118824598,0.257432467055338,1.01367188204187,-0.398116567159327,-0.0474764282481127,-0.0615914664813048,0.0314428141090003,0.34701400093289,0.241235928525306,159246.0,12.3,0
-0.352799098675626,0.922197458127855,0.936537555737549,-0.0673377471685548,-0.738263130702195,0.282153328416311,-1.1851056025019,-3.4935474632292,0.173587018432781,-1.25840531687404,-0.780168389809741,0.971510803897852,0.531357774793283,0.317559900572676,0.547280007692033,0.230118915310216,-0.2866284508626,-0.174683409762066,-0.0684369874624434,0.449773712165808,-0.705355064883183,-0.375133141326406,0.0300732510489883,0.0171298799212595,0.657857508959387,-0.435297867235983,0.182500440932265,0.252116823587191,159314.0,55.96,0
-1.08582566674063,1.45927547479961,0.65524046480628,-1.22609365105738,1.26142292619079,-0.620873912197498,1.44774696301971,-0.27714496324543,-0.0431434294349179,-0.72207820977111,-0.595161113641322,-0.437213667275315,-0.305420627334196,-1.29977412805511,-0.265130359002648,0.299562548640757,0.214666674888299,-0.354441018808586,-0.625527660237949,0.232012197739801,-0.473536929872429,-1.11903577267691,-0.3425845322247,0.495694346029583,0.662677408178863,0.195095980546439,-0.003881862813296,-0.0305311826224468,159390.0,1.98,0
-0.460171333211788,0.733129508145347,-0.186386145226598,-0.139506070492845,0.409290114447952,-1.15618802501626,0.516923011103375,0.0988105511698147,-0.404109788807494,-0.558816849462806,-0.832443036726377,0.868415452595461,1.18044303496794,0.271810141037602,-0.259961068129825,-0.264286560077891,-0.0934720214978914,-0.850440662848529,0.352377065867705,-0.2099225571641,-0.108622464845375,-0.297849119677029,0.405885075746261,0.0140221151646094,-0.8563374967323,0.139300306108068,-0.146284780905766,0.0138633339125823,159429.0,2.97,0
1.77988653246858,-0.41048703496322,-0.39260296249867,1.63861487660331,-0.482029755733932,-0.229501488197763,-0.162544516849517,-0.0121767512556784,1.21206010235282,-0.0458274036107632,-1.3623269990726,0.595730973195054,-0.448492476816144,-0.196609773047201,-1.12617499431745,-0.442566151628682,9.99380070915989e-05,-0.903559918563461,0.143345241774488,-0.157193384393411,-0.479063005675106,-1.25981540084836,0.370991555901431,-0.171727528216637,-0.361974576485107,-1.10517473316465,0.0414872095214033,-0.0184662616774682,159529.0,85.39,0
-0.852193723099576,0.482644129912363,-1.97132071981339,1.34023909923654,-1.11660630090478,1.21843703958741,1.58780400964462,0.665608780296579,-0.736769926473064,-0.623457414218186,-0.56715428845521,-0.693231136442407,-1.91828530810069,1.7565807192476,2.11615413326843,-2.3719353886095,2.14968120943124,-1.20295389821268,1.58639609740458,-0.254106903250618,0.305336907005112,0.964073730780469,0.282686639596316,-0.932661444479141,0.270939694212861,0.486469650980735,-0.15259333814533,-0.429058748175057,159545.0,380.8,0
-0.442183600480494,1.19340422717601,-0.0809992262611841,-0.66068526710953,0.293446088169729,-1.07348077083833,0.873599018682726,-0.0043391244996338,0.0808888012796636,-0.126268216095451,-1.02890253371419,0.3661066497219,0.443299606869274,0.0677779127424998,-0.423631758289878,-0.0456305380192757,-0.427848380292331,-0.751590866296178,-0.0618531713680332,0.0751495949260597,-0.307539345070275,-0.578329967148116,0.0605796735044834,-0.10980198839246,-0.411243432628083,0.124767698395861,0.0775208761549152,-0.142014840313197,159631.0,9.99,0
-2.52156501569943,2.9560241251928,-2.32996392534488,-1.69263397570014,0.477859127157451,-1.29894776172932,1.0235258863289,0.428411152811996,0.881284402685266,2.12417848729986,0.351742518362533,0.516813064286228,-0.55904721058908,0.731146317553357,-0.669797887705194,-0.427084031446474,-0.62311907696939,0.129601627301506,0.0213272197793526,0.83820250976464,0.0047644783880121,0.816409182237065,-0.162174778580467,-0.543793387147384,0.103611798141285,0.0635714043385312,0.364981973085373,-0.121467604349029,159651.0,3.69,0
-3.5543081756408,2.91815887082909,-3.64901553001848,-1.59506703847454,1.78952644355777,4.35759967850629,-3.029860004484,-4.70298796778541,0.126959061616361,0.0126736267139476,-0.58920625686131,0.878214952752202,-0.396016793553455,1.67551534718313,0.713993578784806,-0.0599263464077146,0.24952280946701,0.187812898664892,-0.337642549954304,-0.469474910265546,2.87156997174293,0.30672352493057,1.0981252592085,0.642034807909733,-0.526926166842977,-0.19837949095126,0.215690446032298,0.0108560425546757,159822.0,5.99,0
-0.408110816961726,3.13294449795257,-3.09802976350239,5.80389261500645,0.890608919007457,-0.501474323471098,-0.440054283341639,0.591828268527081,-3.26769325879204,-2.22307032799021,0.757063214391669,-3.5018037792943,0.246742224128631,-6.0656218797665,0.339583134189158,-1.00572315400358,0.334315623693923,0.421261362446254,1.24714263088632,0.499567913131525,0.0984823222449585,-0.538374705312947,-0.217988987498016,-1.04265661749863,0.314388820647828,0.54324357594221,0.233851015408581,0.119603460907874,159844.0,45.51,1
-2.3493399641893,1.51260401518904,-2.64749719609623,1.75379247237301,0.406327950335496,-2.18849400496996,-0.686934747748875,-0.547984409288573,-0.0995281132954432,-1.67234597814111,2.17297610055437,-3.10347667138871,0.217560544573622,-6.03440257566619,0.164400705894815,-2.38382603356602,-4.16647877527802,-1.77239694698232,-0.526280794204029,-0.0934214753719124,-0.0885194213942628,-0.595178282040403,0.258148130014773,0.0619011334336728,-0.35418019381022,-1.15267106612603,-0.736072755373029,0.733702732493917,160034.0,4.9,1
1.77290599637024,-2.28406595982359,-1.67970760590209,-1.44939520324213,-0.531784369298614,1.30057904443617,-0.969879528419644,0.245772518595756,-1.12988536002636,1.3912754514502,0.237956936968485,0.112144586873518,0.0266006402522478,-0.38768902670242,-1.75180927102255,-1.98516254241893,1.49776064660616,-1.04922992532467,-0.283946128607771,-0.138950172060135,0.114321313370696,0.725508832858908,-0.168762248454008,-1.57667194121706,0.0357597822221113,0.219140391391644,0.0116489876444388,-0.0578720404681447,160054.0,220.0,0
-0.861629481218689,0.313422084822576,1.20159817812804,0.807591715419909,-0.85428730562382,1.18622920284125,-0.555219256689496,0.757243857264111,1.5670344183168,-0.759492950734374,-2.20305588368462,0.612846017379846,-0.108479291736178,-1.04581392316201,-2.12131396185926,-0.223571367270945,0.0452321449628286,-0.0530578249139164,-0.171176763351484,-0.517713111241722,0.0111409782543913,0.391023503033193,0.237202785026536,0.59499544037535,-0.31370581567601,-0.762810981546509,-0.321143247597558,-0.0107354357630202,160149.0,68.5,0
-1.21278322243715,0.927932277283749,1.70469220988741,-0.627077154575106,0.0434499198428604,0.383230074511897,0.107298031436088,0.459224035874902,-0.0134403424276803,-0.64558081742831,0.735377951742433,0.550415020465818,-0.433658468415993,0.195902592995683,0.123715445409636,0.146679769618612,-0.491346135607209,0.501848200497787,0.675523736451172,-0.0958338166006465,-0.110242338171924,-0.395853432785779,-0.184503719491261,0.658271697948162,0.238130492781921,-0.515859141798173,-0.482172285151513,-0.223781563779599,160156.0,5.0,0
2.32152038279407,-1.39548207068473,-0.976264177123602,-1.61693895985857,-1.15620676792054,-0.537615354081967,-1.14533174381569,-0.220212636808769,-1.08477759508084,1.55112423150449,-1.64091357517593,-0.865067977465743,0.846605167510661,-0.596009455065153,-0.102151263537045,-0.296704123741823,0.183678200484648,0.160249053905129,0.0910380953742387,-0.382926257723296,-0.199682027791026,-0.0409441314595865,0.151239794957475,-0.727628163430615,-0.146249203052781,-0.13513573015031,0.0205902187723065,-0.0520113724599923,160241.0,23.6,0
-2.78386548658584,1.59682357624614,-2.08484398883683,2.51298558446866,-1.44674856585353,-0.828495614406621,-0.732262192061793,-0.203328860039345,-0.347045718430565,-2.16206139007752,1.96612345703981,-3.12745594474482,0.506574101009247,-5.92613104122097,0.931090795564338,-2.49930719432672,-3.71275186652084,-1.1421334371849,0.626240855695279,-0.515000920121256,0.203563419764299,0.29326788153054,0.199568287904264,0.146867632313486,0.163601884592709,-0.624084665941504,-1.33309975919931,0.42863399433625,160243.0,156.0,1
0.238332443244805,1.24308720372966,-2.10548213936424,-0.366676466182724,1.19179773145255,-1.21899732671949,1.2945427025558,-0.0504091370125195,-0.722755887648643,-1.17029593508173,-0.818180150405947,0.445644267445652,1.05933766963266,-0.790760836039036,-0.853441357384983,-0.0093425588936414,0.73049500345796,-0.093561825571021,-0.32106389263284,-0.134338666741574,0.19370579772881,0.555109877851328,0.0016358834591615,0.565914166757311,-0.211483174801539,0.519246089999492,-0.156666809989069,-0.0397302701179958,160281.0,42.81,0
2.0623892607475,-0.0748279468641196,-1.0679462674787,0.421705994447866,-0.180511771206806,-1.22799519328663,0.159369548305901,-0.314644414039459,0.596466766967639,0.0842850249291349,-0.795646741471638,0.246646356158232,-0.304052155550572,0.348766590102676,0.0794988856894411,-0.0906766463075568,-0.263903021551057,-0.827690289757944,0.145401196864516,-0.249205760008219,-0.293200501940769,-0.727193406475232,0.346161211632096,0.0362512273817572,-0.31178726499175,0.196664534035215,-0.0730215217218241,-0.0607214897362646,160282.0,1.29,0
2.2458277216319,-1.62499226339448,-0.163840200938204,-1.56329496737927,-1.67455057052227,-0.032585289103898,-1.72282626693174,-0.028086702472786,-0.659927861457915,1.43621113953917,-1.60846178465365,-0.377446455244526,1.74651992528804,-1.17254469751651,0.0211647135227066,0.0683007240303694,-0.0046813145138143,0.392530934583537,-0.0619735540633472,-0.296341553026541,-0.170350300304209,0.0874364451644994,0.225941766788666,-0.71697721224025,-0.420640776318223,-0.20642433608996,0.0688523206441632,-0.0316185034962478,160325.0,34.0,0
-0.679683134620675,1.42701678239555,-0.197596836102441,-0.708321249097893,1.10701399784372,-0.52508203487067,0.861723068667681,-0.950909781905675,-0.206713728065089,-0.79293189087386,-0.604404084650835,0.235496859336962,0.631794363221918,-1.09935785677909,-0.277767293410879,0.165060680589889,0.460162114196549,-0.326261102699427,-0.173787424921268,-0.10752732957963,0.482908127299383,-0.908181527424382,0.109211283758893,0.515132695101483,-0.555179555260575,0.104248249915423,0.282042844113352,0.275144457559978,160348.0,9.48,0
-0.503039313584266,0.674788142430456,2.01105003403952,-0.603171300086056,-0.0623202865767649,-0.774383681421447,0.743141488397141,-0.291694622470553,0.465220829042003,-0.720377810261834,-0.503413625436209,0.291615422654992,0.131493644864609,-0.398733641253049,0.223388727433024,-0.0667349144252659,-0.587228215570175,-0.239682362298634,-0.323853038479,-0.07882384591043,-0.119733807329434,-0.145819728853773,-0.0478551733098245,0.423989067241718,-0.42265336285704,-0.699026418123831,-0.141738772262541,-0.0630739806976142,160435.0,5.95,0
2.09594821865877,-0.823409809173853,-1.55248202157755,-0.769283840947161,-0.103562324000959,-0.115977008583574,-0.41154597475969,-0.119960171718082,-0.839814710066229,1.09216152698722,0.267921077852921,0.479811812642025,0.735437339242716,0.309293530639995,-0.0758780280265082,-0.951159286739956,-0.778443071066189,1.75223679682666,-0.466118383530859,-0.420393388398351,-0.192892193358935,-0.156215184515569,0.10166394958318,0.115134598507142,-0.129078998353877,0.661820653199532,-0.0731124327005671,-0.0602556993102851,160442.0,57.38,0
1.79802323468459,0.463529613569007,-0.798492452417343,3.57080446138306,0.653316609503201,0.279479410986159,0.275680214695341,0.03288181635556,-1.38383625094376,1.60890605883988,0.661363487768657,0.493378702549637,-0.0104848700729565,0.564893340053629,-1.23591906615019,1.12180213071817,-1.08856537528422,-0.240995662224324,-1.1463026405269,-0.147475308105043,-0.181921816510385,-0.756854003661093,0.352763884157579,0.67753383341924,-0.321858257018235,-0.424818506975752,-0.0591971147363342,-0.0361101048210036,160461.0,56.69,0
2.17936100885154,-0.931000156455929,-0.620212919442356,-0.941671823791901,-0.872776157422448,-0.475197465721211,-0.906729800570096,-0.131387076811544,0.050741086602715,0.691151892096893,-1.24157517536295,-0.327350514834545,0.872024264177001,-0.589705989566235,0.208680193358402,1.43343440130125,-0.156327443612966,-1.35529321551843,0.872145900973423,0.0494455326518686,-0.0747135529634798,-0.198458360492759,0.283117599251125,-0.666969375985848,-0.393947425305032,-0.447513118835921,0.0126026658527543,-0.0433677569617045,160515.0,24.99,0
0.567539266873172,3.30938527728796,-6.63126848884588,6.39457369583463,-0.0541723256891658,-2.39653528063935,-2.79248887303506,0.514811021472804,-3.54178025732386,-5.33475387061743,3.61873721262172,-7.10148829773798,-0.442125291870087,-11.0816168429851,-0.813721638541621,-3.30289861059986,-5.84890261106356,-1.85063546419134,-1.01863859540215,0.555411780502512,0.614220932245907,-0.365047253101859,-0.180408542452136,-0.52327142948781,0.645054313073713,0.246465837556682,0.902675054512292,0.47357149999817,160537.0,4.69,1
-0.417339782403896,4.70005527392636,-7.52176682774885,7.67188445074794,0.260821237608046,-2.64669254023638,-2.85443216153232,0.95878310270126,-4.5885358926682,-6.12071508667922,4.54849458373201,-7.83625279832226,-0.242674770748528,-13.2025053438681,1.0924415991984,-3.04086255242532,-3.00895800089691,-0.159966953690891,0.78808629554402,0.832034789370246,0.622200356085823,-0.437708334187294,-0.0903582898025547,-0.742802157670925,-0.312360714129117,0.502574976363589,0.8213902873783,0.37237881708533,160665.0,0.77,1
2.0211702869573,0.171539673653981,-1.58671430320068,0.337452438550014,0.451805515796783,-0.645531916270682,0.137839442545687,-0.145113461989848,0.104648715735441,-0.23185944985589,1.43008595883739,1.30776813237096,0.718907692075912,-0.790459939506849,-0.593775917881724,0.421863059756805,0.246683762987843,0.0316432637322245,0.266861672088008,-0.103246802840418,-0.292255565793765,-0.733985462919507,0.342021092801071,0.690896144112081,-0.286771204541481,0.140081271443488,-0.0610565815364587,-0.0372231980311905,160763.0,0.89,0
2.13238602134104,0.705607819703042,-3.53075873641584,0.514779310643757,1.52717469821568,-1.71626826866624,1.13279092955315,-0.574214355395823,0.128903890816348,-1.00080505203989,-0.191190536963042,-0.323794189703165,-0.572455950927237,-1.42206385294204,0.314684199046673,-0.387162054366978,1.73474160368315,0.610975987993976,-0.221267207742386,-0.211167179112658,0.163739121720823,0.703910440133969,-0.24507615703343,0.460049173768465,0.920280992581626,-0.216585741807507,-0.026218563758315,-0.0250012963633226,160791.0,1.0,1
2.07994058369806,0.107884642627144,-1.7392972347424,0.411356618735337,0.378206546834778,-0.868057817508703,0.134610983488126,-0.192182629135933,0.606380685635952,-0.356616277671327,-0.737936335362131,-0.252560356264798,-0.643844115703018,-0.705044653593102,0.287717211641851,0.3655267485543,0.495034405067292,-0.202433810546561,0.0781340628622615,-0.201965150234095,-0.376911446569595,-1.01278301841954,0.342583038798388,0.462279543304324,-0.274932550214271,0.177463894279356,-0.0672917674699751,-0.0326860886811817,160802.0,0.89,0
-0.644277679025173,5.00235242592827,-8.25273876012125,7.75691471173633,-0.21626731754316,-2.75149611755953,-3.3588573150418,1.40626809118347,-4.40385171690245,-5.94563397292191,4.47590467269415,-7.60726146360792,-0.160723119948911,-13.0107493697978,1.09438181918719,-2.86403911817187,-2.87134152887014,-0.180613560248759,0.647708880496559,0.816557858909547,0.587727519791778,-0.605759173274255,0.0337455457845425,-0.756169511485339,-0.0081716252537439,0.532772006004636,0.663969504849476,0.192066835389178,160870.0,0.77,1
-0.848290216565114,2.71988211593934,-6.19907019688041,3.04443718621919,-3.30190955339712,-1.99211683590396,-3.7349017657824,1.52007897310233,-2.54878817321614,-4.5335154033258,2.28802174654208,-5.26720466981905,0.394799950425324,-4.28799577702192,1.31527946674202,-6.46918689069948,-8.71392005149206,-3.7050697432532,3.53100289778427,0.319576271337295,1.12522925908799,0.805257864895713,0.199119186483276,0.0352062006310435,0.0121587630161963,0.601657823317562,0.137467682324392,-0.171396981067706,160895.0,127.14,1
-0.0319889587176247,0.665218897144728,0.302621754066011,-0.666555033283773,0.291128522310186,-0.790604065885118,0.816028763881537,0.0482065255324638,-0.0727575718199638,-0.21126678441905,0.625480016194741,0.0229287459472182,-1.68813762566023,0.638447983742588,-0.886616348629452,0.0966589030910479,-0.481697814893448,-0.169978761499386,0.110571463162373,-0.118584671200827,-0.210240648701449,-0.551360026961853,0.115070968519357,-0.0337723254749567,-0.59590512565271,0.125797306450961,0.232986129751569,0.0848277990845055,160941.0,11.99,0
-0.214124660365601,0.801114640611802,0.595881684232462,-0.866832597892256,0.708785784549262,-0.825051595220751,1.43965085692294,-0.662007869291056,0.631995784967466,1.03472137663162,1.04337652369183,0.198475774875422,-0.933835599266328,-0.299937613428158,-0.901539175618966,-0.175550403539904,-0.911531928489551,-0.303820433684325,0.128786935442009,0.384558672831348,-0.429827665724138,-0.470500933094634,-0.0061206401031079,0.0428708874601967,-0.529820920949069,0.0420776797374747,-0.0413440906332494,-0.447498322974094,160955.0,9.84,0
-3.27749562118746,-1.35657511553655,-0.371753333146064,0.131610490342277,0.351990771804787,0.660080700657321,0.442413583337221,0.619969243905724,-0.53772910034515,-0.597809675559719,-0.257636455628646,0.140806958301549,-0.0522253782787748,0.654759897704197,0.360033736560407,0.496748418862808,-0.358934609004404,0.713664620440872,1.78602621808411,-0.335419872941564,-0.160659670642783,-0.280662639530744,-0.261862776397135,-0.244947609722737,0.515932305477467,0.802557707024622,-0.146076117296682,-1.11508592440596,161135.0,158.0,0
-3.38760102859385,3.97788074139497,-6.97858506511079,1.65776584508859,-1.10049973277578,-3.59948697320315,-3.68665071042962,1.94225222492139,-3.06508926692316,-7.50955747436829,2.98962640655731,-5.99363242425938,-0.164740077677312,-8.38844296921614,0.0421289980360236,-4.13750050093113,-6.1039030730781,-1.9729278028075,0.434072536887008,-0.0043005898337158,1.043587159264,0.26218867442789,-0.479223920984096,-0.326638199739289,-0.156938590387884,0.113806571374194,0.354124259953911,0.287592125204715,161154.0,0.38,1
-0.180230188670875,1.03424603907314,-0.162742440870489,-0.516865482559288,0.459691108716039,-1.0056057004813,0.955623152352447,-0.138665252323183,-0.039617047641328,0.20340698051995,0.812340073394598,0.493948704706525,-0.448204873291562,0.626140771940484,-0.197083147450727,-0.27791370573186,-0.679570673743073,0.652093196470484,0.264151031055839,0.0943884386450167,0.393711330169717,1.42029434634375,-0.11427089182768,0.104328878599327,-0.791942452732686,-0.239647651941161,0.610146616363922,0.376140535331182,161288.0,7.63,0
-5.10769937048427,4.95367322537421,-2.2240489913869,-2.10001376939023,0.59144683010775,-0.926119510230257,1.92187315342334,-1.00973963964007,5.35695901901013,7.98230151185727,0.575922304687786,0.175747843942496,0.939197666176889,-4.16074790330411,0.254186839573586,-0.767092362662534,-0.462075024552699,-0.981500909497607,-0.995116206208334,3.56371779695458,-1.43528212458644,-1.04560408535217,0.119287625479247,0.431423873404782,0.659632670483237,-0.0286163254201911,0.962762871301352,-0.422709959850721,161293.0,8.94,0
-3.9465905978655,3.73338043236965,-3.31267017432815,-1.41043845768333,-1.41726160536632,-0.791123425074059,-1.3625939811582,3.03819567003398,-0.145986788183704,-0.25184442809292,-1.33445185627309,0.952519240292265,-0.841874602712507,2.46625789263403,-1.03851040628632,0.768740911517725,0.246792071776647,0.607085820238098,0.596070118435066,-0.0749325681136909,-0.0219121807858305,-0.453256717670518,0.137976931617442,-1.15002027359972,0.446225402141181,-0.023377025386194,0.105884662264569,0.110806976112129,161305.0,21.22,0
-0.861927963705004,-0.264729103113492,1.07754985376331,-2.22076307646647,-0.41907753590078,-0.0939041709019107,-0.772287775503647,0.662030694283132,-0.968410553028211,-0.333270004466749,0.395221970004878,0.186869981213992,0.412453348776785,-0.330903245438768,-1.4224343242341,1.65620267994157,-0.245318311570331,-0.358517407958381,0.0161552637674802,0.038237701097686,0.643744265638419,1.57707861260025,-0.217887363378582,0.826568469761796,-0.184808326544437,-0.170037134193385,0.0346376375066356,0.0402654389723658,161382.0,14.31,0
1.93539912155051,-0.33479092326348,-1.43130348583752,0.0007936846359145,0.722073381447814,0.895349003699932,-0.232260546882345,0.328352582495592,0.461132968789484,0.137710062307358,0.860648657323747,0.655228033828341,-0.915716750499378,0.706970614678464,0.254885315288902,-0.551330306310196,0.111922922115757,-1.3941327488349,-0.387037064032175,-0.348166410521601,-0.209245829600898,-0.443204409928964,0.344936164552837,-1.65755432534737,-0.490964516007465,0.313210737923158,-0.0318832826638828,-0.0892767207891833,161394.0,1.98,0
1.84428389609075,-0.490111314351516,0.361123532687016,1.22021106985562,-0.884686015530786,0.482086127335235,-1.14088157641585,0.337864772862924,1.18795764532544,0.292796412738509,0.380875250293707,0.886575322517255,0.0978535699454075,-0.197730715022606,0.207796086488169,0.980553227397593,-1.17724820193266,1.14666861397993,-0.524017797950359,-0.192059770806492,0.299605191689364,0.998849771424896,0.135138381354546,-0.415175816607298,-0.317865086490318,-0.582728817960735,0.0917625113960565,-0.027183967253879,161427.0,24.47,0
2.10134313246831,-0.0765510299395766,-2.19999935768878,0.0662280756760386,0.936199786404732,-0.302465167720463,0.461944865862046,-0.248911638795819,0.394935199300602,0.0960369613586691,-0.391839619961136,0.786452244727509,0.146840265069268,0.564844216705025,-0.934014538049543,-0.222066520653738,-0.842926277615959,0.282267713944232,1.03205943349747,-0.173306423661995,-0.0303452424184844,0.107049265211365,-0.164447425775181,-1.35273611050232,0.51511792606638,-0.157634449489329,-0.0433293465299689,-0.0875162329381888,161472.0,19.99,0
2.0993338867409,-1.72259082755547,-1.21416973629578,-1.59324464905862,-1.0386023449649,-0.300674935891228,-0.907066538405421,-0.299220670435929,-1.25244858393613,1.45942739215195,-1.70186196712069,-0.348706698644837,2.05890192383007,-0.811519595783929,-0.190316214630281,-0.249722619332871,0.0178036602188316,0.140021300933936,0.151458917422304,-0.0441723528913937,-0.129179781525375,-0.0670131741938944,-0.0089544635725558,-0.977840725939921,-0.115568689364787,-0.134559711863471,0.0038705147294708,-0.0305540663619992,161497.0,149.52,0
2.02762214538267,-0.120468049050639,-1.56171211819704,0.530025647750937,0.102865235391622,-1.0509921878858,0.296201293092161,-0.199295971627712,0.337361882967089,0.344213226831674,0.63947132634758,0.21089893293038,-1.88035048186659,0.958323233707448,-0.941572101751849,-0.390431620631624,-0.162792555363933,-0.225497864625662,0.338822495134801,-0.357626344450032,0.0143629282562371,0.156805068554076,0.0961241986954923,0.0242115319165987,0.106922746031718,0.365796536101942,-0.0936095927936063,-0.0878724237105435,161506.0,2.0,0
2.13807986851865,0.111000437588237,-2.54172875946865,0.314709050746313,0.865602003172888,-1.26969635001305,0.835475671598583,-0.437936726552765,-0.194991843720484,0.481685315862174,0.26437819296884,-0.007825778279757,-1.465035986665,1.26245186930137,-0.800146975479144,-0.416688448772704,-0.454854516744739,0.113466128590795,0.479443099618907,-0.31917474487889,0.271286091824654,0.894475019847079,-0.235759560161653,-0.424077211754329,0.674871853417153,0.737453486088539,-0.135663527654,-0.111168858514779,161532.0,0.0,0
-0.371056213565998,1.01107806738846,-0.980841245658882,-1.23322762252937,1.19775533236433,-1.23007603509039,1.56653791972943,-0.268216167732858,-0.315331242138961,0.0126554419481851,0.426247296720608,0.0336936911029485,-1.16977135192279,1.008691854854,-0.69040335544515,-0.405731433365824,-0.674996039145687,0.223198372196474,0.181327859178521,0.0250828236302612,0.243824811656446,0.904726463354595,-0.244722240101898,-0.367770953513059,-0.279791580413547,0.102146319012325,0.495421683838361,0.329483904291251,161559.0,25.73,0
-1.17743654303644,1.35043365887815,0.932097473456943,0.503951669047537,0.8063229599293,0.373457762434031,0.528785840220435,0.523983019104593,-1.72336337378034,0.0576823255085855,-1.82702524756627,-0.483464435804217,0.781803817767467,-0.0092504410394548,-0.824586806445212,1.31413297155366,-0.688818118754061,-0.576184991702418,-0.624144946297329,0.161410181760456,-0.12899669827912,-0.565721012361488,-0.285809468296647,0.181523918394448,0.409594205618448,2.28687818245584,-0.0566861487335109,0.0055270410919263,161612.0,21.58,0
2.11671801773714,0.149870517856758,-1.95098156886898,0.276517960458005,0.715960602384771,-0.536866795658483,0.180634809405836,-0.204695854234104,0.518111470079365,-0.380651819610782,-1.08282940678804,0.0085400886744435,0.27967481769169,-0.902210750380704,0.236738517506291,0.4853372659826,0.250151717698988,-0.126481705767767,0.277049239304286,-0.129073815335521,-0.40246563596896,-1.0456318805239,0.264493565063213,-0.0593549124503962,-0.17477522014367,0.208277967941638,-0.0627964263181677,-0.0362297713856578,161633.0,1.98,0
-0.0047253938590616,0.789744819091141,0.345157875346175,-0.675404705463934,0.381912781531526,-0.863880525066541,0.883390477323488,-0.0430634831150338,-0.248086524501996,-0.229994833213962,0.785150796824838,0.638071532849272,-0.502558598587948,0.39636798897448,-1.06544779753174,0.0952733264830297,-0.601925672492303,-0.233071897689904,0.173290596740276,-0.0576298894906992,-0.207605003035062,-0.475383332825983,0.0731346325190366,0.0593057592220616,-0.545845388386661,0.116432400264293,0.240877332371107,0.0872721670222464,161644.0,2.99,0
-0.211054426923198,1.0198552243209,0.188224413633144,-0.642230565529008,0.427195624152011,-1.05985680409859,1.00062851459727,-0.188572561452378,0.106352870997198,-0.117699840689005,-0.806767458830265,0.311409403513747,0.277257953731008,-0.0060208249525084,-0.368007360704833,-0.183399098808614,-0.376907182715969,-0.887183250395436,-0.186624116515224,0.0933789068727457,-0.284234172094265,-0.548980507065692,0.0792623487608754,-0.0154409165763454,-0.444640218197937,0.147545702778124,0.36506602329012,0.154698829144698,161790.0,7.18,0
1.00680148549701,-1.55402045438758,-2.13519928726735,0.891657141701961,-0.430039254211914,-1.03259830869335,0.841377328060632,-0.432285167587894,0.878419763203211,-1.10300890593628,-0.330650543066191,0.65475352486928,0.510080519389295,-1.4349745365479,-0.0817166820440105,-0.0399965766177405,1.12126747447222,-0.0418660021502838,-0.118403457446441,0.903310665817109,0.0814662060977201,-0.645550069903588,-0.272229571903461,-0.0863535656188788,-0.25128521633637,-0.142962556820684,-0.0980850486771199,0.0700867125747306,161826.0,530.3,0
-0.56694985349913,1.47653880054048,-0.292537311462416,-0.907896473833171,1.66575021704939,-1.0411968340223,1.97008849175784,-0.687790075211816,-0.245678420847308,-0.129985732877805,-0.432626164660947,-1.27401294110376,-1.27636473440233,-0.967399417292573,0.445999283821255,-0.123722149490108,0.417148455258143,-0.0064501744932151,-0.313456771159193,0.288675652709245,-0.19728031704098,-0.178721189940545,-0.61002559571587,0.527036268678525,1.15988209954942,0.682652359253724,-0.281775271173205,-0.393180884431718,161831.0,5.77,0
-4.27145681815313,2.96866741962187,-1.19460680373291,-1.40076135858924,-1.41175303260688,-0.358614737099381,-1.0867864470362,1.72303882028889,2.22524241053964,1.68014405850699,-1.52092848874412,0.66199120247731,0.28846859539341,-0.0593374197406094,0.21821637505435,0.26967758498098,-0.105598143517586,0.259938515740089,-0.633603084702906,0.82839161551803,0.0558985583848305,0.792204305776263,-0.013821500090128,0.620884374197144,0.375566484679733,0.136572818116754,0.624078283147579,0.514319362554613,162012.0,2.26,0
1.91048973856954,-0.55540080973558,-1.19693796964198,0.0900091175835589,-0.165647219596319,-0.282114654947368,-0.196976766673126,0.0740748531837648,1.06896678498704,-0.027153649667344,0.518563122253969,0.361106587339666,-1.85172821630192,0.631782589612955,-0.704655940835979,-0.271180158596322,-0.210731747635066,-0.0065508138992596,0.570684264736948,-0.225883756430959,-0.104600753099407,-0.292628897291168,0.229589160598842,0.673984513765114,-0.168141760462607,-0.138046331171495,-0.049527030527204,-0.0550081508499379,162067.0,49.96,0
2.08463549729809,0.0576970160338615,-1.79623522368762,0.393969001964971,0.373130093947508,-0.823211489377127,0.0926938344144544,-0.15140321290072,0.705177752319345,-0.339152120999281,-0.933422056222949,-0.609174306216403,-1.23239848569422,-0.59021538686867,0.361950858582323,0.424139177513039,0.492336097608598,-0.094198669374308,0.120661435406685,-0.235287302000261,-0.38999218688383,-1.08199933359986,0.33618653894563,0.342674863072673,-0.28213185078193,0.185761393091858,-0.0715991724686812,-0.0348428689660373,162102.0,1.98,0
-0.0160451942420069,0.644925080324495,0.141925447293023,-0.759759645976117,0.551006256678992,-0.582451279921419,0.771858152231311,0.0725163652452236,-0.0579244641929523,-0.205886219137152,0.276817837726532,-0.0440854143790435,-1.49347270300645,0.590184503995282,-0.869018241912013,0.20924954405168,-0.637667820521881,-0.05173653199596,0.267092445469587,-0.101816484289251,-0.236785433459105,-0.618942532872019,0.0548486630823438,-0.443276874747073,-0.537683902587483,0.151188421587464,0.234142481832715,0.0811321143124217,162192.0,5.99,0
1.67612841180501,-0.528759120996214,-0.0669446950699873,1.43015008268104,-0.939095935959927,-0.452417222100992,-0.487050823628216,0.0797253880106856,0.689225594357366,0.357079164787149,1.21243507947082,0.813618733258723,-0.669997152441913,0.383409307797556,0.162328133776948,0.477552517564222,-0.743478014423101,0.66588330213835,-0.781417627706372,-0.102189988124668,0.37145632966925,0.942409824091306,0.121334666442645,0.461809580847137,-0.265496708355279,-0.618912840957339,0.0343885275878556,-0.0189757299146435,162243.0,105.0,0
-0.806885354312907,-0.0203294422459517,-0.220364410425564,-1.15184213228264,-0.493076456414279,-0.643215262540683,1.04288392084672,0.0159529942483346,-1.59867404735213,-0.424822342569853,-1.27115388026658,0.539481374519317,1.862566250724,0.167583446970375,-0.233591453594756,-1.76267024778389,-0.202351868207433,1.41387386501371,-1.15928346258605,-0.102539126847934,0.25139833333794,0.876777488800259,0.214481855218679,-0.139870576186952,-0.0388364797421814,-0.10683163152519,0.0206014131255147,0.115333379508284,162252.0,210.0,0
0.0782885563361967,-4.22735262182279,-1.67974197454314,0.374265770380431,-1.91416906579111,0.349222632887698,0.423329170508241,-0.126933692185575,-0.248231237131076,0.443369023398729,0.468892844664218,0.584417775063614,-0.277781041793697,0.270888410112806,-0.776179400547304,-1.05401225121077,-0.175572398670929,1.30720250454643,-0.542665332298435,1.49014014920159,-0.125252344046364,-2.18531158666772,-0.312785488426424,0.7342199725616,-1.15850416967709,-0.0174740816003153,-0.225720891974012,0.134259091383155,162273.0,1043.52,0
1.79390874499174,-0.517386291513626,-1.39996319966426,0.336172362828331,0.0642952790246353,-0.430744516984372,0.212065640751062,-0.128448010623678,0.30795716306873,0.16600158928682,0.868674384771998,1.06268714779854,-0.146695533341001,0.473429269020669,-0.857896249964557,-0.0286510886930334,-0.440446710286773,-0.338755470965862,0.456748713628391,0.0499555251103213,-0.129450395794911,-0.552281221497361,0.206509418887976,0.781287537366088,-0.257277187023711,0.20782150745769,-0.105340904572544,-0.0452538118299025,162295.0,123.42,0
0.158887092568,0.844500768612659,-0.273970393430529,-0.501844872284107,0.88015909632981,-1.21071929604812,1.43230716632036,-0.399581270048672,-0.16002259457716,-0.760377408567504,-1.17564168584583,0.263123624095277,0.107487331180587,0.282444633334086,-0.790752509249758,-0.761802204773351,-0.275920890390258,-0.498572249216635,0.0877828056924868,-0.181828721408832,0.0731403674096903,0.387526983305621,-0.238595798412723,-0.0790901659204487,0.14372006362948,-0.290074002001838,0.0370622166383188,0.0288972493004859,162303.0,12.99,0
-1.60360093456558,2.26305095916603,-0.446851762580065,-0.0577926328032298,0.210181229614632,-1.09782940416853,0.970386332853192,0.0934440970980738,-0.0561736721862601,0.87737999008665,-0.930119522754042,0.353517566582887,0.426936336298202,0.268074263208155,-0.205130616524554,-1.0665533801703,0.37384539831867,-0.616616806386029,1.04738037293104,0.568338550172493,-0.0621946350331782,0.209180011869113,-0.282945076135048,0.108259758783737,0.530865309963381,0.589989053259864,0.464634632758385,0.350997776643669,162309.0,3.0,0
-2.61667632459701,3.39626935400572,-1.26176398152539,4.37703961846685,-1.3055612363289,0.197903703575145,-1.28794736457615,2.32447655007191,-2.09439765565165,2.02982696500093,-0.261645847796532,0.365202461780508,-0.441776311709754,1.90431273849888,-0.408125555779396,0.316856331558947,0.844394476206443,0.98181321890047,1.14897314322836,0.191253898950357,0.502877941927597,1.28067520660064,0.0263433069509677,0.08745548426252,-0.254632151640157,0.621698553509885,0.273597208461023,0.180010228996795,162315.0,10.62,0
-2.82595227643867,-1.45255306255027,-2.13149426287014,-0.782219169174848,1.38331427916122,-0.636599203831786,2.80064646691351,-0.835178705573958,0.148081136474589,0.76711754974964,0.737321260585192,0.707654751392425,0.769630336594786,0.183333707692742,-0.532213971619737,-0.168793193135854,-1.17482225539979,0.145230011139295,0.372333574208428,-0.0841157356105724,-0.176524229473675,0.894295533419643,0.203299870628652,0.311335297256948,0.152823034135059,0.0850980570085839,0.534129472094927,1.13676786263002,162361.0,445.05,0
0.0239273926658081,-0.25937809853316,-0.443459911723135,-2.18522806008038,1.24743113797482,0.674476989530961,0.302068704132498,0.222487437239289,-1.41134102193016,0.19165458786423,0.816706915863642,0.206000718132459,0.370900171713766,0.079157989763468,-0.867352469438917,0.0951070660484644,0.541215437196352,-2.38508624500935,0.0417839612376947,0.0030889033954035,0.326475095973635,0.961243000372892,0.160543328289715,-1.61445975562736,-1.28601505101158,-0.398597909864527,0.277527467895386,0.240142334547578,162420.0,26.16,0
-1.35645138284281,1.22952778592637,0.586858150254932,-0.953884061540894,1.46555347922515,-0.952363708390585,-0.393837521109038,-0.678272701858363,0.151549189685339,0.48445117359679,0.433196167232445,0.406353468147068,-0.943985961447044,0.447963001080807,-0.810021471537977,0.0358880712018553,-0.502319524462313,-0.215396520681842,0.311517052496531,-0.0103438323375111,0.455598897652252,-1.18260058803311,-1.69956848782812,-0.350933780557568,-0.380363870680135,0.217731409170001,0.613093773479816,0.335831495120832,162454.0,5.49,0
2.0335994210213,0.119379939161921,-2.43016785574768,0.810707657349099,1.30790173014786,-0.0877918888090891,0.623393885652451,-0.167739908418534,-0.2393990825631,0.537222529409294,-0.0849060394215802,0.0724004464586805,-0.786583759153796,1.10165047824785,-0.26185850577882,0.0951333907340843,-0.986854535076687,0.460701410552,0.229465572267724,-0.196843400359255,0.117239854013431,0.273316048454988,-0.132775797294684,-0.37868586530565,0.545750164264058,-0.469871038060286,-0.0507861710258664,-0.0731255374879835,162475.0,39.7,0
2.09991831527292,-0.151943329604654,-1.60093751775225,0.134025876903973,0.189951932092516,-0.801831725473036,0.049404912778429,-0.184605190898087,1.01647322879335,-0.0511218493033142,-1.27006487682379,-0.661970364808002,-1.51409849877922,0.78046068978886,1.09866598617328,-0.10710795693265,-0.559896621349174,0.402727770764982,-0.0670393547896066,-0.321428871100848,0.227353694856414,0.725709191233721,-0.0016619155029314,0.452742184497415,0.335065098196819,-0.431351502816603,-0.0073569668133072,-0.0532258723824614,162479.0,1.0,0
-2.05300616490227,-1.36791530060132,-2.12891322100468,-2.01835023979514,1.78780561677306,-0.98177674557535,-1.63009467671036,-2.59115191677431,-1.06305311455947,0.387035760619817,-0.58419333469321,-0.25939968720297,-0.350768202334523,0.794720727522808,-1.22031848554331,1.92352013374817,-0.699871141813923,-0.792775255436901,0.41009189288179,0.161404104030765,-1.18982712648951,0.814295784556612,-0.665977012984346,-1.37493771603221,-2.02269530549455,-0.732872307103223,0.630090896315124,-0.515833318702097,162577.0,20.0,0
0.0171227005737469,1.03256816584429,-0.567125817584529,-0.426137769336694,0.864437269831895,-0.917179579799127,1.00250719953781,-0.242974400234094,0.310596484429336,-0.0394380594043171,0.776143151105845,-0.46718723719406,-1.43342378179863,-0.675482465456558,0.20096484721565,0.271774974949428,0.0336972301055043,1.41093102834874,0.19689895410196,0.1482027169463,0.190413554207005,0.964317815751359,-0.249106321991717,-0.441833741885273,-0.328656759563892,-0.157126387199484,0.32231996665047,0.009962039946767,162591.0,2.75,0
2.20997098577774,-0.762246932845197,-1.50632223271634,-1.01647149099882,-0.334902203632878,-0.823627175332829,-0.356151543013814,-0.203742837073945,-0.594003522301045,0.985054361657209,0.447227077300231,-0.286176406688718,-0.660063810954889,0.286761881776601,-0.903975759350515,0.991536458990181,0.0118785700847422,-1.13441278137365,1.29954200780851,-0.0749818114035095,0.0385783639657123,0.0853151443349981,0.12991556655466,-0.502253432481944,-0.0038483114325442,-0.266567858082596,-0.0492316253333683,-0.0797090963598282,162614.0,12.37,0
-0.284631179132446,1.06314762248403,-0.766444947233857,-0.158372540840118,0.158268425787804,-1.22343918104438,1.2411924989349,-0.383624121320613,0.421957411563215,-0.444197662184997,-0.720122306425253,-1.05131141260475,-1.46571252227934,-0.671691155469386,0.890276168869703,0.0965144122087739,0.485378278598709,0.839723707404391,-0.181974723703627,-0.207366250233415,0.255810980707815,0.894017630386443,-0.191206498415943,-0.0493194724920874,-0.409671606602586,-0.171802359734084,0.0328708147612659,0.185437415745696,162756.0,91.9,0
-0.312787358653842,0.985165775310778,-0.253435040618079,-0.655191261347884,1.77550553824711,0.834449932444343,0.810418453417441,0.292978373266764,-0.6291029187211,-1.1571312284168,1.29807350989008,0.430877261940277,0.0633023109300017,-0.675121634752892,0.865080845946367,-0.494095964102466,0.921154086870708,0.108548626704809,-0.579087179511194,-0.103363628948268,0.373470119424537,1.2714323508601,-0.416357354060557,-1.69055175278414,-0.105820356565679,0.0465765171640172,0.209950704853359,0.158082521605188,162773.0,2.34,0
2.01988073091784,0.542234179712073,-2.48184013527089,0.575136340803359,0.803452168186563,-1.20808622418779,0.271463966008085,-0.234119556178236,0.225495375857748,-1.04688070458685,1.70159154956646,0.523489207427832,0.237817982189344,-2.40942023869651,0.409402326173326,0.991225288430533,1.43938125435655,1.7483888413313,-0.358921627401352,-0.119792769987678,0.136783292676776,0.584483293556261,-0.0973524854634444,-0.602019411595193,0.266478073775401,-0.0955689964843062,0.0209422610406309,-0.0056034327449534,162832.0,1.0,0
-0.190937269900197,1.25601025887311,-1.06592458680069,-0.803867812011143,1.08612298485367,-0.092425383541593,0.573376382420748,0.466957367561823,-0.542895340392849,-0.916407753536978,0.294937010778422,0.888032577498797,0.904171407253081,-0.706685403335242,-1.00717274094746,0.842472503485961,-0.0453896136615685,0.479160643784401,0.343474706093522,0.0113768868231382,-0.285882866419669,-0.813592788644504,0.0491592198376137,-0.232640838348646,-0.293169614513792,0.142796253715854,0.0948370974247614,0.0057047139263215,162843.0,10.78,0
-0.801410238042095,1.63829078237511,-1.05964986010574,-0.580688748519255,0.210993841887289,-0.726322880254935,0.267018251182345,0.716213357190024,-0.506967788470999,-0.278084744206926,0.311080378541618,1.24914765744932,0.837462221540431,1.01792437149277,-0.313548899353275,-0.0032482198443674,-0.526059286802524,0.665047152836576,0.361793214797976,-0.054136875687177,0.462803597146246,1.42182001505537,-0.0807200868218342,-0.411552219844777,-0.658675534622912,-0.202675308315807,0.368856256672965,0.245129305090497,162892.0,0.89,0
-0.325070697109854,0.713827851958819,-0.54322907182698,-0.662500153047823,1.73730235742767,0.616716218351452,0.706365903887565,0.263979951777884,-0.0848994614492733,-0.876425516094926,0.14106456834574,0.548628867936009,0.70889149694583,-1.11743532410878,0.521420655758348,-0.645241628591761,1.20239918330939,-1.75299658631913,-1.35971073019698,-0.0887944925634091,-0.246160677522573,-0.386002681535226,0.412131872050684,-0.434925865970266,-0.582541151568735,0.204497313721258,0.178397844655901,0.0463204047746795,162908.0,2.69,0
1.99470445826481,-0.256523015584415,-0.314340957693352,0.318364279106371,-0.645230564907122,-0.718646275284249,-0.45641951244133,-0.0766838905222864,1.32444877473934,-0.234333802946562,-0.728137742941814,0.514635038341953,0.120486327947739,0.0697112645070891,1.11437236993889,0.181638487607033,-0.627328347024925,-0.0578326076203799,-0.192401281627187,-0.249143594991726,-0.117108892579979,-0.187574581535982,0.351488551067976,-0.142381284383817,-0.371933537582177,-0.916703357206378,0.0626853321281684,-0.0281342499060167,163019.0,1.0,0
1.97577281809294,-0.232700647323415,-0.407281366111726,0.114041067633675,-0.324492608544169,-0.178382089014755,-0.488400634758564,0.0261543361533494,0.913179645228582,-0.0987644294668276,0.87279079357297,1.70638423982026,1.24315127613676,0.0177697926725914,0.311785427832657,0.419929830177249,-1.06320760036874,0.403657137709566,0.213172288384178,-0.153748993494525,-0.0737875554275734,-0.0414386903924252,0.284635756723031,-0.493200598386039,-0.319298018143962,-0.917646340627942,0.0659531249730218,-0.0391740687748107,163025.0,1.0,0
1.97354986065847,-0.452315994649032,-0.47031138955274,0.143498549597726,-0.595035048021692,-0.250506361582392,-0.69407011994773,0.198375979846654,1.37218753592375,-0.0097279344622087,0.355817233901229,0.0941398242023656,-1.78830378703628,0.621066941980021,0.644388018959097,0.562129228611836,-0.88997694446755,0.77558024773886,0.233639427270087,-0.347975882184555,-0.108641936489902,-0.289707933374043,0.321022171529583,-0.576199211040627,-0.421868942846904,-0.907487719674839,0.0461357637492411,-0.0456846588962325,163038.0,1.0,0
1.59902718316134,-1.23389104113089,-3.53819676562945,-2.10997592793477,0.803906722637709,-1.2388756841716,1.38257056897385,-0.691339629686724,0.942492153450847,-1.11957249189387,0.827787785340344,1.87383051503749,1.08343273022353,0.953231217996007,-0.0191299496334391,-1.54959482777683,-0.370958355545271,0.329182539964278,1.61535124403749,0.551241304382313,0.535258815331076,1.13721928033955,-0.642789464307671,0.240241850636721,1.00081690266445,-0.430949261866007,-0.096064522407531,-0.0354535616815346,163111.0,330.34,0
-5.23880773573245,0.623013013517624,-5.78450659224569,1.67888930740175,-0.364431871608896,-0.477294697773818,-4.27613150437269,-0.695172912010584,-2.97164438627248,-5.52913123107677,1.77950450310136,-4.83615901427864,-1.20899187512247,-2.90118981074214,0.281878305641659,-5.53954431982868,-7.2909602133188,-4.89776603568321,-0.30860899195249,-0.203269802188999,-0.326139919163346,1.50923868732044,-0.215966267193936,-0.245726907285863,0.893041276540073,0.865758089249014,0.854657016693772,-0.964482422283343,163181.0,39.98,1
0.136284157538728,0.962680783775252,-1.23948373421198,-0.21126349730812,0.423507659098001,-0.813539977291843,0.549711471905002,0.301846306983319,-0.315882996517099,-0.966046494279568,0.524470100792664,0.16485364237357,-0.511400043557432,-0.241376563396801,0.0430557648152185,0.574571216725142,0.192853080215356,1.44224480034186,0.213041887623008,-0.180267610429016,0.361397698384234,0.925417247231985,-0.0788013956092383,-0.581132259002004,-0.240785816559241,-0.139107943547885,-0.0880162724476017,-0.0604826148615071,163206.0,42.81,0
-0.886072285023287,0.826824402585076,0.618430243023064,2.0683288988581,1.07245549508677,-0.680242195401304,0.8286207732562,-0.302973872815527,-0.871039904528815,0.403025723011841,-1.0502411422127,-0.853914067735764,-1.19359343314451,0.755161885751354,1.05876817714432,-1.80647891150455,0.955316763229312,-0.0361197050448229,2.69989001718148,-0.0245155007444582,0.0346693430319711,0.310440090405,-0.657440068862833,-0.0491403227249585,0.819791369291421,0.0714526511267699,-0.118045194473105,0.104664662281956,163302.0,21.95,0
2.17575163256795,-1.08581130966455,-0.444405198534833,-0.849179639284769,-1.12123260678463,-0.216643102296303,-1.27577027284072,0.0353774509764168,0.40901456507206,0.716377085604363,-1.12681986441158,-0.746230150637848,-0.120117200216388,-0.607433883350094,0.154458138531431,1.23758618072051,0.109027562952221,-0.863480597822952,0.456597486894638,-0.0337532051278961,0.409244538797235,1.28321842879571,0.108973230824446,0.708447330621088,-0.0845643165702962,-0.0028038823804398,0.017429539576868,-0.042037825602895,163354.0,6.75,0
2.19567815090205,-0.40128708539195,-1.88988825772513,-0.352647738839544,-0.0338006761254688,-1.4579810529317,0.369682332131568,-0.619224977875308,-1.03573917016882,0.918455759794716,-0.820225792363725,0.5368009612405,1.20794066895486,0.226250274691167,-0.550003255966491,-2.25675086561437,0.180692461533676,0.319719658781992,-0.683591425523085,-0.551961711216952,-0.239770363825495,0.0122581225311673,0.0364240675493163,0.064031479384844,0.257005902585246,0.826969101504353,-0.0887191730063392,-0.0774658897429358,163416.0,18.55,0
-1.27738368170615,0.475688470354905,0.892466110689005,-0.726985117105924,-0.200704004602319,1.10453542149119,0.899566282479723,0.563768623321752,-0.624378475885192,-1.28926578888963,-0.244244457572746,0.941212678234289,1.49119809663947,0.195929639744479,0.294624708892853,0.747177326779252,-1.08330655345209,0.962422546763961,0.997686274241367,0.506675881085728,0.022337939076329,-0.427872254250024,0.139599784928487,-1.47749343038981,0.581794864388647,-0.347443124204817,-0.125559932960051,0.0077055702333482,163477.0,235.3,0
-0.212452020296389,0.540249900495275,-1.22153333160791,-0.760351616809252,3.68598805425925,3.5103844782355,1.16036804558878,0.551356797022661,-0.620029752883104,-0.289232585417887,-0.415259465715025,-0.176827236660173,-0.582760289337226,0.435380876555932,-0.511392569508323,-0.833177537285301,-0.472899594803037,-0.526640293497493,-0.348075876623266,0.0376787517407909,0.0990636724669865,0.387816469276291,-0.167422085847171,0.694366720406001,0.0182906252150823,-0.631465800396203,0.0120488942586802,-0.0428278866529771,163556.0,47.19,0
-0.63203165046525,0.774537404751379,0.126786754209791,-0.156466700324597,1.37841099690039,-0.603369721806116,1.56422666206795,-0.111046058428427,-0.791237937582538,-0.576467964673274,0.010603765210014,0.0715998979390917,-1.28020371357335,0.764346919805317,-1.8311588673878,-0.227965844839985,-0.730149970800118,0.164626613729815,-0.451892461417139,-0.173718413231279,0.183318077753617,0.437184354583021,-0.338437707316982,-0.423506001740347,0.514673182648625,-0.595529602433438,0.0728604864713481,0.119877525285518,163604.0,49.22,0
2.20588140358255,-0.726902097340372,-1.23953566870594,-1.06836029615247,-0.488132007506378,-0.853297095600875,-0.509924613612344,-0.236103752486247,-0.735562494553676,1.02504121515525,0.856833734492827,0.147195639591692,0.489506299250814,0.0880369481261623,-0.299528753333936,1.27054098196057,-0.277043016116891,-0.756857199554421,0.835788678151159,-0.0033714192774106,0.383479987231365,1.10759162965465,0.0132767157678221,-0.284563345725372,0.0889952071483531,-0.037444732772736,-0.0316472178078711,-0.0743228832684602,163640.0,7.7,0
-0.684207857083138,0.988211747889593,2.16769719486542,-0.397075041362048,0.0282781359623434,-0.290137530128657,0.673310958789895,-0.193872110098159,0.332217876325644,-0.486732707946673,-0.521637208207623,0.218325107635491,0.563200729697283,-0.361108615582702,1.33713799700779,-0.350865458847658,-0.419303801516833,0.0729352804947333,0.638886988106182,0.244330209398255,-0.181832951908422,-0.197222371656639,-0.312612217161264,-0.0445667035482522,0.341077974917507,-0.683260608826036,0.0619971112224631,-0.0805842549580154,163645.0,1.0,0
-1.03558504342293,0.882937906946337,1.4994731248072,-0.386286298551894,-0.249060393960176,-0.193048307765706,0.483220757859342,-0.262033138205945,0.369129056674613,-0.210170900912224,-0.951882242060637,0.45669955551806,1.21903075028783,-0.722001631443772,0.161758382734244,-0.0386290554186168,-0.464686469117259,0.0599717596919313,0.225955143553664,-0.158825040088963,0.303196241979103,1.0040335712239,-0.214738757718313,0.0813990651559045,-0.0973658527577442,0.647876638917736,-0.529474165670529,0.145466417880246,163675.0,35.9,0
1.99841282110511,-0.380336343950395,-0.328548779493297,0.356542078236081,-0.868436784900679,-0.878579176751754,-0.566324578117331,-0.0007930459046893,1.60271295894928,-0.171521168514972,-1.04608374634399,-0.472508782005953,-1.73718477032288,0.435882415906349,1.2662438227989,0.311326716904526,-0.558205334284449,0.24067828959773,-0.128392605631722,-0.363292699445734,-0.140729383677099,-0.352923293856146,0.37368280288602,-0.0883093070327046,-0.4267568958462,-0.918977588979654,0.0474749101194013,-0.0310037961872442,163705.0,1.0,0
-1.6402400200285,-1.77481020957472,0.159131672923755,-0.980133652665884,1.19307020291544,-1.18781954822662,0.324378181797654,-0.563149089132816,-1.32565307440959,1.14524311777853,0.854672222559228,-0.463287710684514,0.453003850255164,-0.218715521292375,0.0364627715862566,0.735159628972622,-0.104839395240301,-0.457475723757064,2.08166010471975,-0.575311723275947,0.234909332677147,1.89318256271315,1.15472972423065,-0.256861514134102,0.122395987646203,0.210754186420506,0.219564096791032,-0.371476785872859,163738.0,25.0,0
-0.268194106443715,0.733095348457008,0.860555589328141,-0.400840987688328,-0.487499389422565,-0.54186274832493,-0.0519387590853006,0.388480939847384,0.447700029893317,-1.10031841214004,-1.16643843660604,0.839917566975611,1.06848689618007,-0.199002525042832,-0.121606754307854,0.167514391721191,-0.498279723006019,0.245083978767779,-0.444790811928347,-0.228623276202533,0.324092529340796,1.03918806638293,-0.0911357783062398,0.0918023247211378,-0.291259641221599,-0.291187708126022,-0.0034806423969936,-0.0022936813427362,164044.0,9.99,0
2.05407188551057,0.121940672637209,-1.79976407268094,0.229003330938993,0.643350832376476,-0.38040673878856,0.0948940957414204,-0.086496382755053,0.211718653400804,-0.216985387153109,0.914508216352888,0.888386230410188,0.314923450877793,-0.722102830318393,-0.504768901539974,0.585779772981748,0.098934657030463,0.249354265976698,0.452178035631037,-0.118082949320243,-0.329406508937132,-0.863218833675717,0.287794043015577,0.193520072299587,-0.238957459637701,0.171645180003445,-0.0649603114677317,-0.0431040874963003,164086.0,1.29,0
1.82920563611471,-0.386046361669631,0.0207913736866768,1.19589570665838,-0.563967376426899,0.345231512443432,-0.773585803690933,0.211254673301957,0.862693137685536,0.27554641363004,0.489084793380465,1.22932854087157,0.661683672240631,-0.140258170081989,-0.0382603910742678,0.798623393477366,-1.13821403801842,0.738086377747611,-0.316976242056507,-0.117614836210185,0.113159129316655,0.409260045295784,0.182810346890106,-0.494273197554988,-0.327810691632693,-0.75035440570682,0.0734385377608389,-0.0268155261380171,164194.0,45.0,0
2.01148229940425,0.0952103241285002,-1.61145034568169,0.337049091405461,0.406126398649515,-0.577021646118971,0.061871617834605,-0.0671053578384251,0.241405245709503,-0.213810657052959,1.31747598902186,0.84105600861704,-0.192972194520816,-0.604215866641647,-0.445893979304466,0.408597268233348,0.351813789953086,0.057302126994546,0.204342475839291,-0.16669132889421,-0.297175065511598,-0.78670501847896,0.358208064885664,0.606482156557708,-0.331568364187681,0.148765734219071,-0.0639164865121555,-0.0397570758085666,164214.0,1.29,0
-1.51679252973919,-0.0273974898262116,1.10843594608628,1.22095037380038,-0.123197899565805,-0.413663653787985,-0.0793133315042804,0.388126916434574,-0.34784835377668,-0.431587763630336,-0.829962874798721,0.454072190124649,1.08529449572507,0.212572303006535,1.36259495726249,0.32460094048455,-0.414551573348727,0.390491463048334,0.181191935436968,0.109378943754869,0.215070525948148,0.310341141235022,0.0480163168844924,-0.0250761159878876,-0.689535265399714,-0.74118957416784,0.0228226962591806,0.0983324048838866,164216.0,109.9,0
2.19081729097199,-0.874058113003248,-1.05663477801629,-1.01886067696744,-0.630199395823586,-0.628740537648466,-0.690178115494143,-0.0870536981551392,-0.0958848274572761,0.783865685775428,-1.05587526393072,-1.21378641685948,-1.01823629603527,0.0787510673791279,0.488302821219387,1.34404507378526,0.0795825098621731,-1.58146275270084,0.888506467510597,-0.0529068619590118,-0.289188289498819,-1.0316800877766,0.489142923118493,0.37528345076531,-0.544473166064734,-0.702822796897801,-0.028926453188017,-0.040450640995654,164237.0,24.95,0
2.12308251745243,0.194051467156389,-2.13420907628128,0.292173844121193,0.681576634697857,-0.923554084923789,0.275733935949195,-0.346010352896595,0.62145504429296,-0.479957165367833,-1.23335426318948,-0.136960944046141,0.446473144378749,-0.843292979499828,0.944923987967487,0.493597524378993,0.003567460075885,0.806752080682212,-0.043850750745528,-0.147690783420933,0.132694913759718,0.569862690012809,-0.155595265420859,-1.05987071886704,0.399598205320127,-0.0403146407740756,-0.0027163244722646,-0.0403971633254374,164239.0,7.39,0
-0.303774006458076,-0.345091466083778,-1.68347862186607,-2.14312533428056,-2.80277081106506,1.9766522240032,3.81073438921404,-0.817864685806979,-1.47224302462658,0.0131628386120126,-0.176679534738891,-0.826457944003593,0.712743098239023,-0.245118114286778,-0.566244624511335,1.86049268864959,-0.909944664383022,-0.196417355288406,0.970738371088295,-0.353604767093395,0.296327920373336,1.4068496651568,-0.202082622157479,-1.26968975982372,0.160154958709101,0.0699196588712977,0.284477751287996,-0.2807792072883,164257.0,781.0,0
2.35516449863247,-1.41889761943769,-1.01082195654972,-1.72317247441638,-1.02691753780477,-0.112948301494772,-1.3451559836296,-0.0619971471283478,-0.950523035431783,1.56182211831788,-1.71492260153114,-1.19490963577926,0.298223730944493,-0.543900552871327,0.0539924455289794,-0.199402120920152,0.183175521096229,0.304909826009985,0.0590530089890743,-0.424178359882324,-0.204640957854949,-0.0821514915097877,0.221897722872592,0.0544768445984566,-0.17847905705839,-0.167178237630216,0.020678845101917,-0.0467045141813234,164273.0,6.0,0
0.127884733821643,1.00177712083628,-0.526495117088489,-0.75576873109055,1.20382690459577,-0.215516439007619,0.866550712405759,0.0682087655483848,-0.328991194300487,-0.680619041630041,0.785884451479641,0.630597806247536,0.279854801009084,-0.896662931325591,-0.89907376732757,0.560607206028444,0.0232362268821885,0.270800376586577,0.123720280910958,0.0481996257868461,-0.306231270156446,-0.740345144775349,0.0350794510845819,0.125672728189696,-0.408890074682359,0.121364088148169,0.224177523567633,0.0703327821179349,164315.0,0.89,0
-0.959155929693646,1.96194691732079,-1.42587897133874,-0.199840690757751,-0.0400087235019716,-1.43619331332363,0.304802252541368,0.607620276245456,0.0204719791210782,-0.618545647404737,-0.688033461581398,0.201205101126521,0.269379634797992,-0.380836929378133,0.664916751300945,0.160659117267096,0.801005510772809,0.621744534435186,-0.341894187030261,0.0578077873006888,0.289536672098986,0.985328997011272,-0.0754841336669483,-0.0816331907880018,-0.184852025535439,-0.122661158326868,0.35979702382094,0.182852268313731,164527.0,10.59,0
2.0648131341229,0.0555775820038937,-1.3208365861758,0.349761605254338,0.0816003284697423,-1.30651466447975,0.340912867670506,-0.466539416586073,0.435465533689573,-0.0198891121639261,-0.564310183015577,0.856167304363289,1.16514516043944,0.269246912926484,0.626621279421352,-0.248758366472119,-0.587199111354505,-0.176849823013446,-0.218255047241429,-0.159061919336256,0.258026757231145,0.949675885181464,-0.0272984787980016,0.0432532291438106,0.310535172547761,-0.111258434764265,-0.013963900031199,-0.055636671237973,164542.0,8.99,0
-1.39007692908253,0.217837371165192,0.639785498646188,-1.02640450763217,2.30596309887548,-0.781936924169546,0.566191308866523,0.112987022216086,-0.816231749055037,-1.30503038833141,0.715881390365416,0.56484033594176,0.2798577340428,-0.847226805397622,-1.07611700719694,0.723823984534355,-0.101265193610636,0.354011686590286,-0.0839450174822795,0.219484154738762,-0.251596197093784,-1.08237407723946,-0.205555176015447,0.191696305449658,0.674536138503507,0.210001709854415,-0.0887338203573073,0.0720723728899397,164667.0,1.29,0
-2.28836242684134,2.57026483507169,-1.70439071245161,-1.0025802247432,0.942690591395157,2.37785724912517,-1.60180483122103,-7.81860781767676,0.565177277028587,-0.190238029192827,1.56350070751908,1.16254479525749,-0.293325659287961,-0.664736379136211,0.424502756079286,-0.350568249418009,1.34756235489493,-0.0726960453899625,-1.57221722423545,-1.99403738443622,7.92943852857923,-1.20274469163844,0.845697699569788,-1.6202884629857,-0.362791996106709,-0.0930863038345697,0.438365762650447,-0.141375163428969,164671.0,74.45,0
-1.52932509537386,-0.745670717902823,1.10345108077828,-0.436258211554074,0.636547580140344,-0.01505771786994,1.62211471832237,-0.23816123291695,-0.255568804494546,-0.922492912050151,-1.24302896773936,-0.500181307373945,-0.150443392452394,-0.130816200886523,0.133815405475758,0.131055950140647,-0.67227034441862,0.030767743327584,-0.0866983194151074,0.875840177683082,0.122331143040388,-0.237351452011049,0.38405441828696,0.452881432127447,0.782605588206049,0.293926283813111,-0.31549217442608,-0.136185584768721,164684.0,309.6,0
2.0623892607475,-0.0748279468641196,-1.0679462674787,0.421705994447866,-0.180511771206806,-1.22799519328663,0.159369548305901,-0.314644414039459,0.596466766967639,0.0842850249291349,-0.795646741471638,0.246646356158232,-0.304052155550572,0.348766590102676,0.0794988856894411,-0.0906766463075568,-0.263903021551057,-0.827690289757944,0.145401196864516,-0.249205760008219,-0.293200501940769,-0.727193406475232,0.346161211632096,0.0362512273817572,-0.31178726499175,0.196664534035215,-0.0730215217218241,-0.0607214897362646,164687.0,1.29,0
-0.686353754627993,1.00712712990509,-1.18053715743509,0.0943029611668873,2.97054003327447,0.868361987400926,1.6729309990428,0.132267453296268,-1.11103797521178,-1.40901470241419,1.73140645218692,-0.497120242555032,-1.17565631751146,-1.88285084356975,0.449960165326862,-0.0436488992544556,1.92632221985873,0.283884167825266,-1.56790800581471,0.115481458126535,0.0760835167649377,0.202347319878383,-0.134027412036494,-1.09995211346472,0.119245963305671,-0.57350173740305,-0.0183466848704599,-0.0344919037465004,164770.0,87.27,0
-3.11675663784869,-0.408773515258716,-2.37611140911297,-1.28457338630251,-3.58573205966899,1.99658669819511,1.27133253732788,-2.96183150694241,-0.699954362744095,-0.138201776845185,-0.172629569579615,0.469371294373969,0.383597204511987,-0.0509123871365167,-2.43928117665972,1.12411787491276,0.705114811814777,-0.815448408255304,1.05856738734368,-2.07453494856169,3.12666309540009,0.878934280087259,0.146502445495276,-0.281514130014106,0.511217940657405,0.332161840192869,1.17316059220216,-1.07252238182066,165020.0,593.87,0
-0.394627034581398,-1.48052895695221,0.444414978761422,-1.66111381339468,-0.679485855243941,1.03536929284054,1.24250808415395,-1.05692202000315,0.200667602747999,1.65645224872344,0.869281504843439,-0.908373777050316,0.0081027747022025,-1.42167883963111,0.140924129636561,1.37738742171285,-0.870918185422922,-0.31920018523639,0.962426868208303,-0.160311063933831,0.13793180794985,1.44036823492408,-0.220319154069365,0.290179981149711,-0.630410226606695,-0.249126254081998,-1.0387920315041,-0.547367327075873,165064.0,320.0,0
-0.349258213368997,1.41229959259952,-0.612550939109962,-0.60913705558792,0.821445227906927,-0.422215407627018,0.385215911449787,-1.6283361802022,0.133886904777902,-0.69117872903457,-0.73858847660891,-0.144303611296797,-0.337579598947422,-0.899683863695059,-0.191249385271899,0.307421870685062,0.555098765599634,-0.229621130609323,-0.317601008929156,-0.334994259631336,1.18541000132391,-1.36329393566055,0.326892279370058,0.462221419931008,-0.404066512175411,0.132903816275314,0.292721201476708,0.0988068387528532,165073.0,1.29,0
2.10801971165703,-0.0293430871450025,-1.34320041718361,0.249541744615448,0.246432166843157,-0.803078773613685,0.214339114356511,-0.326419933395023,0.494853922606816,0.055287594277404,-1.25349695469772,0.540206484849744,0.805094341339297,0.111035682182397,0.022770762537262,0.0675011240362063,-0.574652488614406,-0.71984317759876,0.401834880029874,-0.158717693165838,-0.326508628028933,-0.776533762611513,0.245796403058867,-0.637677847461701,-0.185838525292062,0.23652450116963,-0.0679211820842413,-0.0653068418227074,165091.0,3.56,0
-7.50392623748137,-0.360628009949399,-3.83095228272519,2.48610285639632,2.497366775329,1.33243694265115,-6.78396378716369,-15.4153849212396,0.465511605096266,-0.39438126178315,1.05410721205494,0.974058515963307,-1.45366801871907,-1.42561990549746,0.577661575273881,0.836807763068655,2.84494961758243,1.61350955823594,2.54831265500006,-0.475126442823018,-6.38913186553574,2.24996439320029,1.67050826686181,0.140450002467555,0.162147414308657,1.20773090940574,1.26895846837763,0.097538236000963,165132.0,12.31,1
1.98511691947703,-0.34591056273167,-0.269749988475809,0.475152010429338,-0.804298449784851,-0.783108015889499,-0.508946015125612,-0.0430006617332056,1.40804140680211,-0.136883471712345,-0.946871588847108,0.0804218482722801,-0.757938405106676,0.133393716757497,0.743393153461109,0.228649865362783,-0.490092940436515,-0.0948631230310927,-0.0731083268933954,-0.285184491664416,-0.190023419600497,-0.431554042783251,0.38515410592451,-0.0217511003457572,-0.458035934935767,-0.621825390091275,0.0298845147264846,-0.0325860788110738,165142.0,5.95,0
1.91740129548917,-0.304829250956318,-3.25089568057547,-0.556918340226678,2.62941052394671,3.03166314875407,-0.295340308536857,0.708126484624218,0.432322127145153,-0.48530341135818,0.411629783198008,0.0631649939289539,-0.183499006916048,-0.510348280040729,1.32942440789653,0.14086370356904,0.313534991698222,0.3958819530744,-0.577609559568131,0.0036768057959678,0.232723678467805,0.577637887290006,-0.0384880224637666,0.640191351321122,0.265334216709818,-0.0874900464657786,0.0042431515539876,-0.0263658166974907,165175.0,69.0,0
-1.56079547244852,2.10985310910604,-3.58874068194772,-3.35589500887038,1.2858719645364,-1.6773563534244,0.772840834321755,0.917108851672727,-0.030201386477413,-2.62247367098465,0.419809843183828,0.896876409369283,0.181002841366574,-0.760242909169757,-0.809151521397737,0.747380713467391,1.04516681761609,1.47130641336677,-0.311684193856834,-0.273008661621062,0.226341440176437,0.490147809498589,-0.246997403111748,-0.286916083684233,0.177416339481042,-0.339126405328382,0.0204234937039275,0.12963619253085,165241.0,3.92,0
1.94528268078254,-0.465304874733975,-0.503607800476076,-0.0133416005966336,-0.510943983127462,-0.278586019714584,-0.527612874830227,0.0783561104297817,1.06184594309365,-0.0407196712117587,0.659422485256465,0.98776186291724,-0.203134277357712,0.232360912589545,0.0616775535224271,0.427838140171929,-0.782974458156135,0.192964904193546,0.407698993427291,-0.181848229694173,-0.197438343928376,-0.506816754414405,0.351517715272362,-0.434498180649239,-0.52734543399585,-0.319814809036443,-0.0011161171088371,-0.04869046184306,165277.0,22.85,0
2.2775721472148,-0.651683603771908,-1.87191225530842,-1.3656712569273,0.345517899398571,-0.0487691682605619,-0.396393908900572,-0.201573679009065,-0.941810713289665,1.00426161190983,0.33128836047498,0.414207808653351,1.7217878433525,-0.132553460887115,-0.405732314976134,1.35248987488635,-0.597901363367421,-0.593110162428637,1.12256106071489,0.123706548570849,0.42153139011022,1.24765719709439,-0.136404745085476,-0.251938157059275,0.385374524967151,0.0775018887016397,-0.0393288999741558,-0.0773197379146765,165514.0,10.0,0
-0.977169605947594,0.972652177646304,1.43414361414159,-0.696627904209695,0.15271568230495,0.653968489986316,-0.0468883529097768,0.766009756764341,-0.322281543525361,-1.09292788875608,0.253162857071109,0.661386760250826,0.0098673994806333,0.380159118105441,0.0702056427652133,0.374960728523253,-0.567773481269847,0.661785737267542,0.840131525376241,-0.0764000089107386,-0.113000272549544,-0.48242989094519,-0.236420580456876,0.183175254304047,0.358560950115553,-0.434259313712865,-0.0544046550293054,0.0001203982399489,165520.0,5.0,0
0.910217485676016,-2.26370542439999,-0.101326414350323,1.89665194113535,-1.46305196577696,1.08521080981076,-0.695013918260188,0.292007079007441,2.02241334297019,-0.274505104121589,-1.91325752135242,0.196881811809655,-0.341296923993706,-0.703073263441943,-0.379811988136965,0.396085890440712,-0.483762634274878,0.674104330992321,-0.484429499731047,0.785839209565531,0.453368855782891,0.506161929143755,-0.293331739311956,0.490756332563734,-0.351457137671891,-0.592026852045015,0.0130782631046473,0.0749944075636546,165530.0,519.58,0
-0.487328876369028,0.790625009613401,1.7378957895921,-0.600526562477482,0.376354526219152,0.177345850820883,0.566032661500217,-0.0276533628654057,0.576057225215584,-0.539750307620027,-1.77737634902156,-0.980202421146944,-0.825444109572719,-0.0808838074919066,1.53147620179688,0.0978777702504457,-0.75716091344623,0.701160451064177,1.11049754517365,0.194604900474459,-0.293357648957333,-0.54045871575038,-0.439736006894375,-1.07699681228761,0.452704105863386,-0.605664439581636,0.184834358961637,-0.0916979932031966,165575.0,1.0,0
1.98908409184365,-0.323852846518507,-0.466053460261901,0.116556425115926,-0.43921303105981,-0.251362938540228,-0.567236186773529,0.0820850584960931,1.12484170211206,-0.0504228657934412,0.522667241984481,0.941464780566823,-0.0923135357044935,0.276719001186687,0.418473542837177,0.564452613320284,-1.07029630231546,0.683711781500777,0.323246248344004,-0.231661560096778,-0.100291987361683,-0.190056556711395,0.284623605525805,-0.556827027549735,-0.339724678303923,-0.913459673166248,0.0538343991667396,-0.0423015953681926,165626.0,1.0,0
2.07151719942131,-0.303268378473841,-0.72714858577049,0.102207984135738,-0.241139239048716,-0.258706242170604,-0.490387726539723,-0.0171388340393298,1.45459564946162,-0.212356909948415,-1.71535029594563,-0.0436119837388426,-0.116697399056904,0.0876731990952663,1.18291972751824,0.542089481248983,-1.0124986637891,0.397640211131003,0.247477707039656,-0.237794771123605,-0.191424710948794,-0.423295692659834,0.229912336832245,-1.07351380881531,-0.241451368868863,-0.860363110631921,0.0555560920539786,-0.0382837365728707,165643.0,1.0,0
-0.386245999764625,0.0744199890932513,1.36167235413132,-0.925052242663592,0.510477261099933,-0.190696102398643,0.468401737743985,-0.0233446496419586,0.189241962174162,-0.394143289293067,0.236013357078218,0.12439298489874,-0.667927531381843,-0.0347004992465417,-0.515056318495366,0.666653920648398,-1.08906161071408,0.377260130766018,0.295302340971938,0.0566399697709647,-0.163152265345418,-0.454587177546999,0.110081619256814,-0.525259877632238,-0.942741329622138,0.138003297419971,-0.0586624344848557,-0.0481200644133145,165934.0,31.94,0
-5.76687873469586,-8.40215367768915,0.0565432462509224,6.9509829448522,9.88056402552862,-5.77319176920948,-5.74887919911031,0.721742893680168,-1.07627357886614,2.68866993252224,-1.47514531556892,-0.0504679838548109,0.11350047541885,0.98434361557577,0.363968739240705,-0.674356809209657,0.327463514418321,0.0914699151148088,1.30794073758635,2.49322389130791,0.880395096548056,-0.130435547668829,2.24147141354365,0.665345536539228,-1.89004142193457,-0.120802763842984,0.0732685585796402,0.583799418317518,165981.0,0.0,1
-0.956390354534089,2.36159360978361,-3.17119460723168,1.9707587789256,0.474761353851904,-1.90259820435779,-0.055177812186404,0.277831228585655,-1.74585416512772,-2.5166280017922,0.874051625366684,-2.51310432869389,0.0215750823066827,-3.56511884467947,0.461153428310475,-2.01571274629308,-1.7314131905532,-0.465814727140309,0.527619755594392,0.19087690343816,0.4732110860249,0.719400298090367,0.122457847823505,-0.255649852132098,-0.619259299031992,-0.48427999484406,0.683534592892906,0.443299499267762,166028.0,39.9,1
-1.61525336046279,0.956936819928155,0.676205637047959,-0.54203175277094,-0.773353753779149,-0.444290564170972,-0.0267051558872306,0.581303626346343,0.44917738808379,-0.464227451030908,-1.27936841356741,0.62620803259731,1.02119154971915,-0.240042647341836,-0.146712377107759,0.403335242452995,-0.422625018999405,0.145465951288153,-0.420388956104983,-0.0094629912311769,0.25263154786858,1.03064520561212,-0.293835044799105,0.0792677129185635,-0.266054870215643,0.566712021693596,0.028628302723874,-0.143183848099394,166082.0,69.99,0
1.85279757590173,-0.21524047101606,-0.410145652458731,1.37629095987652,-0.0687102029753362,0.462620510085792,-0.334148520779884,0.18687420794447,0.798189024487899,0.114783848280375,0.563554688658937,1.76967513274404,0.396658099987805,-0.208424455857483,-1.89926873898344,-0.298145418098428,-0.295195597982417,-0.529990522532136,0.420651115679147,-0.176219796466173,-0.451097775314182,-1.0794668058488,0.446011915008531,0.638039296940591,-0.333237339875719,-1.15979731151116,0.0498459938372311,-0.0286693252012553,166181.0,27.62,0
-0.810210129809167,0.91067039880779,-0.186547120872806,0.210018419556072,0.157905817171264,-0.798468096832324,0.931896926552598,0.163823805503928,-0.421329262644754,-1.71264133755362,-0.482433435226261,0.65161071329384,1.12772286932465,-1.35489451486396,0.0075014868795733,-0.464120448089992,1.58420766738121,0.161431475675642,1.05670557136558,0.306252426144622,-0.0195996859880623,-0.14348853281774,0.107292135631893,-0.0919818223219027,-0.149475841757103,0.0616874416850355,0.0140327778998322,0.102247739972044,166221.0,119.44,0
-0.82261517443105,1.58564884502162,0.372969136201565,0.929833848427184,0.725743541816678,-0.733014346718298,1.16214996039349,0.10547114501826,-1.26495437294471,-0.64606593457675,-1.29127118694931,0.0270865199741993,0.0691465104952782,0.750374054764415,-0.231307021068076,-1.00901585264375,0.338048669085256,-0.223118827357143,1.04082469278784,-0.0777664198409242,0.090202870106285,0.280038880151881,-0.592057200727461,-0.0791483766078483,1.17531214321233,-0.180257097115347,-0.080343362990166,-0.0211830675102253,166222.0,7.4,0
2.05258731766416,0.104764194110992,-1.80483527775234,0.231572287869348,0.624224246817865,-0.385075994659002,0.0817867931000228,-0.0749330901333283,0.242933373504849,-0.211236094154278,0.879269904833381,0.77848889501693,0.108356350701974,-0.680812720524235,-0.482004650520437,0.595566193743217,0.110766294610907,0.274854032057297,0.453353143108756,-0.129920534142399,-0.331364851728974,-0.880510455825569,0.289666769278202,0.187896481591643,-0.246204282855475,0.172264223172075,-0.0664418685832226,-0.0434278501305532,166226.0,1.98,0
-0.491066474340586,0.543102310193743,1.04824174187949,0.389435424482016,0.491254566221497,0.217783517651997,0.525286238636055,0.194975063724796,0.737095206165306,-0.629412726908789,-2.51229080844003,-0.968609039177578,-2.21490531645267,-0.0168427874977939,-1.31832971648675,-0.219704573364533,-0.245604116060128,-0.312080670574906,0.354980368754663,-0.329842612426104,-0.471255138005838,-1.28308717762402,0.0597446290260572,-0.913839584208808,-0.59869159416974,-1.12769769481883,0.0715568637765948,0.20807235952365,166307.0,19.99,0
2.30307348392633,-1.37616589070743,-1.19446216892253,-1.62516808645962,-0.993985952975535,-0.506291041018805,-1.03407605005773,-0.194812043537772,-1.20581369664482,1.57260315052716,-1.31786926474656,-1.00171438908648,0.322296586949989,-0.387530601703384,-0.138786435907972,-0.506508846224942,0.39931140073017,0.0013287450471435,-0.0087562583100741,-0.386269387425201,-0.187474940164126,-0.087275019809983,0.216039854809784,0.451921326450198,-0.118698336041605,-0.179043065349608,-0.0002565762231518,-0.0451037919323095,166387.0,30.0,0
-0.443204693771676,0.198927916671269,2.23353674218952,-0.148595741170387,-0.263610007396846,0.895489635320448,-0.199918319505791,0.182248524919887,0.623647373354688,-0.248264088809093,0.831834988686047,0.62833744937629,0.254177558885634,-0.507666587128556,0.728100807409358,0.161567881612261,-0.725148464442177,1.24830500755939,0.804051380122236,0.124224035423975,0.335822779738499,1.23646450712448,-0.195879854788169,0.737660329464175,-0.542728754895031,-0.195519209820996,-0.0460827580570167,-0.0511108203576498,166447.0,39.99,0
-1.58884570928471,1.14922168950211,1.01053616336679,-0.624394234472349,-0.0262560773631389,0.574171226452774,-0.381157662950846,1.09071075189758,-0.554528817807684,-1.2305093661177,0.282426997887099,1.3464638460743,1.05312039319597,0.474238631804341,-0.0506565822254522,0.453864713564989,-0.461589058380191,0.57039868338986,0.833911174919087,-0.157998361960776,-0.0504473171690258,-0.434254333777884,-0.262985811612371,0.218062914456462,0.384885858904982,-0.448560307206002,-0.260600282811743,-0.124818675635236,166651.0,20.0,0
-2.02713542158538,-1.13189035724166,-1.13519425354743,1.08696263677666,-0.0105473464481483,0.423796701647855,3.79088017117747,-1.15559509817023,-0.0634335699320076,1.33441406239882,1.03201558219625,-0.722023081820061,-1.53323965243517,0.334119448067333,0.297478860324539,-0.429391896447094,-0.824644210487403,0.489667798839098,0.87334427153726,0.0338040154798561,-0.315104559619618,0.575519699616524,0.490842008633879,0.756502366364478,-0.142685358889407,-0.602776608703914,0.508712458871011,-0.091645525701271,166831.0,634.3,1
2.09190018751563,-0.757459362256544,-1.19225763407193,-0.755458092963448,-0.620323625943217,-0.322077026663935,-1.08251065680614,0.117199961876445,-0.140926651717943,0.24931080342673,1.33831754595819,-0.329759339656804,-0.363591188943619,-1.82483910494673,-0.229678513727838,1.84234692345975,1.19421171382239,0.0374666576390236,0.423099369076423,0.0374375437836754,0.288252720367131,0.831939310447442,0.142006990607899,0.592614974257539,-0.196143145198634,-0.136676262268618,0.0201823653167864,-0.0154697051692816,166883.0,19.95,1
2.06620475302151,-1.16725519556319,-0.0438740447046005,-0.544364515445912,-1.39343918923507,-0.0305003173321644,-1.42195450681186,0.0651849196051969,0.33732493871178,0.838983618051385,-1.63000794246029,-0.305368384177357,0.823382011497091,-0.483319026299956,1.39493750750808,-0.244425382716355,-0.932607625968237,2.02503063379563,-1.13262187681211,-0.462533092640655,-0.149081459282923,0.0641168201326735,0.22276210317575,-0.715891993966625,-0.633281772297611,0.641830113736087,0.0133157611844345,-0.0303933474178827,166990.0,45.9,0
-0.317713331194012,0.685552800554512,1.7248627169299,0.0534196489377752,0.034692280777832,-0.334269676309214,0.334764449678568,-0.0173117751596167,0.0326606204638467,-0.731395997449305,-0.670155815308966,0.656422909878065,1.15258761623671,-0.256167245790853,0.85255832774724,-0.393541625096994,-0.183389361669013,-0.115156375217579,0.907752735041046,0.103702622221596,-0.0814374186251198,-0.0857315070237161,-0.0403058380541951,-0.011808389277686,-0.465262686090982,-0.447240419871113,0.196441231704005,0.166600369575412,167041.0,3.99,0
-0.235495247508502,1.39672260046276,-0.410002053776332,0.903839580190633,0.984534706134308,-0.183395977479324,0.557935334959527,-0.0796669579863948,-1.0300185649955,-0.266613347613638,-0.542344834858916,0.14361818138881,1.9926252030351,-0.993520169299577,1.92362392881754,-0.544804568191035,1.14694046056103,0.815704261008859,2.49700221961719,0.403768882701648,0.24920121594345,0.922630768074341,-0.380686688467241,0.28626107869703,-0.207763600382102,1.05408088154578,-0.266170258112639,-0.0999703004797896,167152.0,0.79,0
-1.37442438802593,2.79318461104641,-4.34657205544607,2.40073141993213,-1.68843271426041,0.111136092520939,-0.922037621262745,-2.14992997529601,-2.02747375610927,-4.39084192218279,1.24195817554592,-3.91052150018815,-1.22563629923953,-4.69799687128777,0.676108304106939,-2.07706554161602,-2.68352089790884,-0.525949332550218,0.42234244481934,0.650195855719888,-0.870778521555015,0.50484915999462,0.13799426850986,0.36827456897565,0.103136654803567,-0.414208828090744,0.454981584858352,0.0967109642319915,167338.0,349.08,1
-2.99343261221471,2.81874434171682,-1.25152508414999,-1.37835081621618,-0.108367819344753,-0.71056606413553,0.738209732105784,0.295030305840526,2.07637856392597,3.43955518629416,0.700014295509126,0.522798048219492,-0.555894845655127,-0.486155842417996,-0.75242193518671,-0.123975612279459,-0.83080866238931,-0.36466439960403,-0.0309463773557578,1.25634367374453,-0.734967619040781,-0.63073218489164,0.0651591102775185,-0.457373352833839,-0.086236118675148,0.0033661071955578,-0.359504666764509,-1.08665482149424,167437.0,9.99,0
-0.982505921458226,0.105266460631956,2.01440470398949,-1.00607814126668,-0.114208453892151,0.754633426687356,0.629245262517154,-0.138371153609277,0.677468946345566,-0.856911218210216,1.25773135218406,0.265091000693429,0.171669038932961,-2.19773587940733,-0.0389542010143243,1.44340788958033,-0.527298082497288,1.28754617020616,-1.08670491956732,-0.0058974310663959,0.0602801835443345,0.529402075533156,-0.364071126367317,0.655308481316429,0.349013177674027,0.427345225513175,-0.593053324940224,-0.436946721804688,167763.0,144.9,0
0.0803417679061225,0.90813281743876,-1.30604555035872,-0.508323008108088,0.543376569319499,-0.598320602461864,0.714866837126866,0.283468313165394,-0.715422780986186,-0.979087387807524,1.21881755857924,1.07480610960766,1.02936151843326,-0.628269139253506,-0.526027437802562,0.758470974701562,0.128925495302983,0.780785835585421,-0.597505466396125,-0.0472873637393139,0.417779619184334,1.02764423496183,0.179319868444437,0.681607486711522,-0.588291410665829,0.458454039727867,-0.134654578587238,-0.0311797076361867,167787.0,75.0,0
-0.818963429794015,-0.445803025124627,0.578829980284542,-2.10370417039082,-0.316714762205416,-0.634761611073254,-0.727903791761281,0.569754383589985,-0.929255224549627,-0.0306105299136096,0.357880440744893,0.391566052765345,0.882372404143022,-0.324491165319058,-1.30443229848576,1.78011093364571,-0.402782074151746,-0.543365010818041,0.0408649489436771,0.255850835904632,0.441056604419854,1.00006394522528,-0.193523726875729,-0.292050956278731,0.256377962591514,-0.164622584363245,0.101879588871938,-0.156563627331811,168008.0,24.99,0
-1.22416694094455,1.83046554403198,-0.779617854351406,0.570635134276736,1.32015429548787,0.543307329888119,0.118290406390217,-3.25038492395168,-0.527869125828882,0.501932173687769,-0.385658040954119,0.448522364718617,-0.334153869598527,0.739752949144489,-1.02556313063102,-0.61589286621174,-0.228208402861912,0.596509547135904,1.45519881510118,-0.709470093220299,3.09373384613847,-0.49273260411742,-0.102832910476377,-1.06303501372353,0.207044050123544,-0.302575030718099,0.656874320900411,0.218910948469483,168108.0,22.0,0
-2.121831007179,0.970739311297299,-1.02993773502705,-2.19986959220045,-0.585458133296518,-0.393934605777492,-0.990893784571876,-1.8798815331241,-1.48406961263037,-0.667194022679515,-1.4943614420575,-0.785189301721563,-1.10237112497829,0.9718689654094,-0.944168863635022,1.26643532639473,0.633953226893422,-1.59729595153239,-0.0865407353637807,0.583096204516968,-1.18715539468996,0.379874593281858,0.0210796097760393,0.64333952881542,0.0865844342387766,-0.405917128994645,0.219874994136505,0.0476084435271744,168155.0,68.23,0
-0.92472361449441,1.6253522485329,-0.208533796906321,-1.14431730601641,1.36236827606345,-0.451559055022238,1.77917766389816,-1.00062496658241,1.67035898722464,2.35434897455119,1.71944490722292,0.0933976319766089,-0.497132533451843,-2.25806024952908,-0.622167578731379,-0.105119341559988,-0.348599748601718,-0.0588419193067219,-0.209769246519175,1.09362765862561,-0.706696434769927,-0.693690614580009,0.0164379069726434,0.569896520441127,-0.317373025332212,-0.0328184409018879,-0.0995299622814255,-0.667563601612276,168310.0,4.48,0
2.0369116334438,-0.254232705495209,-0.556668714702525,0.281970943193289,-0.290875856543811,-0.308617647848116,-0.413643642112701,-0.0863561302651015,1.21561160931762,-0.183895222365198,-1.35217453010012,0.687800046866524,0.989708464827649,-0.233130111135731,0.622134278240297,0.375056158502889,-0.858912408067875,-0.0443161744330245,0.202297893244919,-0.153974131493344,-0.220562561753755,-0.440309228633216,0.270358702185173,-0.739587542006582,-0.302435352210862,-0.580211052596239,0.0391479518652517,-0.0365681957196385,168395.0,7.49,0
-0.800406382089295,1.15472477081429,-1.42713096033316,-1.17726966309297,2.5160429461114,3.54571310575505,-0.0953441505794327,1.32526019221975,-0.35635591662397,0.0355182067461232,-0.235792986511604,0.105325180521463,-0.210860978836423,0.676007942843402,0.66391927555923,-0.556783662811257,0.11048096387626,-0.661715723239733,0.968820804512398,0.20458476865305,-0.198708815543483,-0.585524872583813,0.152767875282185,0.703982964502791,-0.637832212071355,0.327323043523984,0.242179107535655,0.243177612008515,168755.0,1.79,0
1.91423028873669,-0.931703530163031,-1.78166434107723,-1.08199397613998,1.65005838641051,3.93091908763227,-1.13406646541929,1.06990847955677,2.00778086694144,-0.721715402187702,-0.40511267500768,1.02231517755079,-0.309390539026747,-0.174988468140437,-0.154530445512026,-0.868185023533198,-0.0175245959906076,-0.643978096947804,0.629105459578846,-0.134747143868788,-0.343153029751027,-0.764434610266206,0.362149508887097,0.662477880263251,-0.205529637836344,-1.03766342563396,0.0940198272159953,-0.0327173399309665,168863.0,31.99,0
-1.43482835717546,2.11895197658243,-0.788224802326659,-0.794662413792963,0.240584017268805,-0.974754208070144,0.842963863860085,0.0671886799768072,0.639396202871083,1.58365212599748,1.12645986591893,1.24566077965279,0.803805958884934,0.115395588221627,-0.215964855256972,-0.486634306685436,-0.702887928119753,0.345868461198277,0.0676218880644959,0.681340057894839,0.227354107702056,1.51247393305178,-0.0882043501501603,0.0594721702851903,-0.592126256043865,-0.300646873295059,0.296871480883191,-0.177890263234866,168906.0,0.89,0
-0.725657900585826,0.657946842646223,0.867923642420478,-0.322601534286588,0.838946370370292,0.0073687018074568,0.833420914049118,-0.164473426022064,0.529019497170259,-1.00654915746239,-0.946539609335955,0.19942839153902,0.504624892231118,-2.18032993072608,-1.35641465050232,-0.45387159039177,0.915780521737361,0.0519198896117239,-0.0332696812491347,0.233659572752863,0.0439546440922738,0.70064950833595,-0.625613593836079,0.710886207894804,1.20322238368644,0.940534580458271,-0.144775814589685,-0.178443333319546,169017.0,34.9,0
-0.307125438326302,1.39229682827008,-0.852382314139663,-0.548949925654423,0.650730176417442,-0.77945338982231,0.702466786428214,0.239465955362248,-0.248388481166779,-0.976349293329177,-0.810336339204283,0.36907485974475,0.78205504431176,-0.881993492697026,-0.33734666643155,0.445079674105276,0.446534033590864,-0.233004198745464,-0.194800191024895,-0.0569622382129875,-0.281882820743099,-0.809767424014223,0.143477125728375,0.490478184903608,-0.368549457044531,0.106483547775827,-0.0301765853990593,0.0170414619673937,169059.0,14.98,0
-1.92788332105459,1.12565266367046,-4.51833064132991,1.74929253346589,-1.56648729197754,-2.01049423115212,-0.882849830858081,0.697211109261327,-2.0649452874475,-5.58779378195338,2.1157951772133,-5.4174240819973,-1.23512263142388,-6.66517689463338,0.401700686738171,-2.89782511671737,-4.57052943365069,-1.31514721385427,0.391167040935071,1.25296673470361,0.778583978950071,-0.319188818860513,0.639418961153121,-0.294885040380029,0.537502535542985,0.788395056528708,0.292679966295281,0.147967928722538,169142.0,390.0,1
-0.116508367909915,1.13311866835463,-0.606714534312374,-0.773723313544181,1.07500465831631,-0.378067497650507,0.849750869893087,0.0620637304329644,-0.0996483737883365,-0.355722015501927,0.783362667659297,0.503324996426715,0.0007833479045075,-0.913553563983219,-0.905512701384107,0.589239651611918,0.0020700861585572,0.351268580033673,0.137857424503677,0.163036303393644,-0.340334872788838,-0.79501998712232,0.0537172005206433,0.245088314464927,-0.361901501647214,0.117065034487082,0.329253729954232,0.129789834981793,169167.0,5.16,0
0.197994104489114,0.943335141377617,-1.39384107412146,-0.151706892406285,0.422829701537425,-1.00103494164978,0.588108303800749,0.221548525946985,0.0936863250959075,-1.10909759070424,-1.5685491773662,-1.07490448732718,-1.24335387017098,-0.282383530474083,0.858593519484722,0.499212109013476,0.392698998811927,1.14303080205168,0.0333787697183688,-0.237823916391189,0.281606555254008,0.691285460458096,-0.0900929788061554,-0.8279408858621,-0.203109655183429,-0.101633199548142,-0.0902143134829166,-0.0549613811783643,169198.0,42.81,0
-2.11062383003536,2.12657826915655,0.230217590125677,-1.37862078651929,0.943968729363995,-0.71007736068681,1.44002475386792,-0.504673935699058,0.846692085386269,1.26960215815304,-1.17294705869409,-0.147573241788078,0.647649740436003,-0.493391822097225,0.586662632081944,-0.289322176320271,-0.997454134508354,0.11732734410377,-0.130267185630744,0.725512787633757,-0.0104033662172815,0.548808932376607,-0.713874427464481,-0.679088534934053,1.45258751217931,0.0310187706455424,0.213025695447082,0.20063922237672,169231.0,5.37,0
-0.969808120893572,1.13283668865385,-0.56103823762452,-0.469224928671002,-0.122826419179805,-1.15384122301368,0.280534155450077,0.638496527933632,-0.292241870123119,-0.764261593940534,-1.23479428804024,0.425083424743006,0.0995009649209927,0.726004943627019,-0.3959346389238,0.122614196225305,-0.0486395554545346,-0.730053555236713,-0.126871901571314,-0.283447118833674,-0.164915524039658,-0.588571288901352,0.289476812285492,-0.0929467733093779,-0.436099675922156,0.143330947635958,-0.0882456002807746,-0.124300397807184,169285.0,8.98,0
1.37855899734127,1.28938093711056,-5.00424678441137,1.4118498419441,0.442580635567782,-1.3265359338336,-1.41316995590712,0.248525467627175,-1.12739593417081,-3.23215317539514,2.8584658156696,-3.09691489835154,-0.792532436177748,-5.21014084572584,-0.613803263850514,-2.15529688535221,-3.26711568106648,-0.68850546268346,0.737657217477667,0.226137945500703,0.370611857232494,0.0282344454140697,-0.145640429197154,-0.0810494069107769,0.521874501959455,0.739467256056059,0.389151843520624,0.186636547522687,169347.0,0.76,1
-0.676142670593205,1.1263660623459,-2.21369952308058,0.46830838758824,-1.12054104443306,-0.0033462959955453,-2.23473929608742,1.21015796383769,-0.65224992035649,-3.46389087904573,1.79496896856641,-2.77502154036273,-0.418950143733104,-4.05716237716209,-0.712615968607599,-1.60301474745597,-5.03532591722409,-0.50699988370237,0.266272320267649,0.247967752628092,0.751825538154533,0.834107690036367,0.190943872773442,0.0320700856093905,-0.739694822652264,0.47111096261267,0.385107448705084,0.19436147923645,169351.0,77.89,1
2.085233363671,-1.11782545041571,-0.484245025609942,-1.40342159177362,-1.19180522216944,-0.47033073815887,-1.01588289526007,-0.0168872879980992,0.0164809722935065,0.681732026113656,0.629851288092259,0.867998601183868,0.693749108601174,-0.0464181431917496,0.217665020030539,-0.821726527455796,-0.63967326919304,1.5521172826527,-0.185694365260813,-0.481047116931805,-0.496974877901398,-0.940808496714978,0.429906138050587,-0.354112154374467,-0.792649977720834,0.528277724024424,-0.0358011340508001,-0.0516234745814615,169502.0,31.72,0
1.83528468726413,-1.64151102365436,-0.955500582101135,-0.781920303992824,-1.10033010243775,-0.230426122813346,-0.86396197073733,-0.0382070304894016,0.27200042810239,0.677773895465448,-1.28404524285865,-1.13801078601691,-0.662000980603717,-0.281527825551921,0.36852899755049,1.33574231892496,0.0623839897567412,-0.858102266435114,0.518456658688243,0.322489795857876,0.39799159941228,0.732126500538632,-0.0182716639674878,0.49266769095922,-0.191791145454609,-0.12142945401825,-0.0363222883545259,-0.0136891649476507,169538.0,198.0,0
2.08595138955325,0.0074703009078968,-2.04672000782275,0.209323374093475,0.623737513726398,-0.888393776238101,0.517478174297441,-0.289377719163532,-0.0290878823798103,0.349685979244465,0.78637420095833,0.624080064885094,-0.752343355989951,0.878489796891156,-0.940392242339799,-0.413880143116331,-0.317787317708608,-0.195620288997724,0.41804306360811,-0.242891431299816,0.140144109169498,0.517052724448888,0.0046499367071356,0.832583363553418,0.343708956669716,0.659386864324171,-0.125059957201842,-0.0891511927352016,169563.0,0.76,0
1.81784578005567,-1.2936682568994,-1.52293031065286,-0.288284159424027,-0.722444636856406,-0.665966752482328,-0.254415475946454,-0.165566399724766,-0.305803478760273,0.92727307143561,0.0987940040191945,-0.239633485314499,-1.28819401359733,0.741753330762312,-0.120264580679503,-1.41379555897235,-0.443985282031657,2.17661064036633,-0.607369272417455,-0.384239974664456,0.0646859857489093,0.374277759676669,-0.154451033955746,-0.360627743517006,0.11473961591527,-0.0313036765178814,-0.0336027766368669,-0.0408527146976111,169706.0,175.5,0
1.92589746054197,-0.60432624479622,-0.506791436827246,0.153625167229063,-0.637123239082959,-0.137049482171469,-0.711574215336315,0.240501892857807,1.06890806578996,0.214241218190503,0.584243904891251,-0.057688386151812,-2.06466665014305,0.554164280567141,0.0891931099348007,0.725277183404765,-0.637136658710758,0.27682493810615,0.25946081961216,-0.242439903298357,-0.225688999487148,-0.774474116041155,0.476513893485161,0.694244420934484,-0.743145195294761,0.181421647288057,-0.0660045398286125,-0.0470155897206849,169712.0,29.94,0
-5.89217893880802,5.62121095097935,-3.32401470068741,-2.10026220184172,-0.283785692251372,-0.556783877704217,0.493941563120787,0.60243595024488,4.32346861869132,7.50473041972476,1.0146083566796,1.16363930878706,0.85288449942592,-1.26381848055948,0.168606546066544,-0.738185698522241,-1.08439684735829,0.266826986790575,-0.263183620472394,3.13207616857531,-0.458128415674843,1.05011569518685,0.0922076845296923,0.178211365808807,0.364055042691242,-0.355721934970945,0.971435208504893,-0.392528025854274,169739.0,0.89,0
2.20916741360409,-0.77482883702537,-0.894236340113936,-0.781855853433477,-0.883842675159943,-1.16416818656776,-0.582424854800357,-0.295804807753623,-0.176562106989917,0.779473231770912,-0.767771671829207,-0.499313197622609,0.0618196623605906,-0.228898311721914,-0.0697211675223926,0.869175165977453,0.275810868320938,-1.50137225593211,0.628168637825646,-0.0665574450299493,0.187008500731475,0.624942526333536,0.158685761049774,0.0715017970028087,-0.0562199999374557,-0.163822906558069,-0.0152439752939668,-0.0579369010767644,169744.0,3.95,0
1.93736563413187,-0.908830022804968,-1.33989042583302,-0.547264919252764,-0.388252383700487,-0.501393257664068,-0.181340030362693,-0.189926891054702,-0.960281443761129,1.00347428481623,0.924162305547102,0.949330626623946,0.733815501287743,0.350089108618168,-0.482750499191592,-1.26546768938243,-0.40428158402267,0.996804696492103,-0.416366574447747,-0.327827263652531,-0.524109416497709,-1.26657849994029,0.366859873539901,0.735351517448334,-0.507875862453274,0.224200911233789,-0.0848666329847876,-0.03908277061384,169846.0,112.78,0
0.994384788941348,-2.4502249353338,-3.01111703319773,0.0367736780141198,-0.569679630865021,-1.37029583488925,1.25939335407433,-0.672965223629085,-1.34042542683936,0.949957723888525,0.607866766413511,-0.0207143261142856,-1.01055470171569,1.24048330978671,-0.904734759064795,-1.99244367305962,0.0556674446717589,1.31503951834998,-0.606686981875262,0.575167990961702,0.321750687770363,0.0647974119039136,-0.631667956588306,0.155586402299981,0.195881871624448,0.930919662454196,-0.250642207243932,0.0057621962419034,169900.0,635.96,0
-3.11383160738512,0.58586417180689,-5.39973021073242,1.81709247345531,-0.840618465991056,-2.94354779071974,-2.20800192003372,1.05873267723056,-1.63233334974982,-5.24598383776964,1.93351953683592,-5.03046479695456,-1.12745457501155,-6.41662797597451,0.141237234328704,-2.54949823633632,-4.61471706851594,-1.47813794126038,-0.0354803664667244,0.306270740368093,0.583275998701341,-0.269208637986581,-0.456107772584008,-0.183659129549716,-0.328167759255761,0.606115810329683,0.884875539542905,-0.253700318894381,169966.0,245.0,1
1.98550421235442,-0.177992432519481,-1.07274701636211,0.0566093998184305,0.10415241709939,-0.570694487776856,0.0657228204179954,-0.230495471152586,0.367650670963349,0.0210855952184376,-0.604850028900962,0.816696009593353,1.35189199040585,0.0828012137826042,0.794979097155207,0.498505254629248,-0.772436961767017,-0.805985087490303,0.123954038435166,0.0160749394468291,-0.441552640199073,-1.37970137176574,0.493614693434396,0.454805485945815,-0.641384479691273,-0.0056367099955434,-0.0748570527213541,-0.0329889432537246,169997.0,53.78,0
-0.216431180254153,0.322778202672692,0.334620679959757,-0.475081899463335,0.135115453440946,1.39393005869411,-1.1452336308717,-2.41377396881141,-0.111275507978536,-1.12808423118107,-0.0399444063302108,1.02451115470508,0.664882676888286,0.472738562437766,0.336866681479779,0.840064109422496,-1.11999506777345,1.19575278110423,0.308807512745065,0.914071337627488,-1.02803492385276,0.869123036079121,-0.408983151983676,-0.260663572091366,1.03518795426582,-0.0601370854638302,0.0869527424338967,0.252357552674205,170064.0,113.75,0
1.67641373964076,-0.773834920436373,-2.3641928395586,0.202362498230596,0.275274980020697,-1.08892904164949,0.800661486544287,-0.376800998897196,-0.0046530689411126,0.321547784173512,0.388309798940396,-0.114207047779043,-1.54828526019301,1.25179472641494,-0.190093076527498,0.0946371811839219,-0.618934443414379,0.173283690503792,0.406937602051115,0.167726776143499,0.213900530136119,0.0991831125407941,-0.210955715226142,-0.454318675692905,0.110149163413572,0.720123513049121,-0.181703493726894,-0.060963789027449,170104.0,231.43,0
2.11142574666532,0.0106395929736363,-1.33140124463179,0.243571881006257,0.291031279082537,-0.792173047242003,0.244962629946003,-0.353408736128709,0.422016042112886,0.0418586043620819,-1.17127379800448,0.796634836428958,1.28708959034814,0.0146988845431502,-0.0303420491913141,0.0446700990956126,-0.602258753555894,-0.779336485168783,0.39908338087471,-0.131035568105944,-0.321920983589394,-0.736202477903804,0.241400266461033,-0.624554596435509,-0.168940286381558,0.235076867540879,-0.0644698838899372,-0.064546172144045,170138.0,1.98,0
-2.55565571787726,3.18568777907502,-2.86232235591153,1.13207976951713,-0.18983728207854,-0.847013907600011,-0.370502677856895,1.80981145996309,-1.05057033823121,-0.98103346329434,-1.50383749720188,0.175623073306123,-0.294067179559577,0.391795367489721,-0.220140249512324,-0.103785162961765,2.10661753742204,0.546582340000457,0.549932524409134,-0.391220750235841,0.256220205820304,0.247433716249207,-0.0386415528753432,0.476646441532702,0.166657742309851,-0.436213953048802,-0.60521658139983,0.0123224347995649,170178.0,14.98,0
0.0177461812403543,0.853320383032195,0.189654471153111,-0.793341934849824,0.716821258573445,-0.507794446328326,0.941110947495185,-0.0554670019285667,-0.394045845953671,-0.272176759316726,0.653165300442366,1.12574347481535,0.709182724720468,0.149457280952402,-1.11255639016981,0.10631030258637,-0.764201227806054,-0.324324161991228,0.252469045684616,0.0235570673197865,-0.216182046325099,-0.435799432093783,0.0149344599195334,-0.382477812921862,-0.465860212382106,0.143865045927979,0.250846131881375,0.0848797470235114,170208.0,3.59,0
1.9919760961759,0.158475887304227,-2.58344064503516,0.408669992998441,1.15114706077937,-0.0966947441848027,0.223050267455537,-0.0683838777747007,0.577829383844873,-0.888721675865145,0.491140241656789,0.728903319843614,0.380428045513993,-1.94888334870021,-0.832498136300872,0.519435549203291,0.903562376617253,1.19731471799372,0.593508846946918,-0.0176522567052908,-0.164350327825504,-0.295135166851559,-0.0721725311018398,-0.450261313423321,0.313266608995469,-0.289616585696882,0.002987582243429,-0.0153088128485981,170348.0,42.53,1
1.96104417761068,-0.876569943835617,-0.534516872193456,0.20006593156144,-1.35623756948158,-1.40178023147243,-0.44502179821831,-0.350249927204188,-0.322251481644607,0.899223185922545,-0.365638701257749,0.305238875658868,0.298279041994586,-0.0218923849526125,-0.0157098393720413,-1.79706751594513,0.172572182594014,1.00955808206642,-1.42784817610111,-0.519918114407396,0.0629621473391207,0.747309327300527,0.108772798470264,0.979566398453361,-0.101852312732693,0.557544249163173,-0.0258248164494767,-0.0363138853971172,170361.0,69.8,0
2.06519190792665,0.0059438003967584,-1.62051265174601,0.0136578777163388,0.640890122861549,-0.2497331383225,0.153833982194975,-0.175094296614065,0.176102726662754,0.13427547055295,0.828092047147056,1.43920274910434,1.25447858237536,0.413610751061871,0.0362043302065305,0.0270232438814367,-0.955134673257063,0.382664294214633,0.162230643812703,-0.119700396382218,0.280415882902252,0.966943404238427,-0.0408011623622434,0.288874473781234,0.342663929975289,-0.132787748101038,-0.0181694837512419,-0.064404918637908,170376.0,1.79,0
1.66385095133993,-0.658859398912315,-2.82045171014274,0.0828635625185215,0.704081999911162,-1.05984079142821,1.13961969015348,-0.472317545320709,-0.103928922678515,0.091334314830093,0.92158918837887,0.650635838558112,-0.777926264726548,1.22056134193235,-0.624627321326511,-0.809386544117267,-0.227375074934971,-0.06307528795066,0.349618043235773,0.209419771242515,0.466347897371531,0.952139567095205,-0.367584954260164,0.799889085289744,0.622621117393786,0.387544696486916,-0.154985846615217,-0.0549873233283804,170391.0,234.0,0
-0.317857489241932,1.34508239264585,-0.315783581236845,0.782069898435986,1.05048954935411,-0.413469423622306,1.21347204908863,-0.0745600361659566,-0.204448124204058,0.359119573589569,-1.49577412228455,-1.11031001223243,-1.98490694115319,0.748033003580647,-0.0572210105958671,-1.09022417365698,0.216290195288869,-0.091445694659484,0.798020086244277,0.0891488328330575,0.0453615136624628,0.419430545375095,-0.256677299913767,0.568036130123685,0.0508959678204614,-0.390619643034609,0.530941518805298,0.307164448513329,170613.0,1.99,0
-0.357276893241973,0.79876451870011,0.0621300134237771,-0.556758867416594,0.610227310036114,-0.959247501903894,1.25284621944763,-0.196371959483575,0.128410495820391,-1.68254310898954,-0.733622453469951,-0.0867969380882956,-0.211977657721165,-1.52146240278374,-0.520833117479498,-0.0945823778277316,1.02134411840453,0.136365082865058,-0.0259876321118066,0.0308460508375489,-0.105004563500651,-0.218222023831214,-0.0022435923475001,-0.204607007585978,-0.334021938503648,-0.149901241663348,0.144340942938391,0.209000123467618,170931.0,69.32,0
-0.169955204946452,1.03091303075142,-0.317004325882085,-0.190319606206775,0.828450930370437,-1.39735824359259,0.969051907283071,-0.198408245535618,0.0111354143457927,-0.85996578397862,-0.617082456013305,-0.743617004671491,-0.906292658282651,-0.728682732849988,0.832443890189689,-0.0190511389944531,0.644292417819125,0.783711417107908,-0.198966533196555,0.0253432557050382,0.287334231465248,1.01978568615348,-0.211169786838306,-0.105280510020765,-0.457957892721621,-0.137705955740019,0.470652933137569,0.308170275259726,170993.0,4.71,0
-1.35702145628218,3.11206977046938,-1.26999435961159,3.20209006617998,0.975551943066539,1.82601181808302,0.283250100384486,-4.90884684151593,-1.82983959781785,-0.288139996556882,-0.770147849744308,-0.750298004529001,0.25423400804542,-2.75914907842636,-0.435598119655062,1.83310770633988,1.96921017410285,0.824450307501355,-1.41594062325264,-1.12830709569736,4.00047945032993,-3.05928166241686,-0.233621720195407,-0.370752258343866,1.85074527389463,0.159283328400744,0.420775006242314,0.159451468373498,170999.0,208.18,0
0.0356623957382883,0.0428271455340154,-0.298447572778495,-2.45689223165185,0.310897079101471,-0.95619031318582,0.470738355726667,-0.0882160448177687,-1.07409347582954,0.481365167928578,0.0952269889545853,-1.02538512697305,-1.16044852330419,0.304742518217231,-1.11175406601809,1.45045468568196,-0.574463370345615,-0.404584112523987,0.110463135545152,0.0223473997736797,0.563139220891945,1.59473924513564,-0.17636828677009,-0.476694972322163,-0.709246975966262,-0.194672858325656,0.442252945506533,0.287702638820122,171148.0,15.0,0
-0.951263156577757,1.21351836016154,-0.307448919813301,2.74164810705757,1.69966770268753,-0.770009022866752,1.72652623644644,-0.746518790271777,-1.29837342385584,1.98830227678074,-1.27464410256151,-0.930677946899275,-0.337437693200928,0.065323096327903,-0.955664471363499,0.617168249316918,-1.20976124845715,-0.542678329351991,-1.6553888756524,-0.656394558483739,-0.0384450442190939,0.400921136132575,0.273413711996591,-0.153463227143332,-0.655543896596419,-0.328808150028961,-1.08445563393633,-0.598063927111911,171159.0,14.41,0
0.0523268608460471,0.287194318798745,-0.739140829467971,1.00587466883748,0.254648535009696,0.502335199656554,1.86960973545377,-0.355959124218679,-0.705793267408618,-0.242673120813754,-1.20993304444257,0.249849340124296,1.39967596194986,0.316560054813723,1.18628650603382,-1.40064628309267,0.330327127642085,0.115909549069007,3.0449878599718,0.875409098380191,0.148529353478661,0.239728570297948,0.580397165880679,0.110091392716981,-0.705281174049034,-0.119937136269352,0.190806414658978,0.264999031259685,171203.0,280.79,0
2.11680339474878,-0.696975419716816,-1.22289328648543,-0.758529145529215,-0.585011416734697,-0.515076641995346,-0.946791527784999,-0.0307337485777816,-0.243843705791783,0.234439963134789,1.02671674432372,0.0568538364340825,0.704855202545202,-2.04300481162172,-0.393450645219901,1.9735995768006,0.922927131943733,0.132601208472183,0.663862442744609,0.103405112121101,0.269710157704081,0.851855971577771,0.0209619985112053,-0.575827005720152,-0.101044480874357,-0.0803434349944747,0.0268980524986782,-0.0240282086369092,171660.0,24.99,0
2.02989529788136,0.354610335963802,-2.37697668486325,0.783671005154599,0.772352460674196,-0.87181579603308,0.228979361620921,-0.249535165421101,0.598215820313637,-1.09897009679421,-0.247496796687677,0.241550075216508,0.563548389037989,-2.80918773473243,-0.3781544768252,0.305671488978495,1.97969243982391,0.514741002301629,-0.290997102823962,-0.0645458143773161,-0.0152074521433748,0.289652449660162,-0.0308080505126494,0.485159956982818,0.251070758349766,0.700320937764348,-0.0341217670008284,-0.0044886139676475,171801.0,12.31,0
-0.570619617594402,0.290592157509904,0.168380980693071,-0.47342118639854,0.884208124266307,-1.28072748803243,0.877293206142315,-0.250128866116515,0.0097839845327396,-0.281693901191413,-0.968218041988753,0.335751092613243,0.51997691663877,-0.0354972863100684,-0.394766242953662,-0.0593813017963161,-0.510601021102898,-0.743375919449826,0.0239203025409148,-0.103758446943221,-0.288748738519965,-0.513019250561076,0.567957700439929,-0.115728939098597,-0.335042943234515,0.155470146425597,0.188913792061568,0.0390267728879973,171845.0,0.89,0
-0.491821813774726,1.20216112252864,-0.495372014114564,-0.76080574083862,0.33709231727904,-0.709309117746828,0.602807734828531,0.329580854244336,0.114640064285591,-0.321326055135854,-1.72918452942006,-0.226577636603397,-0.411819407948219,0.44154156148746,-0.260540945941469,0.185626789654005,-0.413721314446617,-0.512497452193636,0.0763988672217249,-0.0443499978261976,-0.29692502205676,-0.760211224641835,0.0608056431640634,-0.741536042647101,-0.356384265179212,0.195971441629824,0.233122526587337,0.079214146702852,172195.0,12.28,0
2.23851445207455,-0.309069033411518,-2.04030680444097,-0.82480234051805,0.240248959170338,-0.966249391571088,-0.0792852271400613,-0.404109755374962,-0.755163142302059,0.238620915723859,-0.360962230298066,0.0255635879584969,1.64320642282072,-1.60530149428398,-0.297330737741096,1.06207562445027,1.11899264757396,-1.38981336486918,0.758987077082628,0.127782540021674,-0.0473186451005657,-0.04926679214672,0.149503314503206,0.419864893741942,0.100173604238871,-0.301078407495574,-0.0208482049137791,-0.0283415340643592,172416.0,15.0,0
0.090063923801489,1.07123990450039,-0.857130849843658,-0.792772405610674,1.40613417879506,-0.26439547758646,0.949806526335319,-0.0897954736689504,0.0720572834662634,-0.725141142901548,-1.55958825072747,-0.387471192496374,0.301219609018008,-1.13681077634043,-0.170770125389956,0.606131095282214,-0.012046229622379,0.0893782263504585,0.153117963835112,0.0387731150108496,-0.390270844208807,-1.00815413840672,-0.0061270350592751,-0.418347999402075,-0.290636016806782,0.161851091669939,0.0882325945031662,0.0694910303011843,172421.0,1.78,0
-0.544705010115159,-0.438212344715492,-1.7390165353014,-0.845547164213457,-0.148271082843245,-1.31807435596633,1.41936882132104,-0.0518951215027086,-2.18284470603495,0.335048294212151,0.225254932627403,-0.355755256291992,-1.23650858020669,1.42349647541084,-1.18972097041447,-2.06610309417071,0.248715804208681,1.55156021116537,-0.204533033322814,-0.123008525538418,0.263849614665998,0.611712482931171,0.341463133036791,0.0938248179275011,-0.105676598419842,0.934617540895833,-0.184058629580882,-0.0504173307210676,172460.0,238.9,0
-2.04424049152195,1.61567400948572,0.454193316433855,-1.02393984034879,-0.657865727243743,0.0293497345630172,-0.506140093066638,1.24785511458901,-0.179864590134418,-0.493439162877146,0.53789721084568,1.41588419119976,0.806317555935052,0.407700183310752,-0.63668189538303,0.83370392746557,-0.504673538454245,0.212906439506237,0.0548659115133535,-0.0364029015420148,-0.0773890590068343,-0.379238413130731,0.0888170579310557,0.773577704094385,-0.327628571603649,0.197415611567221,-0.376478231848026,-0.190747746480328,172635.0,12.0,0
