Time,Amount,card_id,merchant,category,gender,dob,lat,long,city_pop,merch_lat,merch_long,hist_n_1h,hist_n_24h,hist_n_7d,hist_amount_24h,hist_n,hist_mean,hist_std,hist_secs_since_prev,hist_merchant_n,hist_category_n,hist_prev_lat,hist_prev_long,Class
55387280.0,143.62,376028110684021,"fraud_Schuppe, Nolan and Hoeger",shopping_pos,M,1974-12-23,39.7795,-93.3014,964,39.945626,-93.987853,1,4,19,245.69999999998254,2484,98.44562801932366,96.30133310437785,858.0,5,204,40.694532,-92.382302,0
55389822.0,301.73,347399333635231,fraud_Padberg-Welch,grocery_pos,F,1968-02-05,36.5276,-93.9359,2693,36.064509,-94.480708,0,1,1,302.65,1,302.65,,7144.0,0,1,37.058973,-93.754921,1
55390756.0,311.1,4710826438164847414,fraud_Goodwin-Nitzsche,grocery_pos,M,1964-01-04,48.8328,-108.3961,192,48.940103,-108.19705,0,4,25,2849.2299999999814,1864,62.21999463519313,126.49234222597921,8259.0,5,189,47.971341,-108.081796,1
55394095.0,17.1,3585052663373890,fraud_Funk Group,grocery_net,M,1963-12-28,42.8546,-75.6605,176,43.627621000000005,-76.17359499999999,0,0,11,0.0,1223,77.8643172526574,438.19993017839585,97391.0,0,8,42.087838,-76.153586,1
55403433.0,103.35,3575789281659026,"fraud_Lockman, West and Runte",grocery_pos,F,1989-07-17,38.7897,-93.8702,2368,39.336632,-93.685208,0,5,36,265.89000000001397,3718,56.75299354491662,126.76634248671105,37236.0,6,318,38.347105,-94.313369,0
55405545.0,3.1,346208242862904,fraud_McCullough LLC,misc_pos,F,1961-05-13,40.7105,-74.0163,1577385,41.564695,-74.66760699999999,0,0,9,0.0,633,80.88031595576619,206.8224442941918,109810.0,1,42,40.298608,-73.782489,0
55437517.0,847.92,3585052663373890,fraud_Lynch Ltd,shopping_pos,M,1963-12-28,42.8546,-75.6605,176,42.233875,-75.893686,0,1,9,17.10000000000582,1224,77.81467320261437,438.02418735460367,43422.0,3,76,43.627621000000005,-76.17359499999999,1
55438643.0,1148.36,4710826438164847414,"fraud_Langworth, Boehm and Gulgowski",shopping_net,M,1964-01-04,48.8328,-108.3961,192,48.574226,-107.826766,0,5,24,3160.329999999987,1865,62.35344235924933,126.5896569763101,47887.0,2,149,48.940103,-108.19705,1
55444219.0,51.13,4855488158131690372,"fraud_Streich, Rolfson and Wilderman",kids_pets,M,1993-09-29,44.1554,-72.4847,970,43.715082,-73.167553,0,2,25,156.6700000000128,2492,96.53040128410916,100.17593403895752,65675.0,2,229,44.184845,-71.612997,0
55461719.0,1104.51,3585052663373890,"fraud_Reichert, Huels and Hoppe",shopping_net,M,1963-12-28,42.8546,-75.6605,176,42.600568,-75.71318000000001,0,2,10,865.0200000000041,1225,78.44333061224489,438.3977286921029,24202.0,1,98,42.233875,-75.893686,1
55461872.0,359.29,4710826438164847414,"fraud_Lockman, West and Runte",grocery_pos,M,1964-01-04,48.8328,-108.3961,192,49.40878,-108.781002,0,6,23,4308.689999999988,1866,62.935439442658094,129.0286845654543,23229.0,2,190,48.574226,-107.826766,1
55461914.0,750.14,4710826438164847414,"fraud_Moore, Dibbert and Koepp",misc_net,M,1964-01-04,48.8328,-108.3961,192,49.608431,-108.785542,1,7,24,4667.979999999996,1867,63.094172469201936,129.17631642106016,42.0,1,118,49.40878,-108.781002,1
55463988.0,321.01,4710826438164847414,fraud_Lockman Ltd,grocery_pos,M,1964-01-04,48.8328,-108.3961,192,49.283838,-109.324832,2,8,25,5418.119999999995,1868,63.46197002141328,130.11639745323413,2074.0,2,191,49.608431,-108.785542,1
55464339.0,959.44,347399333635231,fraud_Macejkovic-Lesch,shopping_pos,F,1968-02-05,36.5276,-93.9359,2693,36.607824,-94.031758,0,2,2,604.3800000000001,2,302.19,0.6505382386765491,74517.0,0,0,36.064509,-94.480708,1
55467160.0,710.78,3585052663373890,fraud_Macejkovic-Lesch,shopping_pos,M,1963-12-28,42.8546,-75.6605,176,43.463172,-74.820065,0,3,11,1969.5299999999988,1226,79.2802528548124,439.19746657704104,5441.0,4,77,42.600568,-75.71318000000001,1
55467623.0,715.39,4710826438164847414,"fraud_Kerluke, Kertzmann and Wiza",misc_net,M,1964-01-04,48.8328,-108.3961,192,48.125345,-108.009667,0,6,26,3237.12000000001,1869,63.5997699304441,130.21790838405906,3635.0,2,119,49.283838,-109.324832,1
55467694.0,23.91,4710826438164847414,fraud_Fadel Inc,health_fitness,M,1964-01-04,48.8328,-108.3961,192,48.361366,-108.898699,1,7,27,3952.5100000000093,1870,63.948320855614966,131.0527113187493,71.0,1,154,48.125345,-108.009667,1
55468004.0,49.24,4710826438164847414,fraud_Flatley Group,misc_pos,M,1964-01-04,48.8328,-108.3961,192,48.421738,-108.259349,2,8,28,3976.4199999999983,1871,63.92692143238909,131.02093553670372,310.0,2,75,48.361366,-108.898699,1
55469782.0,1115.75,30011465039817,"fraud_Streich, Dietrich and Barton",shopping_net,F,1971-10-14,42.3496,-73.5873,4015,43.233719,-73.472497,0,0,4,0.0,601,85.30234608985025,113.85360323526592,95954.0,1,63,42.097115,-74.20124399999999,1
55471921.0,776.66,4861310130652566408,fraud_Kris-Weimann,misc_net,F,1977-12-16,30.2385,-90.8435,10076,30.625026,-91.706909,0,3,29,133.19000000000233,3081,86.8360694579682,135.37270880302722,11386.0,2,143,30.461553,-91.179138,1
55472273.0,346.71,30011465039817,fraud_DuBuque LLC,grocery_pos,F,1971-10-14,42.3496,-73.5873,4015,43.110937,-74.41978,1,1,5,1115.75,602,87.01405315614619,121.263758158731,2491.0,0,50,43.233719,-73.472497,1
55472325.0,357.63,30011465039817,fraud_Wolf Inc,grocery_pos,F,1971-10-14,42.3496,-73.5873,4015,41.904191,-73.50734399999999,2,2,6,1462.4600000000064,603,87.4447263681592,121.62366705439048,52.0,4,51,43.110937,-74.41978,1
55474115.0,34.78,3514897282719543,fraud_Dibbert and Sons,entertainment,M,1952-10-13,42.958,-77.3083,10717,42.242224,-76.718937,1,2,17,157.83000000000175,1844,70.58536334056399,128.48223843597825,1182.0,3,140,42.941212,-77.742092,0
55475661.0,309.78,30510856607165,"fraud_Casper, Hand and Zulauf",grocery_pos,M,1965-04-01,42.3958,-83.3772,96942,43.062709000000005,-84.054539,0,1,5,83.48999999999796,630,56.86057142857143,70.27166477281736,84324.0,2,64,42.012506,-83.34597099999999,1
55477824.0,22.11,3585052663373890,"fraud_Christiansen, Goyette and Schamberger",gas_transport,M,1963-12-28,42.8546,-75.6605,176,42.402718,-75.750461,0,4,12,2680.3099999999977,1227,79.79492257538712,439.38831579331196,10664.0,4,158,43.463172,-74.820065,1
55480961.0,336.15,2297447006766555,fraud_Auer-Mosciski,grocery_pos,F,1960-01-13,39.9972,-88.6962,478,39.874088,-89.586067,0,3,24,495.86999999999534,2506,60.26911811652035,112.80274697563847,68584.0,6,231,40.706713,-88.95231899999999,1
55481500.0,14.53,3585052663373890,fraud_Dach-Borer,grocery_net,M,1963-12-28,42.8546,-75.6605,176,43.273845,-75.76117099999999,0,4,13,2685.3199999999924,1228,79.74794788273616,439.21231422728863,3676.0,0,9,42.402718,-75.750461,1
55482846.0,1050.15,30011465039817,fraud_Price Inc,shopping_net,F,1971-10-14,42.3496,-73.5873,4015,43.324229,-73.301479,0,3,7,1820.0899999999965,604,87.89205298013245,122.0190405067704,10521.0,1,64,41.904191,-73.50734399999999,1
55487800.0,313.57,30510856607165,fraud_Stracke-Lemke,grocery_pos,M,1965-04-01,42.3958,-83.3772,96942,42.514009,-82.715714,0,1,6,309.77999999999884,631,57.26139461172742,70.93408613291841,12139.0,0,65,43.062709000000005,-84.054539,1
55488890.0,107.67,4861310130652566408,"fraud_Lakin, Ferry and Beatty",food_dining,F,1977-12-16,30.2385,-90.8435,10076,30.648831,-90.905466,0,4,30,909.8499999999767,3082,87.059892926671,135.91990685453652,16969.0,4,237,30.625026,-91.706909,1
55522899.0,26.34,30011465039817,"fraud_Hintz, Bauch and Smith",health_fitness,F,1971-10-14,42.3496,-73.5873,4015,42.675619,-72.65088399999999,0,4,8,2870.2400000000052,605,89.48256198347107,128.04091571796718,40053.0,0,47,43.324229,-73.301479,1
55525514.0,8.22,30510856607165,fraud_Boyer PLC,misc_pos,M,1965-04-01,42.3958,-83.3772,96942,42.092163,-82.67805200000001,0,2,7,623.3499999999985,632,57.66694620253165,71.60737991305749,37714.0,2,55,42.514009,-82.715714,1
55536540.0,991.94,3585052663373890,"fraud_Kihn, Abernathy and Douglas",shopping_net,M,1963-12-28,42.8546,-75.6605,176,43.779972,-75.620207,0,4,13,1851.929999999993,1229,79.69488201790074,439.03738685070283,55040.0,3,99,43.273845,-75.76117099999999,1
55541931.0,902.67,347399333635231,fraud_Corwin-Gorczany,misc_net,F,1968-02-05,36.5276,-93.9359,2693,36.278903,-93.794217,0,1,3,959.4399999999996,3,521.2733333333333,379.4637432395002,77592.0,0,0,36.607824,-94.031758,1
55548018.0,318.43,347399333635231,fraud_Murray-Smitham,grocery_pos,F,1968-02-05,36.5276,-93.9359,2693,35.838851,-94.829584,0,2,4,1862.1100000000001,4,616.6225,363.8145259492351,6087.0,0,2,36.278903,-93.794217,1
55548537.0,1198.12,30510856607165,fraud_Kozey-Boehm,shopping_net,M,1965-04-01,42.3958,-83.3772,96942,42.978556,-83.069435,0,3,8,631.5699999999924,633,57.58883096366508,71.57769275558881,23023.0,2,26,42.092163,-82.67805200000001,1
55548799.0,16.04,375974680629816,"fraud_Towne, Greenholt and Koepp",shopping_net,F,1973-04-06,41.6611,-73.0449,2376,40.770046,-73.066089,0,10,34,562.6300000000047,2488,59.86577974276527,130.82230065492615,3809.0,5,196,41.220401,-72.06102800000001,0
55549045.0,1180.19,3585052663373890,fraud_Boyer-Reichert,shopping_net,M,1963-12-28,42.8546,-75.6605,176,43.044154,-76.399776,0,4,14,1739.3600000000006,1230,80.43654471544716,439.62889724027724,12505.0,1,100,43.779972,-75.620207,1
55549072.0,50.31,3585052663373890,"fraud_Terry, Johns and Bins",misc_pos,M,1963-12-28,42.8546,-75.6605,176,43.187012,-76.089512,1,5,15,2919.550000000003,1231,81.32992688870837,440.5666061324897,27.0,0,42,43.044154,-76.399776,1
55549434.0,17.05,347399333635231,fraud_Homenick LLC,personal_care,F,1968-02-05,36.5276,-93.9359,2693,36.586861,-93.020896,1,3,5,2180.5399999999995,5,556.9839999999999,342.1322995275366,1416.0,0,0,35.838851,-94.829584,1
55549537.0,360.25,3585052663373890,fraud_Padberg-Welch,grocery_pos,M,1963-12-28,42.8546,-75.6605,176,41.867495,-74.981987,2,6,16,2969.8600000000006,1232,81.30474837662338,440.38850990311823,465.0,3,128,43.187012,-76.089512,1
55549699.0,20.21,4861310130652566408,fraud_Shanahan-Lehner,personal_care,F,1977-12-16,30.2385,-90.8435,10076,31.103591,-90.549573,0,2,24,884.3299999998999,3083,87.06657800843334,135.8983613890461,60809.0,9,257,30.648831,-90.905466,1
55550103.0,132.25,4861310130652566408,fraud_O'Keefe-Wisoky,food_dining,F,1977-12-16,30.2385,-90.8435,10076,29.413237,-90.257679,1,3,25,904.5399999999208,3084,87.04489948119326,135.8816528928259,404.0,6,238,31.103591,-90.549573,1
55550183.0,941.23,30510856607165,fraud_Terry-Huel,shopping_net,M,1965-04-01,42.3958,-83.3772,96942,41.652454,-82.73679,1,4,9,1829.689999999995,634,59.38777602523659,84.65828505829401,1646.0,0,27,42.978556,-83.069435,1
55550207.0,1098.48,30510856607165,fraud_Kerluke-Abshire,shopping_net,M,1965-04-01,42.3958,-83.3772,96942,41.418485,-83.50228299999999,2,5,10,2770.919999999991,635,60.77650393700787,91.54430448163558,24.0,1,28,41.652454,-82.73679,1
55550551.0,899.79,2297447006766555,"fraud_Ruecker, Beer and Collier",shopping_net,F,1960-01-13,39.9972,-88.6962,478,40.323034,-87.99378,0,1,22,336.1499999999942,2507,60.37916234543279,112.91475203228646,69590.0,1,174,39.874088,-89.586067,1
55550715.0,790.28,347399333635231,"fraud_Parisian, Schiller and Altenwerth",misc_net,F,1968-02-05,36.5276,-93.9359,2693,36.73723,-93.960864,2,4,6,2197.59,6,466.995,377.1362207876618,1281.0,0,1,36.586861,-93.020896,1
55551423.0,49.66,3585052663373890,fraud_Reynolds-Schinner,misc_pos,M,1963-12-28,42.8546,-75.6605,176,43.797699,-75.95277,3,7,17,3330.1100000000006,1233,81.53098134630982,440.2814165742302,1886.0,0,43,41.867495,-74.981987,1
55551485.0,8.29,347399333635231,"fraud_Nienow, Ankunding and Collier",misc_pos,F,1968-02-05,36.5276,-93.9359,2693,36.133037,-94.233414,3,4,7,2028.4300000000003,7,513.1785714285714,365.31752866187384,770.0,0,0,36.73723,-93.960864,1
55551499.0,832.54,30510856607165,fraud_Koelpin and Sons,misc_net,M,1965-04-01,42.3958,-83.3772,96942,43.111532,-83.625562,3,6,11,3869.399999999994,636,62.40811320754717,100.30099157261685,1292.0,2,25,41.418485,-83.50228299999999,1
55551560.0,118.24,347399333635231,fraud_Bechtelar-Rippin,food_dining,F,1968-02-05,36.5276,-93.9359,2693,36.839099,-93.837949,4,5,8,2036.7200000000007,8,450.0675,382.43389556702664,75.0,0,0,36.133037,-94.233414,1
55551689.0,914.64,3585052663373890,fraud_Volkman-Predovic,shopping_net,M,1963-12-28,42.8546,-75.6605,176,43.526103000000006,-75.624736,4,8,18,3379.770000000004,1234,81.50515397082658,440.1037748097613,266.0,4,101,43.797699,-75.95277,1
55552326.0,21.22,4861310130652566408,fraud_Fahey Inc,kids_pets,F,1977-12-16,30.2385,-90.8435,10076,31.213116,-89.87556,2,4,25,1036.789999999979,3085,87.05955267423015,135.8620587924382,2223.0,6,269,29.413237,-90.257679,1
55552477.0,893.45,30510856607165,fraud_Kris-Padberg,shopping_pos,M,1965-04-01,42.3958,-83.3772,96942,42.477086,-83.08977900000001,3,7,12,4701.940000000002,637,63.61711145996861,104.76430189425996,978.0,3,82,43.111532,-83.625562,1
55553186.0,1024.42,2297447006766555,"fraud_Heathcote, Yost and Kertzmann",shopping_net,F,1960-01-13,39.9972,-88.6962,478,39.503655,-89.528858,1,2,23,1235.9399999999732,2508,60.71385566188198,114.12975408270516,2635.0,5,175,40.323034,-87.99378,1
55553393.0,1118.62,30510856607165,"fraud_Little, Gutmann and Lynch",shopping_net,M,1965-04-01,42.3958,-83.3772,96942,43.099084000000005,-82.995236,4,8,13,5595.389999999992,638,64.91778996865203,109.71633733618522,916.0,0,29,42.477086,-83.08977900000001,1
55553788.0,20.5,30011465039817,fraud_Kirlin and Sons,personal_care,F,1971-10-14,42.3496,-73.5873,4015,43.09668,-72.925842,0,5,9,2896.5800000000017,606,89.37836633663366,127.96076340185137,30889.0,0,41,42.675619,-72.65088399999999,1
55554107.0,48.82,4584931703207308232,"fraud_Parker, Nolan and Trantow",entertainment,F,1975-04-16,32.8463,-96.6972,1263321,33.026356,-97.538528,0,4,23,313.30999999996857,1876,88.35451492537314,239.46625624151005,4501.0,4,132,32.683222,-96.639818,0
55554478.0,991.2,347399333635231,"fraud_Kuhic, Bins and Pfeffer",shopping_net,F,1968-02-05,36.5276,-93.9359,2693,35.776015,-94.206152,2,6,9,2154.96,9,413.1977777777778,374.44373632021734,2918.0,0,0,36.839099,-93.837949,1
55554718.0,3.77,3585052663373890,"fraud_Larson, Quitzon and Spencer",travel,M,1963-12-28,42.8546,-75.6605,176,42.660311,-76.351155,2,8,19,3583.6300000000047,1235,82.17975708502024,440.56373634408953,3029.0,1,47,43.526103000000006,-75.624736,1
55554726.0,977.08,30510856607165,"fraud_Mosciski, Ziemann and Farrell",shopping_net,M,1965-04-01,42.3958,-83.3772,96942,41.575146,-83.240749,3,9,14,6714.009999999995,639,66.56677621283255,117.2874558493885,1333.0,1,30,43.099084000000005,-82.995236,1
55557012.0,287.86,2297447006766555,fraud_Hackett-Lueilwitz,grocery_pos,F,1960-01-13,39.9972,-88.6962,478,39.602748,-87.804816,0,3,24,2260.360000000015,2509,61.09795536070148,115.7176148477363,3826.0,1,232,39.503655,-89.528858,1
55557905.0,8.71,30011465039817,fraud_Wisozk and Sons,misc_pos,F,1971-10-14,42.3496,-73.5873,4015,41.850861,-73.749741,0,5,10,1801.3300000000017,607,89.26489291598023,127.88570327932514,4117.0,2,44,43.09668,-72.925842,1
55558030.0,7.29,30510856607165,fraud_Berge LLC,gas_transport,M,1965-04-01,42.3958,-83.3772,96942,43.174722,-83.33544,1,10,15,7691.0899999999965,640,67.989453125,122.59765703830172,3304.0,0,50,41.575146,-83.240749,1
55559505.0,920.99,30011465039817,fraud_Rempel Inc,shopping_net,F,1971-10-14,42.3496,-73.5873,4015,41.594601,-72.993004,1,4,11,1105.7000000000044,608,89.13240131578948,127.82207309319456,1600.0,2,65,41.850861,-73.749741,1
55559537.0,893.98,30011465039817,"fraud_Stanton, Jakubowski and Baumbach",shopping_net,F,1971-10-14,42.3496,-73.5873,4015,41.670306,-73.99613599999999,2,5,12,2026.6900000000023,609,90.49834154351396,132.09041457927697,32.0,0,66,41.594601,-72.993004,1
55559789.0,320.34,2297447006766555,fraud_Padberg-Welch,grocery_pos,F,1960-01-13,39.9972,-88.6962,478,40.012382,-89.326422,1,4,25,2548.220000000001,2510,61.18829880478087,115.7830550505631,2777.0,6,233,39.602748,-87.804816,1
55559810.0,318.31,2297447006766555,"fraud_Schultz, Simonis and Little",grocery_pos,F,1960-01-13,39.9972,-88.6962,478,39.059264,-89.43233599999999,2,5,26,2868.5599999999977,2511,61.291505376344084,115.8754550057634,21.0,3,234,40.012382,-89.326422,1
55567896.0,308.81,30510856607165,fraud_Kuhic Inc,grocery_pos,M,1965-04-01,42.3958,-83.3772,96942,42.507146,-84.019802,0,10,16,7388.5999999999985,641,67.89475819032762,122.52529851899158,9866.0,1,66,43.174722,-83.33544,1
55568579.0,375.71,4861310130652566408,"fraud_Schultz, Simonis and Little",grocery_pos,F,1977-12-16,30.2385,-90.8435,10076,29.452542,-90.925216,0,4,26,281.3499999999767,3086,87.03821775761503,135.84520747778774,16253.0,7,288,31.213116,-89.87556,1
55588183.0,983.27,4861310130652566408,"fraud_Reichert, Huels and Hoppe",shopping_net,F,1977-12-16,30.2385,-90.8435,10076,31.089718,-91.479471,0,4,26,549.390000000014,3087,87.13172983479106,135.922532382202,19604.0,8,297,29.452542,-90.925216,1
55590891.0,9.85,30011465039817,fraud_Kling Inc,gas_transport,F,1971-10-14,42.3496,-73.5873,4015,42.142207,-73.060982,0,5,13,1870.5199999999968,610,91.81552459016393,135.93218896633425,31354.0,1,16,41.670306,-73.99613599999999,1
55595420.0,80.61,3573030041201292,fraud_Sporer Inc,gas_transport,F,1990-01-17,40.3207,-110.436,302,39.646519,-111.203453,0,2,28,55.63000000003376,2517,60.3205880015892,159.14308384489618,8670.0,10,331,40.957133,-109.942784,0
55596715.0,940.79,30011465039817,fraud_Kuhic LLC,shopping_net,F,1971-10-14,42.3496,-73.5873,4015,42.638099,-73.323273,0,6,14,1880.3699999999953,611,91.68137479541736,135.8611959814747,5824.0,4,67,42.142207,-73.060982,1
55598685.0,21.74,4861310130652566408,"fraud_Medhurst, Cartwright and Ebert",personal_care,F,1977-12-16,30.2385,-90.8435,10076,30.799938,-90.903222,0,5,27,1532.6600000000326,3088,87.42193005181348,136.8539717214313,10502.0,4,258,31.089718,-91.479471,1
55602028.0,1084.78,2297447006766555,"fraud_Mosciski, Ziemann and Farrell",shopping_net,F,1960-01-13,39.9972,-88.6962,478,40.710113,-89.292238,0,5,23,2850.720000000001,2512,61.39382165605095,115.9658179325197,42218.0,4,176,39.059264,-89.43233599999999,1
55606263.0,1.03,30270432095985,"fraud_Dare, Casper and Bartoletti",kids_pets,F,1972-11-28,40.6761,-91.0391,725,39.876686,-90.204983,0,3,37,111.39999999999418,3704,56.113369330453565,124.26601729092648,18711.0,5,306,40.723279,-90.385487,0
55608614.0,79.33,180018375329178,"fraud_Turner, Ziemann and Lehner",food_dining,F,1988-03-21,42.3703,-84.2485,2523,41.464879,-83.850127,0,2,14,126.5800000000163,1836,85.89088779956428,116.8311390750621,31685.0,3,135,41.540797,-84.914175,0
55609049.0,1061.02,2297447006766555,"fraud_Labadie, Treutel and Bode",shopping_net,F,1960-01-13,39.9972,-88.6962,478,40.009271000000005,-87.856606,0,6,24,3935.5,2513,61.80105849582172,117.72628402557984,7021.0,3,177,40.710113,-89.292238,1
55613583.0,149.53,2297447006766555,fraud_Daugherty-Thompson,food_dining,F,1960-01-13,39.9972,-88.6962,478,40.594495,-88.902517,0,7,25,4996.5199999999895,2514,62.19852028639618,119.37803058998318,4534.0,5,143,40.009271000000005,-87.856606,1
55627307.0,4.66,3541160328600277,fraud_Schoen Ltd,kids_pets,M,2003-05-07,39.5723,-90.2379,1512,39.145526,-90.359231,0,5,30,513.039999999979,3075,74.80003577235772,175.86930554816414,24368.0,1,143,39.872182,-90.925984,0
55635028.0,1004.81,2297447006766555,fraud_Mohr-Bayer,shopping_net,F,1960-01-13,39.9972,-88.6962,478,40.549337,-87.73003100000001,0,8,23,5146.0500000000175,2515,62.233244532803184,119.36698876328381,21445.0,3,178,40.594495,-88.902517,1
55635165.0,121.62,4861310130652566408,fraud_Ernser-Lynch,food_dining,F,1977-12-16,30.2385,-90.8435,10076,30.979727,-90.313108,0,6,24,1554.4000000000815,3089,87.40066688248623,136.8369142013812,36480.0,9,239,30.799938,-90.903222,1
55635607.0,278.13,581508178315,fraud_Kiehn Inc,grocery_pos,M,1978-08-08,32.2819,-98.5673,407,31.319715,-98.454167,0,1,3,71.9800000000032,606,96.83105610561056,87.84642666170267,85657.0,0,70,31.568916,-98.123052,1
55636532.0,16.54,30011465039817,fraud_Rolfson-Kunde,personal_care,F,1971-10-14,42.3496,-73.5873,4015,43.040195,-74.514274,0,6,15,2794.8199999999997,612,93.06880718954248,140.0219106447428,39817.0,1,42,42.638099,-73.323273,1
55637066.0,17.72,30011465039817,fraud_Little Ltd,kids_pets,F,1971-10-14,42.3496,-73.5873,4015,41.48381,-74.455653,1,7,16,2811.3600000000006,613,92.94396411092984,139.9416070489515,534.0,1,62,43.040195,-74.514274,1
55637128.0,858.76,2297447006766555,fraud_Torphy-Goyette,shopping_pos,F,1960-01-13,39.9972,-88.6962,478,39.524357,-89.504846,1,8,24,5251.070000000007,2516,62.60787758346582,120.81362925178841,2100.0,4,192,40.549337,-87.73003100000001,1
55637345.0,592.56,2297447006766555,"fraud_Baumbach, Strosin and Nicolas",shopping_pos,F,1960-01-13,39.9972,-88.6962,478,39.980439,-89.224452,2,9,25,6109.830000000016,2517,62.92418752483115,121.82759374998899,217.0,3,193,39.524357,-89.504846,1
55637746.0,20.33,30011465039817,"fraud_Runte, Green and Emard",health_fitness,F,1971-10-14,42.3496,-73.5873,4015,41.717181,-72.91399100000001,2,8,17,2829.0799999999945,614,92.82144951140066,139.86036674128968,680.0,0,48,41.48381,-74.455653,1
55638010.0,913.19,581508178315,fraud_Heathcote LLC,shopping_net,M,1978-08-08,32.2819,-98.5673,407,31.846131,-98.499447,1,1,4,278.1299999999974,607,97.12973640856671,88.08184140939049,2403.0,1,54,31.319715,-98.454167,1
55638449.0,954.73,2297447006766555,"fraud_Romaguera, Cruickshank and Greenholt",shopping_net,F,1960-01-13,39.9972,-88.6962,478,40.763781,-87.97326,3,10,26,6702.390000000014,2518,63.134527402700556,122.2598439531947,1104.0,4,179,39.980439,-89.224452,1
55639086.0,710.12,581508178315,fraud_Pouros-Haag,shopping_pos,M,1978-08-08,32.2819,-98.5673,407,32.228257,-98.608272,2,2,5,1191.3199999999924,608,98.47194078947368,94.02632014801169,1076.0,0,58,31.846131,-98.499447,1
55639254.0,1022.16,581508178315,"fraud_Schmeler, Bashirian and Price",shopping_net,M,1978-08-08,32.2819,-98.5673,407,31.40067,-98.903959,2,3,6,1901.439999999995,609,99.47628899835796,97.16334431754073,168.0,0,55,32.228257,-98.608272,1
55640418.0,19.77,30011465039817,"fraud_Ledner, Hartmann and Feest",health_fitness,F,1971-10-14,42.3496,-73.5873,4015,43.187862,-73.952314,2,8,18,2828.9100000000035,615,92.70357723577236,139.7769964538913,2672.0,1,49,41.717181,-72.91399100000001,1
55640550.0,19.0,30011465039817,fraud_Shields-Wunsch,health_fitness,F,1971-10-14,42.3496,-73.5873,4015,42.762684,-73.491773,3,9,19,2848.6800000000003,616,92.58517857142857,139.69422144924079,132.0,0,50,43.187862,-73.952314,1
55641287.0,813.57,581508178315,fraud_Gleason-Macejkovic,shopping_net,M,1978-08-08,32.2819,-98.5673,407,32.245776,-97.625541,3,4,7,2923.5999999999985,610,100.98888524590164,104.02336949954733,2033.0,1,56,31.40067,-98.903959,1
55645098.0,342.03,581508178315,fraud_Kilback LLC,grocery_pos,M,1978-08-08,32.2819,-98.5673,407,31.462114,-99.425321,0,5,8,3737.1699999999983,611,102.15513911620295,107.86182256930586,3811.0,0,71,32.245776,-97.625541,1
55648597.0,10.44,4755696071492,fraud_Luettgen PLC,gas_transport,M,1985-06-20,32.9643,-96.6012,20328,32.185759999999995,-97.467629,0,4,31,476.61999999999534,3143,63.49993318485524,209.65105761775632,8789.0,7,314,32.706263,-97.323128,1
55652103.0,11.82,3586955669388457,fraud_Cummerata-Jones,gas_transport,M,1994-12-08,40.3673,-79.1605,1770,40.282833,-80.074178,0,3,9,201.15000000000873,1230,96.41973983739837,89.91017697010933,16886.0,1,52,40.550037,-78.306163,1
55680384.0,72.02,6593939509150446,fraud_McCullough Group,grocery_net,F,1983-06-23,34.1248,-117.9031,59705,34.425565,-118.037009,0,2,5,239.85000000000582,626,89.22479233226836,114.6379987293777,73234.0,2,33,33.211085,-118.419353,0
55700668.0,20.33,581508178315,fraud_Dare-Gibson,health_fitness,M,1978-08-08,32.2819,-98.5673,407,32.084514,-99.557593,0,6,9,4079.199999999997,612,102.54709150326798,108.20883093814385,55570.0,1,38,31.462114,-99.425321,1
55721129.0,1153.08,3586955669388457,fraud_Bashirian Group,shopping_net,M,1994-12-08,40.3673,-79.1605,1770,39.698527,-78.862622,0,2,8,89.72999999999593,1231,96.35101543460601,89.90596065786508,69026.0,5,109,40.282833,-80.074178,1
55721332.0,677.65,4755696071492,fraud_Jacobi and Sons,shopping_pos,M,1985-06-20,32.9643,-96.6012,20328,33.701061,-97.516831,0,2,26,19.80999999999767,3144,63.48305661577608,209.6198388511972,72735.0,5,269,32.185759999999995,-97.467629,1
55721516.0,857.15,3586955669388457,fraud_Kris-Weimann,misc_net,M,1994-12-08,40.3673,-79.1605,1770,41.286922,-79.696166,1,3,9,1242.8100000000122,1232,97.20875,94.77820670055792,387.0,1,29,39.698527,-78.862622,1
55721642.0,814.7,4755696071492,fraud_Kuhn LLC,shopping_pos,M,1985-06-20,32.9643,-96.6012,20328,33.271691,-97.344644,1,3,27,697.4599999999627,3145,63.678340222575514,209.8724317228069,310.0,8,270,33.701061,-97.516831,1
55722064.0,648.51,3586955669388457,fraud_Jaskolski-Vandervort,misc_net,M,1994-12-08,40.3673,-79.1605,1770,39.639832,-79.961841,2,3,10,2022.050000000003,1233,97.82508515815084,97.18022254590423,548.0,1,30,41.286922,-79.696166,1
55723083.0,18.6,581508178315,fraud_Zulauf LLC,personal_care,M,1978-08-08,32.2819,-98.5673,407,33.150302,-97.857621,0,6,10,3821.4000000000015,613,102.41296900489397,108.1713716973955,22415.0,0,31,32.084514,-99.557593,1
55723228.0,798.61,581508178315,"fraud_Moore, Dibbert and Koepp",misc_net,M,1978-08-08,32.2819,-98.5673,407,32.773920000000004,-97.801577,1,7,11,3840.0,614,102.2764657980456,108.13601725655029,145.0,0,14,33.150302,-97.857621,1
55723713.0,1058.67,3586955669388457,fraud_Gerlach Inc,shopping_net,M,1994-12-08,40.3673,-79.1605,1770,40.16684,-78.553622,3,4,11,2670.5599999999977,1234,98.27134521880065,98.39758621884894,1649.0,3,110,39.639832,-79.961841,1
55724120.0,1107.27,3586955669388457,fraud_Ankunding LLC,shopping_net,M,1994-12-08,40.3673,-79.1605,1770,41.065174,-79.353713,4,5,12,3729.229999999996,1235,99.048995951417,102.08375773430555,407.0,1,111,40.16684,-78.553622,1
55724597.0,1007.28,3586955669388457,"fraud_Langworth, Boehm and Gulgowski",shopping_net,M,1994-12-08,40.3673,-79.1605,1770,41.180135,-79.918536,5,6,13,4836.5,1236,99.86470873786408,105.99563304806112,477.0,3,112,41.065174,-79.353713,1
55725836.0,19.4,4755696071492,fraud_Bernier and Sons,kids_pets,M,1985-06-20,32.9643,-96.6012,20328,32.817096,-96.441522,0,4,27,1512.1600000000035,3146,63.91706293706293,210.26582770370504,4194.0,5,249,33.271691,-97.344644,1
55727339.0,579.11,4755696071492,fraud_Bins-Tillman,entertainment,M,1985-06-20,32.9643,-96.6012,20328,32.340867,-96.426617,1,4,28,1522.1900000000023,3147,63.902917063870355,210.2339047847644,1503.0,2,212,32.817096,-96.441522,1
55729153.0,100.98,30428204673351,"fraud_Towne, Greenholt and Koepp",shopping_net,M,1982-07-02,40.3087,-76.2963,823,39.482892,-75.354202,1,6,26,730.8699999999953,2469,96.70946942081815,98.4173766676793,1766.0,5,188,39.91234,-75.53683000000001,0
55730916.0,322.47,3586955669388457,fraud_Kiehn-Emmerich,grocery_pos,M,1994-12-08,40.3673,-79.1605,1770,39.629863,-79.309576,0,7,14,5843.779999999999,1237,100.59827000808407,109.04874631584026,6319.0,2,155,41.180135,-79.918536,1
55731236.0,318.72,6597248210463122,fraud_Kiehn Inc,grocery_pos,M,1968-05-16,43.0261,-94.4064,912,43.142218,-95.271979,0,1,5,125.31999999999971,609,58.31871921182266,84.45415442907809,69996.0,2,58,43.997072,-94.666034,1
55731463.0,9.07,4755696071492,"fraud_Christiansen, Goyette and Schamberger",gas_transport,M,1985-06-20,32.9643,-96.6012,20328,33.731788,-96.956527,0,5,29,2101.2999999999884,3148,64.06657878017789,210.40097389516103,4124.0,5,315,32.340867,-96.426617,1
55735372.0,334.85,6597248210463122,fraud_Rau and Sons,grocery_pos,M,1968-05-16,43.0261,-94.4064,912,43.198536,-93.5925,0,2,6,444.0400000000009,610,58.74560655737705,85.04089829198655,4136.0,1,59,43.142218,-95.271979,1
55767598.0,339.13,344342339068828,fraud_Cole PLC,grocery_pos,F,1967-05-05,31.3826,-81.4312,5989,31.327366,-80.96731199999999,0,4,22,224.97999999999593,1841,63.59024443237371,104.12695353298197,41486.0,1,189,31.180203,-81.5119,1
55781234.0,1001.16,4755696071492,fraud_Auer-West,shopping_net,M,1985-06-20,32.9643,-96.6012,20328,33.060539,-96.882452,0,5,27,2099.929999999993,3149,64.04911400444585,210.36983594656402,49771.0,5,209,33.731788,-96.956527,1
55786925.0,74.34,630471368021,fraud_White and Sons,home,M,1974-09-14,36.5422,-88.3319,1480,36.133288,-88.483393,0,0,4,0.0,639,99.27043818466355,107.05239252616317,164894.0,1,90,36.390309,-88.23100699999999,0
55793608.0,1081.63,3586955669388457,"fraud_Reichert, Shanahan and Hayes",shopping_net,M,1994-12-08,40.3673,-79.1605,1770,40.574216,-78.399454,0,7,14,6154.430000000008,1238,100.77748788368336,109.18690018393383,62692.0,4,113,39.629863,-79.309576,1
55807425.0,322.76,6597248210463122,fraud_Doyle Ltd,grocery_pos,M,1968-05-16,43.0261,-94.4064,912,42.43482,-94.09866,0,2,7,653.5699999999997,611,59.197495908346966,85.70220157346553,72053.0,1,60,43.198536,-93.5925,1
55808081.0,637.33,6597248210463122,"fraud_Parker, Nolan and Trantow",entertainment,M,1968-05-16,43.0261,-94.4064,912,42.663504,-94.72486,1,3,8,976.3300000000017,612,59.628153594771234,86.2922448038012,656.0,0,56,42.43482,-94.09866,1
55808410.0,979.63,6597248210463122,fraud_Heathcote LLC,shopping_net,M,1968-05-16,43.0261,-94.4064,912,42.105952,-93.943391,2,4,9,1613.6600000000035,613,60.5705709624796,89.32312424928868,329.0,0,47,42.663504,-94.72486,1
55808809.0,650.68,344342339068828,fraud_Nader-Heller,misc_net,F,1967-05-05,31.3826,-81.4312,5989,31.781767,-81.753613,0,2,21,382.1600000000035,1842,63.73983170466883,104.29645378620484,41211.0,0,63,31.327366,-80.96731199999999,1
55809608.0,955.07,3586955669388457,fraud_Price Inc,shopping_net,M,1994-12-08,40.3673,-79.1605,1770,40.18983,-79.982555,0,5,15,4577.319999999992,1239,101.56913640032285,112.64386240690182,16000.0,1,114,40.574216,-78.399454,1
55810778.0,334.54,6597248210463122,"fraud_Mosciski, Gislason and Mertz",grocery_pos,M,1968-05-16,43.0261,-94.4064,912,43.688634,-94.840344,3,5,10,2593.290000000001,614,62.06741042345276,96.65034532709954,2368.0,1,61,42.105952,-93.943391,1
55812667.0,1113.91,344342339068828,"fraud_Gottlieb, Considine and Schultz",shopping_net,F,1967-05-05,31.3826,-81.4312,5989,30.655461,-82.152335,0,2,22,989.8099999999977,1843,64.05830168204015,105.1606755998086,3858.0,6,86,31.781767,-81.753613,1
55816898.0,21.55,6597248210463122,"fraud_Reilly, Heaney and Cole",gas_transport,M,1968-05-16,43.0261,-94.4064,912,43.475815,-93.528854,0,6,11,2927.8300000000017,615,62.51045528455284,97.19461408075571,6120.0,0,83,43.688634,-94.840344,1
55820656.0,320.67,6597248210463122,fraud_Kiehn-Emmerich,grocery_pos,M,1968-05-16,43.0261,-94.4064,912,43.923918,-93.449907,0,6,12,2630.6600000000035,616,62.443961038961035,97.1295835564306,3758.0,1,62,43.475815,-93.528854,1
55824011.0,326.21,6597248210463122,fraud_Miller-Hauck,grocery_pos,M,1968-05-16,43.0261,-94.4064,912,43.153613,-94.096664,1,6,13,2616.480000000003,617,62.86247974068072,97.60590781354956,3355.0,1,63,43.923918,-93.449907,1
55826166.0,134.95,3534330126107879,"fraud_Baumbach, Hodkiewicz and Walsh",shopping_pos,M,1978-01-15,45.2857,-108.9082,1446,45.471474,-108.948871,0,5,33,858.5599999999686,2517,97.71148192292412,97.84839539465425,4937.0,5,193,45.866768,-108.439204,0
55827605.0,18.88,6597248210463122,"fraud_Christiansen, Goyette and Schamberger",gas_transport,M,1968-05-16,43.0261,-94.4064,912,42.998076,-94.802022,1,7,14,2942.6900000000023,618,63.288608414239484,98.10042032238323,3594.0,2,84,43.153613,-94.096664,1
55850036.0,65.81,213186334552049,"fraud_Schaefer, McGlynn and Bosco",gas_transport,F,1972-09-13,41.8117,-79.2643,528,41.293442,-79.727187,0,0,12,0.0,1271,54.01459480723839,92.11095845860287,94928.0,5,174,42.284885,-79.067689,0
55880709.0,21.19,344342339068828,"fraud_Zemlak, Tillman and Cremin",personal_care,F,1967-05-05,31.3826,-81.4312,5989,32.293957,-81.396651,0,2,23,1764.5899999999965,1844,64.62763557483731,107.93740514912406,68042.0,3,146,30.655461,-82.152335,1
55888939.0,300.78,6597248210463122,fraud_Murray-Smitham,grocery_pos,M,1968-05-16,43.0261,-94.4064,912,42.081168,-94.540517,0,8,14,2961.570000000007,619,63.21686591276252,98.03726910810272,61334.0,2,64,42.998076,-94.802022,1
55894326.0,9.3,344342339068828,fraud_Halvorson Group,misc_pos,F,1967-05-05,31.3826,-81.4312,5989,32.118931,-81.252988,0,3,24,1785.7799999999988,1845,64.60409214092141,107.91287250298812,13617.0,3,122,32.293957,-81.396651,1
55894786.0,7.24,344342339068828,fraud_Halvorson Group,misc_pos,F,1967-05-05,31.3826,-81.4312,5989,31.233161,-81.222616,1,4,25,1795.0799999999872,1846,64.57413326110509,107.89130245508355,460.0,4,123,32.118931,-81.252988,1
55895529.0,798.05,6597248210463122,fraud_Hickle Group,shopping_pos,M,1968-05-16,43.0261,-94.4064,912,43.062934000000006,-94.974793,0,6,15,1322.6299999999974,620,63.600032258064516,98.42156868076304,6590.0,2,44,42.081168,-94.540517,1
55896465.0,922.5,344342339068828,fraud_Pouros-Conroy,shopping_pos,F,1967-05-05,31.3826,-81.4312,5989,32.279849,-80.66596,2,4,26,1151.6399999999994,1847,64.5430914997293,107.87032531547337,1679.0,3,189,31.233161,-81.222616,1
55897173.0,1185.79,344342339068828,fraud_Terry-Huel,shopping_net,F,1967-05-05,31.3826,-81.4312,5989,31.003531,-80.97782600000001,3,5,27,2074.140000000014,1848,65.0073538961039,109.67234958866871,708.0,1,87,32.279849,-80.66596,1
55898861.0,48.13,6597248210463122,fraud_Kozey-Kuhlman,personal_care,M,1968-05-16,43.0261,-94.4064,912,42.534923,-94.288287,1,6,16,1786.1399999999994,621,64.78272141706924,102.66356372606974,3332.0,0,36,43.062934000000006,-94.974793,1
55899806.0,1012.1,6597248210463122,fraud_Schumm PLC,shopping_net,M,1968-05-16,43.0261,-94.4064,912,43.305787,-95.384359,1,7,17,1834.270000000004,622,64.75594855305467,102.58304364495494,945.0,2,48,42.534923,-94.288287,1
55900354.0,740.92,6597248210463122,fraud_Flatley-Durgan,misc_net,M,1968-05-16,43.0261,-94.4064,912,43.671,-93.830297,2,8,18,2846.3700000000026,623,66.27656500802568,109.30191827531746,548.0,1,32,43.305787,-95.384359,1
55944941.0,50.59,213199865312311,fraud_Bruen-Yost,misc_pos,M,1944-05-14,34.9298,-84.9885,74,35.589597999999995,-84.045684,0,0,17,0.0,1881,60.089473684210525,83.61280962376692,104617.0,2,71,34.40205,-85.87831899999999,1
55946642.0,4.53,38530489946071,"fraud_Hauck, Dietrich and Funk",kids_pets,F,1989-05-14,34.9572,-81.9916,530,34.207529,-82.765233,0,0,23,0.0,2508,61.556499202551834,139.46855520042521,118967.0,3,209,35.502986,-82.4125,0
55980861.0,974.22,213199865312311,fraud_Medhurst PLC,shopping_net,M,1944-05-14,34.9298,-84.9885,74,35.474032,-84.635485,0,1,16,50.58999999999651,1882,60.084426142401696,83.59086784987258,35920.0,2,145,35.589597999999995,-84.045684,1
55983134.0,845.7,213199865312311,fraud_Jaskolski-Vandervort,misc_net,M,1944-05-14,34.9298,-84.9885,74,35.423928000000004,-84.891228,1,2,17,1024.8099999999977,1883,60.56989378651089,86.18296618999871,2273.0,4,142,35.474032,-84.635485,1
55984232.0,750.35,213199865312311,fraud_Kunde-Sanford,misc_net,M,1944-05-14,34.9298,-84.9885,74,33.992163,-84.091418,2,3,18,1870.5099999999948,1884,60.98662951167728,88.03834914440961,1098.0,4,143,35.423928000000004,-84.891228,1
55986012.0,5.29,630469040731,fraud_Gottlieb Group,kids_pets,F,1936-05-01,45.67100000000001,-121.8686,1288,46.322294,-121.393587,0,1,27,9.970000000001164,2503,60.44051138633631,89.5485993754122,83798.0,1,252,45.950898,-121.545414,0
56020901.0,1.61,4430881574719618,fraud_Medhurst PLC,shopping_net,F,1939-11-04,39.3199,-106.6596,61,38.383358,-106.739003,0,0,21,0.0,2478,64.11330104923326,126.64065187173807,113917.0,4,203,38.862086,-107.497133,0
56033036.0,39.25,3518758680062249,fraud_Bins-Howell,personal_care,M,1989-11-24,38.5677,-109.5271,9772,39.403837,-109.19923,0,0,21,0.0,1848,55.619788961038964,101.78638209866328,138489.0,2,87,37.611445,-110.37586,0
56039615.0,908.8,213199865312311,fraud_Bogisich-Homenick,misc_net,M,1944-05-14,34.9298,-84.9885,74,35.308297,-85.843589,0,3,18,2570.270000000004,1885,61.352339522546416,89.43569767771201,55383.0,3,144,33.992163,-84.091418,1
56044800.0,21.09,4104312520615374,fraud_Weimann-Lockman,kids_pets,F,1988-09-19,33.6401,-116.5567,1661,34.347223,-116.15864,0,0,7,0.0,1234,59.0804943273906,119.64391420580904,319433.0,3,121,33.668553,-116.381023,1
56056841.0,95.28,4225990116481262579,fraud_Wilkinson PLC,kids_pets,M,1966-12-03,20.0827,-155.488,4878,20.397783,-155.60956399999998,0,0,12,0.0,1269,66.50238770685579,116.64646317208332,167965.0,2,134,21.020173,-155.686922,0
56066841.0,1001.85,4104312520615374,"fraud_Swaniawski, Lowe and Robel",shopping_pos,F,1988-09-19,33.6401,-116.5567,1661,32.660971,-115.611352,0,1,8,21.089999999996508,1235,59.04973279352227,119.60031202567335,22041.0,2,122,34.347223,-116.15864,1
56067187.0,107.46,213199865312311,"fraud_Feil, Hilpert and Koss",food_dining,M,1944-05-14,34.9298,-84.9885,74,34.392720000000004,-85.87194699999999,0,4,17,3479.0699999999924,1886,61.80167550371156,91.51660712449116,27572.0,2,101,35.308297,-85.843589,1
56069231.0,846.93,213199865312311,fraud_Lebsack and Sons,misc_net,M,1944-05-14,34.9298,-84.9885,74,35.019090000000006,-85.17868399999999,1,4,17,2612.310000000012,1887,61.82587175410705,91.49837906398491,2044.0,4,145,34.392720000000004,-85.87194699999999,1
56070053.0,21.87,4104312520615374,fraud_Rolfson-Kunde,personal_care,F,1988-09-19,33.6401,-116.5567,1661,33.191719,-116.946022,1,2,9,1022.9400000000023,1236,59.812516181229775,122.52266991118717,3212.0,0,99,32.660971,-115.611352,1
56072480.0,125.67,4104312520615374,"fraud_Schneider, Hayes and Nikolaus",food_dining,F,1988-09-19,33.6401,-116.5567,1661,33.567048,-115.702036,1,3,10,1044.8099999999977,1237,59.78184316895715,122.47784689656636,2427.0,3,72,33.191719,-116.946022,1
56074247.0,15.48,5456712664803820,fraud_Kutch Group,grocery_net,F,1961-10-24,36.1486,-105.6648,247,36.181852,-106.497718,0,1,11,9.720000000001164,1254,59.295502392344495,95.12319639271,78526.0,2,9,36.332928,-104.773452,1
56074716.0,9.45,38530489946071,fraud_Heller-Langosh,gas_transport,F,1989-05-14,34.9572,-81.9916,530,34.985724,-82.762592,0,5,27,231.03999999997905,2516,61.49581081081081,139.26516502272042,3836.0,5,337,35.196964,-81.307982,1
56079661.0,330.98,5456712664803820,"fraud_Lockman, West and Runte",grocery_pos,F,1961-10-24,36.1486,-105.6648,247,35.249298,-106.19265,0,2,11,25.20000000001164,1255,59.260589641434265,95.09330451596936,5414.0,1,115,36.181852,-106.497718,1
56084801.0,997.42,38530489946071,fraud_Stamm-Witting,shopping_net,F,1989-05-14,34.9572,-81.9916,530,34.854169,-81.676624,0,5,28,141.86999999999534,2517,61.47513309495431,139.2413508901961,10085.0,2,183,34.985724,-82.762592,1
56086904.0,321.16,4104312520615374,fraud_Hackett-Lueilwitz,grocery_pos,F,1988-09-19,33.6401,-116.5567,1661,33.834866,-115.612255,0,4,11,1170.479999999996,1238,59.83506462035541,122.44265133886776,14424.0,3,106,33.567048,-115.702036,1
56089678.0,19.13,36913587729122,fraud_Donnelly PLC,misc_net,F,1971-02-11,43.6498,-116.4306,84106,42.89832,-115.928423,1,5,40,362.070000000007,3135,88.10950877192982,131.67934642943368,3568.0,4,134,43.09905,-115.754663,0
56091245.0,44.84,4745996322265,"fraud_Streich, Hansen and Veum",gas_transport,F,1998-10-07,41.4802,-86.6919,1423,41.280778000000005,-87.547189,0,4,37,315.0699999999488,3703,77.1021658115042,181.71816274458348,27211.0,11,433,41.153705,-86.809168,0
56091786.0,379.57,4104312520615374,fraud_Stracke-Lemke,grocery_pos,F,1988-09-19,33.6401,-116.5567,1661,33.806317,-116.992593,0,5,12,1491.6399999999849,1239,60.045980629539955,122.61814898656473,4882.0,2,107,33.834866,-115.612255,1
56117933.0,1.78,5456712664803820,fraud_Tromp Group,travel,F,1961-10-24,36.1486,-105.6648,247,35.656627,-104.778826,0,2,10,346.4600000000064,1256,59.47692675159235,95.36411373256618,38272.0,2,52,35.249298,-106.19265,1
56128990.0,957.37,5456712664803820,"fraud_Kihn, Abernathy and Douglas",shopping_net,F,1961-10-24,36.1486,-105.6648,247,36.526666,-104.864936,0,3,11,348.24000000000524,1257,59.431026252983294,95.34003256604423,11057.0,2,85,35.656627,-104.778826,1
56146143.0,952.33,5456712664803820,"fraud_Mosciski, Ziemann and Farrell",shopping_net,F,1961-10-24,36.1486,-105.6648,247,36.869406,-105.825118,0,4,12,1305.6100000000006,1258,60.14480922098569,98.60742402676124,17153.0,1,86,36.526666,-104.864936,1
56148356.0,299.79,38530489946071,fraud_White and Sons,home,F,1989-05-14,34.9572,-81.9916,530,34.015091,-82.220637,0,3,26,1037.9400000000023,2518,61.84683478951548,140.45762068627369,63555.0,4,255,34.854169,-81.676624,1
56154332.0,917.14,5456712664803820,fraud_Ankunding LLC,shopping_net,F,1961-10-24,36.1486,-105.6648,247,35.615616,-105.517696,0,5,13,2257.9400000000023,1259,60.85345512311358,101.72481595294211,8189.0,1,87,36.869406,-105.825118,1
56157516.0,20.71,4104312520615374,fraud_Breitenberg-Hermiston,kids_pets,F,1988-09-19,33.6401,-116.5567,1661,33.831483,-115.819572,0,3,12,826.3999999999942,1240,60.30366129032258,122.90407098773149,65730.0,3,122,33.806317,-116.992593,1
56157809.0,21.88,38530489946071,"fraud_Ledner, Hartmann and Feest",health_fitness,F,1989-05-14,34.9572,-81.9916,530,35.935144,-82.927175,0,3,27,1306.6600000000035,2519,61.94129416435093,140.50973007469494,9453.0,3,149,34.015091,-82.220637,1
56158880.0,5.03,213113028819344,fraud_Schroeder Group,health_fitness,F,1959-09-27,43.3392,-75.7543,6460,42.628541,-74.75976,1,4,16,255.84999999999127,1261,69.2133703409992,145.979872591689,1005.0,0,81,43.504416,-76.644576,0
56159049.0,93.87,4104312520615374,"fraud_Langosh, Wintheiser and Hyatt",food_dining,F,1988-09-19,33.6401,-116.5567,1661,34.33335,-117.51807,1,3,13,721.4400000000023,1241,60.27175664786462,122.85964392008373,1533.0,1,73,33.831483,-115.819572,1
56160666.0,13.96,38530489946071,"fraud_Christiansen, Goyette and Schamberger",gas_transport,F,1989-05-14,34.9572,-81.9916,530,35.266116,-81.999324,1,4,28,1328.5400000000081,2520,61.925396825396824,140.48410403283486,2857.0,6,338,35.935144,-82.927175,1
56165300.0,38.19,4855488158131690372,fraud_Eichmann-Russel,misc_pos,M,1993-09-29,44.1554,-72.4847,970,44.444718,-72.966635,0,1,20,131.8299999999872,2514,96.50194112967384,100.18254140973708,59816.0,4,171,45.028076,-73.19934599999999,0
56173053.0,1111.57,38530489946071,"fraud_Bahringer, Schoen and Corkery",shopping_pos,F,1989-05-14,34.9572,-81.9916,530,35.110485,-81.136,0,3,29,335.63000000000466,2521,61.906370487901626,140.4594761189967,12387.0,4,229,35.266116,-81.999324,1
56220048.0,6.68,4633065159406313,"fraud_Armstrong, Walter and Gottlieb",food_dining,F,1995-11-29,41.8383,-71.4377,203571,41.935789,-71.568815,0,1,6,9.330000000001746,654,74.66238532110091,470.8379422032503,5049.0,2,51,42.698066,-71.868064,0
56228110.0,195.69,38530489946071,fraud_Lynch-Wisozk,home,F,1989-05-14,34.9572,-81.9916,530,35.205983,-82.237615,0,4,24,1447.2000000000116,2522,62.322573354480575,141.97856047372912,55057.0,6,256,35.110485,-81.136,1
56233572.0,21.73,38530489946071,fraud_Ziemann-Waters,health_fitness,F,1989-05-14,34.9572,-81.9916,530,35.804269,-81.24658000000001,0,5,25,1642.890000000014,2523,62.375434007134366,141.97523972734925,5462.0,2,150,35.205983,-82.237615,1
56240308.0,19.91,38530489946071,fraud_Hilpert-Conroy,kids_pets,F,1989-05-14,34.9572,-81.9916,530,34.905905,-82.903604,0,5,23,1364.8299999999872,2524,62.35933042789224,141.94940629167502,6736.0,5,211,35.804269,-81.24658000000001,1
56241099.0,270.06,38530489946071,"fraud_Schiller, Blanda and Johnson",home,F,1989-05-14,34.9572,-81.9916,530,34.189665999999995,-82.936157,1,6,23,1384.7400000000198,2525,62.34251881188119,141.92379777079236,791.0,4,257,34.905905,-82.903604,1
56241549.0,842.07,5456712664803820,"fraud_Schuppe, Nolan and Hoeger",shopping_pos,F,1961-10-24,36.1486,-105.6648,247,36.807533,-106.651408,0,0,12,0.0,1260,61.53304761904762,104.50667403771422,87217.0,1,90,35.615616,-105.517696,1
56241712.0,51.86,5456712664803820,fraud_Kirlin and Sons,personal_care,F,1961-10-24,36.1486,-105.6648,247,35.672329,-106.219095,1,1,13,842.070000000007,1261,62.15203013481364,106.75259094139437,163.0,2,100,36.807533,-106.651408,1
56244495.0,1030.78,38530489946071,fraud_Torphy-Goyette,shopping_pos,F,1989-05-14,34.9572,-81.9916,530,34.730612,-82.966095,1,6,24,1632.9200000000128,2526,62.424750593824236,141.95586700906097,3396.0,2,230,34.189665999999995,-82.936157,1
56246278.0,19.11,38530489946071,fraud_Romaguera Ltd,health_fitness,F,1989-05-14,34.9572,-81.9916,530,35.052178000000005,-81.245327,1,7,25,2663.7000000000116,2527,62.80795409576573,143.22907414686102,1783.0,1,151,34.730612,-82.966095,1
56257026.0,898.83,4129767952109660,fraud_Bednar Group,misc_net,F,1972-06-14,47.3551,-96.798,771,48.192149,-96.998591,0,3,13,22.70000000001164,1254,56.72421052631579,129.71036840023805,31104.0,0,59,46.701116,-96.706006,1
56257626.0,751.63,4129767952109660,fraud_Flatley Group,misc_pos,F,1972-06-14,47.3551,-96.798,771,46.961592,-97.504919,1,4,14,921.5299999999988,1255,57.39521115537848,131.81963546949385,600.0,4,89,48.192149,-96.998591,1
56263640.0,68.23,4170689372027579,fraud_Bradtke PLC,grocery_pos,M,1993-05-10,35.6665,-97.4798,116001,35.252965,-97.576383,1,11,41,407.77999999999884,3124,63.509174135723434,164.61827991854216,3185.0,8,282,35.827420000000004,-97.571126,0
56275568.0,165.16,3521417320836166,fraud_Pacocha-O'Reilly,grocery_pos,F,1975-11-30,39.849,-86.272,910148,39.268346,-85.344691,0,6,43,272.64000000001397,3760,87.77011702127659,117.81845188696394,5372.0,6,352,40.310864,-85.726638,0
56278962.0,4.21,30153452207526,fraud_Hermann and Sons,shopping_pos,F,1962-04-05,31.8287,-99.427,5908,31.190872,-98.521849,0,2,26,164.8799999999901,1918,65.80950990615224,98.67623012311009,22163.0,3,173,32.415567,-99.593724,0
56322933.0,255.24,4129767952109660,"fraud_Schiller, Blanda and Johnson",home,F,1972-06-14,47.3551,-96.798,771,47.358852,-97.068948,0,2,13,1650.4599999999919,1256,57.94794585987261,133.21523263551998,65307.0,2,117,46.961592,-97.504919,1
56326365.0,489.67,4129767952109660,fraud_Abbott-Rogahn,entertainment,F,1972-06-14,47.3551,-96.798,771,47.019184,-96.292327,1,3,14,1905.699999999997,1257,58.10490055688146,133.27841123902454,3432.0,1,73,47.358852,-97.068948,1
56326579.0,22.61,4129767952109660,"fraud_Metz, Russel and Metz",kids_pets,F,1972-06-14,47.3551,-96.798,771,47.913246,-97.442415,1,4,15,2395.3699999999953,1258,58.447957074721785,133.77987423524334,214.0,5,111,47.019184,-96.292327,1
56329241.0,2.42,3511378610369890,fraud_Schmeler Inc,misc_pos,M,1973-04-01,34.7789,-86.5438,190178,34.772026000000004,-86.30426800000001,0,8,43,304.88000000000466,3133,60.927740185126076,174.41743663987023,20616.0,7,212,34.63327,-86.490236,0
56331346.0,21.23,4129767952109660,"fraud_Roberts, Daniel and Macejkovic",kids_pets,F,1972-06-14,47.3551,-96.798,771,47.184637,-97.741828,0,5,16,2417.979999999996,1259,58.419491660047655,133.73050623962155,4767.0,2,112,47.913246,-97.442415,1
56333582.0,13.65,341542810616333,fraud_Murray Ltd,grocery_net,M,1959-05-28,39.2048,-94.0259,464,38.509956,-94.074463,0,0,3,0.0,1256,55.67172770700637,70.11746395865104,107079.0,1,10,39.095267,-94.752356,1
56339633.0,306.95,3501942333500073,fraud_Kilback LLC,grocery_pos,F,1999-11-30,33.8155,-112.1202,1312922,33.95949,-111.664708,0,8,29,1041.1599999999744,2544,51.980204402515724,183.85276269966127,7553.0,8,126,33.607723,-111.830366,1
56340193.0,335.95,3501942333500073,fraud_Kuhic Inc,grocery_pos,F,1999-11-30,33.8155,-112.1202,1312922,32.823267,-112.325111,1,9,30,1348.109999999986,2545,52.08038899803536,183.8860938515875,560.0,6,127,33.95949,-111.664708,1
56344122.0,7.27,4129767952109660,fraud_Corwin-Collins,gas_transport,F,1972-06-14,47.3551,-96.798,771,46.559498,-95.866697,0,4,17,788.75,1260,58.38997619047619,133.68149146521668,12776.0,2,175,47.184637,-97.741828,1
56353803.0,93.93,3523898249167098,fraud_Rempel PLC,grocery_net,M,1990-11-09,40.8798,-73.9067,1382480,40.931062,-73.13517900000001,0,7,23,981.929999999993,2508,62.7083054226475,155.43275649560522,21219.0,1,138,41.027281,-73.143026,0
56364599.0,185.23,4640395708703,"fraud_Kerluke, Kertzmann and Wiza",misc_net,F,1951-06-13,30.6576,-91.6264,1178,31.55998,-92.390987,0,1,21,52.1699999999837,2537,60.9278596767836,96.47004890103291,78921.0,1,168,30.815941,-92.584843,0
56369816.0,7.84,4998109455173950,"fraud_Boehm, Block and Jakubowski",misc_pos,F,1987-11-18,38.9621,-94.5959,545147,39.106611,-93.992895,0,2,19,90.26000000000931,2538,90.18782505910166,129.09023390096695,20398.0,3,169,38.19243,-94.948587,0
56374367.0,348.06,4129767952109660,fraud_Hackett-Lueilwitz,grocery_pos,F,1972-06-14,47.3551,-96.798,771,46.807366,-97.744501,0,5,16,796.0200000000041,1261,58.34943695479778,133.63618670563153,30245.0,3,126,46.559498,-95.866697,1
56380163.0,5.9,38295635583927,fraud_Schumm PLC,shopping_net,F,1983-06-14,33.3749,-99.8473,178,33.258540999999994,-99.147633,0,4,25,112.42999999999302,2535,55.3231282051282,109.29627337000277,12351.0,9,174,33.651836,-100.115803,0
56386550.0,17.82,4129767952109660,"fraud_Conroy, Balistreri and Gorczany",health_fitness,F,1972-06-14,47.3551,-96.798,771,47.952192,-97.171577,0,6,17,1144.0800000000017,1262,58.579001584786056,133.83189238423373,12183.0,1,52,46.807366,-97.744501,1
56388636.0,298.14,341542810616333,"fraud_Rowe, Batz and Goodwin",grocery_pos,M,1959-05-28,39.2048,-94.0259,464,39.193684000000005,-93.873486,0,1,4,13.64999999999418,1257,55.63829753381066,70.09956610165789,55054.0,3,116,38.509956,-94.074463,1
56392340.0,1019.51,341542810616333,fraud_Kuhic LLC,shopping_net,M,1959-05-28,39.2048,-94.0259,464,39.765945,-93.170819,0,2,5,311.79000000000815,1258,55.83106518282989,70.4044486042736,3704.0,1,93,39.193684000000005,-93.873486,1
56405239.0,16.75,4129767952109660,"fraud_Hauck, Dietrich and Funk",kids_pets,F,1972-06-14,47.3551,-96.798,771,47.432818,-97.666585,0,7,17,1161.9000000000087,1263,58.54673000791766,133.78377421933496,18689.0,3,113,47.952192,-97.171577,1
56412819.0,823.42,341542810616333,fraud_Klocko LLC,misc_net,M,1959-05-28,39.2048,-94.0259,464,39.888304,-93.32464,0,3,6,1331.300000000003,1259,56.596497220015884,75.43524972975652,20479.0,2,91,39.765945,-93.170819,1
56413132.0,52.83,341542810616333,fraud_Marvin-Lind,personal_care,M,1959-05-28,39.2048,-94.0259,464,39.097705,-94.79636,1,4,7,2154.720000000001,1260,57.205087301587305,78.43875471484466,313.0,1,101,39.888304,-93.32464,1
56415754.0,873.29,3501942333500073,fraud_Price Inc,shopping_net,F,1999-11-30,33.8155,-112.1202,1312922,34.067865999999995,-112.125376,0,3,30,648.6699999999546,2546,52.19188531029065,183.93601997772424,75561.0,4,209,32.823267,-112.325111,1
56416893.0,8.14,3501942333500073,fraud_Kozey-McDermott,travel,F,1999-11-30,33.8155,-112.1202,1312922,33.757627,-112.002044,1,4,31,1521.9599999999627,2547,52.51426383981154,184.61818808619284,1139.0,1,91,34.067865999999995,-112.125376,1
56417057.0,348.09,341542810616333,fraud_Lockman Ltd,grocery_pos,M,1959-05-28,39.2048,-94.0259,464,40.08806,-93.079391,0,5,8,2207.550000000003,1261,57.20161776367962,78.40771884530004,3925.0,1,117,39.097705,-94.79636,1
56417117.0,319.27,341542810616333,fraud_Kiehn-Emmerich,grocery_pos,M,1959-05-28,39.2048,-94.0259,464,39.375428,-93.819125,1,6,9,2555.6399999999994,1262,57.43211568938193,78.80319936207877,60.0,2,118,40.08806,-93.079391,1
56417409.0,708.51,3501942333500073,fraud_Mante Group,misc_net,F,1999-11-30,33.8155,-112.1202,1312922,33.090936,-112.39668,2,5,32,1530.0999999999767,2548,52.49684850863422,184.5840355924643,516.0,1,120,33.757627,-112.002044,1
56418485.0,806.79,341542810616333,"fraud_Johnson, Runolfsdottir and Mayer",misc_net,M,1959-05-28,39.2048,-94.0259,464,38.741744,-94.696218,2,7,10,2874.9100000000035,1263,57.639429928741094,79.11577740890556,1368.0,2,92,39.375428,-93.819125,1
56419567.0,17.45,341542810616333,fraud_Koss and Sons,gas_transport,M,1959-05-28,39.2048,-94.0259,464,39.626565,-93.75182,3,8,11,3681.699999999997,1264,58.23211234177215,81.84350126319283,1082.0,2,168,38.741744,-94.696218,1
56420449.0,870.55,3501942333500073,"fraud_Johnson, Runolfsdottir and Mayer",misc_net,F,1999-11-30,33.8155,-112.1202,1312922,32.975568,-112.378563,2,5,33,2232.8400000000256,2549,52.754209493919184,185.00466647656546,3040.0,1,121,33.090936,-112.39668,1
56421408.0,290.0,3501942333500073,fraud_Kiehn Inc,grocery_pos,F,1999-11-30,33.8155,-112.1202,1312922,33.147451000000004,-113.09476399999998,1,6,34,3103.390000000014,2550,53.0749137254902,185.67598034548828,959.0,4,128,32.975568,-112.378563,1
56421747.0,850.16,3501942333500073,"fraud_Rohan, White and Aufderhar",misc_net,F,1999-11-30,33.8155,-112.1202,1312922,33.699068,-113.080882,2,7,35,3393.390000000014,2551,53.16778910231282,185.69882700943117,339.0,5,122,33.147451000000004,-113.09476399999998,1
56422318.0,19.04,341542810616333,"fraud_Stroman, Hudson and Erdman",gas_transport,M,1959-05-28,39.2048,-94.0259,464,38.610777,-93.052098,1,8,12,3685.5000000000146,1265,58.199873517786564,81.81915504297277,2751.0,1,169,39.626565,-93.75182,1
56423971.0,326.36,3527063666782582,fraud_Pacocha-O'Reilly,grocery_pos,F,1965-11-21,30.9,-94.7547,99,31.127137,-95.426375,0,0,6,0.0,632,62.70835443037975,79.97351579335259,340498.0,2,59,31.745748,-95.56628,1
56424299.0,18.46,341542810616333,fraud_Conroy-Cruickshank,gas_transport,M,1959-05-28,39.2048,-94.0259,464,40.126368,-93.688829,1,9,13,3704.5399999999936,1266,58.168941548183255,81.79421390662125,1981.0,1,170,38.610777,-93.052098,1
56424641.0,298.17,3527063666782582,fraud_DuBuque LLC,grocery_pos,F,1965-11-21,30.9,-94.7547,99,31.742125,-95.133336,1,1,7,326.3600000000006,633,63.12486571879937,80.59439953504153,670.0,3,60,31.127137,-95.426375,1
56425024.0,7.23,3501942333500073,fraud_Conroy-Cruickshank,gas_transport,F,1999-11-30,33.8155,-112.1202,1312922,32.914517,-111.336653,1,8,36,4243.5500000000175,2552,53.48009012539185,186.3315270642059,3277.0,10,323,33.699068,-113.080882,1
56427875.0,284.76,3501942333500073,"fraud_Kovacek, Dibbert and Ondricka",grocery_pos,F,1999-11-30,33.8155,-112.1202,1312922,34.728331,-112.890271,1,7,37,3607.8800000000047,2553,53.4619741480611,186.2972652730501,2851.0,3,129,32.914517,-111.336653,1
56428357.0,939.34,30042378430132,fraud_Bednar Group,misc_net,M,1976-05-16,40.9051,-73.3309,21902,40.832568,-72.635088,0,0,4,0.0,625,48.899248,73.35222682620534,100859.0,0,25,41.627261,-74.28536700000001,1
56431433.0,8.52,3501942333500073,fraud_Spinka-Welch,grocery_net,F,1999-11-30,33.8155,-112.1202,1312922,33.869178000000005,-111.49376,1,8,38,3892.640000000043,2554,53.552537196554425,186.31699771304645,3558.0,0,98,34.728331,-112.890271,1
56440415.0,290.54,30042378430132,fraud_Pacocha-O'Reilly,grocery_pos,M,1976-05-16,40.9051,-73.3309,21902,40.923037,-73.584108,0,1,5,939.3400000000001,626,50.32167731629393,81.47717061694097,12058.0,2,62,40.832568,-72.635088,1
56462122.0,44.1,30596478689301,fraud_Kiehn Inc,grocery_pos,M,1987-05-23,39.8422,-105.1097,122111,40.554701,-105.224745,0,2,6,99.38000000000466,657,55.18094368340944,94.18588917096433,9424.0,3,76,38.902618,-104.606031,0
56492873.0,863.5,341542810616333,fraud_Kuphal-Bartoletti,misc_net,M,1959-05-28,39.2048,-94.0259,464,40.075505,-93.371757,0,8,14,2405.3499999999913,1267,58.13760063141279,81.76951358097038,68574.0,4,93,40.126368,-93.688829,1
56498663.0,20.61,3501942333500073,fraud_Nolan-Williamson,kids_pets,F,1999-11-30,33.8155,-112.1202,1312922,33.259509,-111.985701,0,9,37,3901.1600000000326,2555,53.53491193737769,186.2826490179873,67230.0,5,239,33.869178000000005,-111.49376,1
56498978.0,897.6,30042378430132,fraud_Sawayn PLC,shopping_pos,M,1976-05-16,40.9051,-73.3309,21902,40.873668,-73.756381,0,2,6,1229.880000000001,627,50.704800637958535,81.9753493070308,58563.0,1,55,40.923037,-73.584108,1
56499829.0,372.73,341542810616333,fraud_Botsford PLC,home,M,1959-05-28,39.2048,-94.0259,464,39.986908,-94.848004,0,7,15,2392.5999999999913,1268,58.772744479495266,84.80859091143398,6956.0,4,104,40.075505,-93.371757,1
56499832.0,854.43,3501942333500073,fraud_Pouros-Conroy,shopping_pos,F,1999-11-30,33.8155,-112.1202,1312922,34.299298,-111.481019,1,10,38,3921.7700000000186,2556,53.522030516431926,186.24732951621712,1169.0,2,243,33.259509,-111.985701,1
56500604.0,10.18,3501942333500073,fraud_Tillman LLC,travel,F,1999-11-30,33.8155,-112.1202,1312922,34.424236,-113.06184,2,11,39,4776.200000000041,2557,53.83525224872898,186.883274537931,772.0,0,92,34.299298,-111.481019,1
56500607.0,582.92,3527063666782582,fraud_Stark-Batz,entertainment,F,1965-11-21,30.9,-94.7547,99,31.621203,-94.697322,0,2,8,624.5299999999988,634,63.49559936908518,81.06993888728653,75966.0,1,57,31.742125,-95.133336,1
56501365.0,1030.08,3527063666782582,"fraud_Reichert, Shanahan and Hayes",shopping_net,F,1965-11-21,30.9,-94.7547,99,31.793523,-95.273698,1,3,9,1207.449999999997,635,64.31359055118111,83.58739804356448,758.0,1,51,31.621203,-94.697322,1
56501752.0,1012.2,3527063666782582,fraud_Goyette Inc,shopping_net,F,1965-11-21,30.9,-94.7547,99,31.634757,-94.317013,2,4,10,2237.529999999999,636,65.83209119496856,91.88235471462124,387.0,2,52,31.793523,-95.273698,1
56502011.0,908.98,3527063666782582,"fraud_Towne, Greenholt and Koepp",shopping_net,F,1965-11-21,30.9,-94.7547,99,31.074232,-95.508486,3,5,11,3249.729999999996,637,67.31775510204082,99.1719596998427,259.0,1,53,31.634757,-94.317013,1
56503227.0,830.7,341542810616333,"fraud_Herman, Treutel and Dickens",misc_net,M,1959-05-28,39.2048,-94.0259,464,39.191741,-93.640388,1,8,16,2765.3300000000017,1269,59.02014972419228,85.23203299048133,3398.0,1,94,39.986908,-94.848004,1
56504128.0,682.25,3527063666782582,fraud_Huel Ltd,misc_net,F,1965-11-21,30.9,-94.7547,99,30.812155,-95.440475,4,6,12,4158.709999999999,638,68.6369749216301,104.54652277015533,2117.0,1,38,31.074232,-95.508486,1
56504381.0,802.42,3501942333500073,"fraud_Greenholt, O'Hara and Balistreri",shopping_net,F,1999-11-30,33.8155,-112.1202,1312922,33.019659000000004,-113.034338,0,9,40,3196.439999999973,2558,53.81818608287725,186.84872117675965,3777.0,1,210,34.424236,-113.06184,1
56504707.0,312.5,3527063666782582,"fraud_Kovacek, Dibbert and Ondricka",grocery_pos,F,1965-11-21,30.9,-94.7547,99,30.189027000000003,-94.964469,4,7,13,4840.959999999999,639,69.59724569640062,107.24774335813004,579.0,2,61,30.812155,-95.440475,1
56512068.0,11.09,30570197515105,fraud_Harris Inc,gas_transport,M,1945-12-07,31.086,-85.7192,5732,31.701701,-86.09090400000001,0,1,3,71.3900000000067,622,66.86805466237942,135.1543095178016,37651.0,1,47,30.407696,-86.149017,1
56512190.0,306.79,3527063666782582,"fraud_Moen, Reinger and Murphy",grocery_pos,F,1965-11-21,30.9,-94.7547,99,30.563808,-94.551683,0,6,14,4528.93,640,69.97678125,107.59306931191401,7483.0,2,62,30.189027000000003,-94.964469,1
56512794.0,10.84,30042378430132,fraud_Conroy-Cruickshank,gas_transport,M,1976-05-16,40.9051,-73.3309,21902,39.918143,-74.013398,0,3,7,2127.4799999999996,628,52.053359872611466,88.60772313798633,13816.0,3,64,40.873668,-73.756381,1
56512944.0,319.1,30042378430132,fraud_Auer-Mosciski,grocery_pos,M,1976-05-16,40.9051,-73.3309,21902,41.346861,-73.811637,1,4,8,2138.3199999999997,629,51.98783783783784,88.55239616911635,150.0,2,63,39.918143,-74.013398,1
56512984.0,282.39,30042378430132,fraud_McDermott-Weimann,grocery_pos,M,1976-05-16,40.9051,-73.3309,21902,40.633124,-73.96888100000001,2,5,9,2457.4199999999983,630,52.41182539682539,89.11965240347588,40.0,0,64,41.346861,-73.811637,1
56513086.0,56.93,4469777115158234880,fraud_Schmitt Inc,gas_transport,M,1980-11-22,42.728,-71.181,47249,43.015008,-70.21191,0,2,19,51.30999999999767,2527,54.9307439651761,113.10787805029025,19036.0,6,275,42.15879,-70.366039,0
56513990.0,10.62,4306586894261180,fraud_Murray Ltd,grocery_net,F,1959-10-19,40.1186,-87.2602,4049,39.639818,-86.59019599999999,0,1,9,78.9600000000064,1254,71.5264274322169,203.45838237618523,85221.0,0,25,39.954624,-87.076302,1
56516484.0,714.25,30042378430132,fraud_Huel Ltd,misc_net,M,1976-05-16,40.9051,-73.3309,21902,41.436488,-74.17256400000001,2,5,10,1800.4699999999975,631,52.77629160063391,89.51829350262868,3500.0,1,26,40.633124,-73.96888100000001,1
56516840.0,20.39,3527063666782582,"fraud_Christiansen, Goyette and Schamberger",gas_transport,F,1965-11-21,30.9,-94.7547,99,30.988497,-95.577106,0,7,15,4835.720000000001,641,70.34622464898595,107.91510424767681,4650.0,2,96,30.563808,-94.551683,1
56517966.0,332.24,3527063666782582,"fraud_Osinski, Ledner and Leuschke",grocery_pos,F,1965-11-21,30.9,-94.7547,99,31.019418,-95.234536,1,8,16,4856.110000000001,642,70.26841121495328,107.84891755918866,1126.0,0,63,30.988497,-95.577106,1
56519749.0,292.42,4306586894261180,fraud_Doyle Ltd,grocery_pos,F,1959-10-19,40.1186,-87.2602,4049,40.930538,-86.912325,0,1,10,10.620000000009895,1255,71.47789641434262,203.38450922658427,5759.0,3,119,39.639818,-86.59019599999999,1
56572525.0,1094.32,30042378430132,fraud_Fisher Inc,shopping_net,M,1976-05-16,40.9051,-73.3309,21902,41.174890000000005,-72.956586,0,5,10,2224.1799999999967,632,53.82292721518988,93.2370478429415,56041.0,1,41,41.436488,-74.17256400000001,1
56585080.0,20.13,30570197515105,fraud_Hilpert-Conroy,kids_pets,M,1945-12-07,31.086,-85.7192,5732,30.296716,-86.622691,0,1,4,11.089999999996508,623,66.77852327447833,135.0641092344003,73012.0,2,67,31.701701,-86.09090400000001,1
56586458.0,960.89,3527063666782582,fraud_Dach-Nader,misc_net,F,1965-11-21,30.9,-94.7547,99,31.175112,-94.042457,0,9,14,5188.3499999999985,643,70.67583203732505,108.25896854511176,68492.0,0,39,31.019418,-95.234536,1
56586663.0,891.36,4306586894261180,"fraud_Schmeler, Bashirian and Price",shopping_net,F,1959-10-19,40.1186,-87.2602,4049,39.910453,-86.66265,0,2,10,303.0399999999936,1256,71.65380573248407,203.3990265530197,66914.0,3,64,40.930538,-86.912325,1
56586863.0,6.84,30042378430132,fraud_Herman Inc,misc_pos,M,1976-05-16,40.9051,-73.3309,21902,41.431904,-73.763269,0,5,11,2420.900000000005,633,55.466682464454976,101.92994965233939,14338.0,0,42,41.174890000000005,-72.956586,1
56587913.0,48.68,3527063666782582,fraud_Stiedemann Inc,misc_pos,F,1965-11-21,30.9,-94.7547,99,31.025499,-94.723739,1,8,15,4536.239999999998,644,72.05815217391304,113.72043867927876,1455.0,0,26,31.175112,-94.042457,1
56588008.0,398.89,4306586894261180,fraud_Morissette LLC,entertainment,F,1959-10-19,40.1186,-87.2602,4049,39.421318,-87.13356,1,3,11,1194.4000000000087,1257,72.30591885441527,204.62836153203008,1345.0,5,108,39.910453,-86.66265,1
56589441.0,912.32,4306586894261180,fraud_Lemke-Gutmann,shopping_net,F,1959-10-19,40.1186,-87.2602,4049,39.464867,-87.30756600000001,2,4,12,1593.2899999999936,1258,72.56552464228935,204.75409102931457,1433.0,0,65,39.421318,-87.13356,1
56591277.0,1004.44,4306586894261180,"fraud_Reichert, Shanahan and Hayes",shopping_net,F,1959-10-19,40.1186,-87.2602,4049,39.454932,-86.339438,2,5,13,2505.6100000000006,1259,73.2325258141382,206.03647470580415,1836.0,1,66,39.464867,-87.30756600000001,1
56591883.0,769.89,30042378430132,fraud_Ruecker Group,misc_net,M,1976-05-16,40.9051,-73.3309,21902,41.331453,-72.448539,0,6,12,2427.7400000000016,634,55.38998422712934,101.86771208640425,5020.0,0,27,41.431904,-73.763269,1
56593871.0,64.05,4839615922685395,fraud_Prohaska-Murray,gas_transport,M,1955-05-06,39.013000000000005,-86.5457,76,39.490368,-86.981698,0,1,29,29.75,2573,61.43242518460941,112.40284997131751,37608.0,8,327,38.947359000000006,-85.782894,0
56601449.0,294.93,30570197515105,"fraud_Goldner, Kovacek and Abbott",grocery_pos,M,1945-12-07,31.086,-85.7192,5732,30.480768,-85.730446,0,1,5,20.12999999999738,624,66.70376602564103,134.96858714638705,16369.0,1,67,30.296716,-86.622691,1
56602120.0,285.8,4958589671582726883,fraud_Bailey-Morar,grocery_pos,M,1950-11-27,38.7894,-77.2818,43102,38.638158,-76.891253,0,3,24,145.83000000000175,1874,65.65424759871932,137.73291614361077,14158.0,5,194,38.355764,-77.253314,1
56604317.0,759.5,378904938837132,"fraud_Ferry, Lynch and Kautzer",misc_net,F,1986-05-01,35.7382,-98.7388,1675,35.574699,-98.030415,0,2,24,120.8700000000099,1912,51.3759989539749,85.44288075392262,35825.0,4,79,36.683571,-98.611204,1
56605269.0,269.66,30570197515105,"fraud_Moen, Reinger and Murphy",grocery_pos,M,1945-12-07,31.086,-85.7192,5732,30.570928,-85.039695,0,2,6,315.0599999999904,625,67.068928,135.16902721496518,3820.0,1,68,30.480768,-85.730446,1
56605350.0,9.3,4306586894261180,"fraud_Robel, Cummerata and Prosacco",gas_transport,F,1959-10-19,40.1186,-87.2602,4049,40.229222,-87.98786700000001,0,5,14,3499.429999999993,1260,73.97157936507936,207.61869628362174,14073.0,1,112,39.454932,-86.339438,1
56609512.0,290.91,30570197515105,fraud_Koepp-Parker,grocery_pos,M,1945-12-07,31.086,-85.7192,5732,30.803422,-85.85903,0,3,7,584.7199999999939,626,67.39255591054314,135.30335168833352,4243.0,4,69,30.570928,-85.039695,1
56611058.0,129.49,4452366298769043,fraud_Goodwin-Nitzsche,grocery_pos,F,1978-03-04,32.0758,-96.701,1563,31.183038,-96.263058,0,7,34,375.2300000000105,3143,55.3330448615972,114.85647251005955,14174.0,5,281,33.075752,-96.264548,0
56640098.0,67.79,342319985983023,fraud_Volkman PLC,food_dining,M,1978-05-23,42.1852,-74.6178,1988,41.537367,-73.756856,0,1,20,68.63000000000466,1916,95.4177661795407,95.17905358357417,50895.0,4,152,41.687726,-73.74869699999999,0
56658012.0,9.94,4306586894261180,fraud_Thiel Ltd,travel,F,1959-10-19,40.1186,-87.2602,4049,39.694045,-86.991816,0,5,14,3216.310000000012,1261,73.92029341792228,207.54428215958168,52662.0,1,48,40.229222,-87.98786700000001,1
56671295.0,793.61,30570197515105,fraud_Koelpin and Sons,misc_net,M,1945-12-07,31.086,-85.7192,5732,31.209,-85.327329,0,4,8,875.6299999999974,627,67.74904306220095,135.48960724338895,61783.0,1,23,30.803422,-85.85903,1
56671446.0,118.4,4306586894261180,fraud_Haag-Blanda,food_dining,F,1959-10-19,40.1186,-87.2602,4049,40.58055,-86.873927,0,6,15,3226.2500000000146,1262,73.86959587955626,207.46978960171091,13434.0,0,86,39.694045,-86.991816,1
56672131.0,684.59,30570197515105,"fraud_Kerluke, Considine and Macejkovic",misc_net,M,1945-12-07,31.086,-85.7192,5732,31.041522,-84.725226,1,4,9,1649.1100000000006,628,68.90487261146497,138.44539360351283,836.0,1,24,31.209,-85.327329,1
56672411.0,960.14,4958589671582726883,"fraud_Altenwerth, Cartwright and Koss",shopping_net,M,1950-11-27,38.7894,-77.2818,43102,39.680992,-77.140438,0,2,22,329.8000000000029,1875,65.77165866666667,137.7899880801343,70291.0,1,104,38.638158,-76.891253,1
56674024.0,1060.9,4958589671582726883,fraud_Mayert Group,shopping_pos,M,1950-11-27,38.7894,-77.2818,43102,39.647335,-76.44804,1,3,23,1289.9400000000023,1876,66.24840085287846,139.2922755348672,1613.0,3,156,39.680992,-77.140438,1
56674364.0,726.93,30570197515105,fraud_Stoltenberg-Beatty,shopping_pos,M,1945-12-07,31.086,-85.7192,5732,30.831678000000004,-85.82209399999999,2,5,10,2333.699999999997,629,69.88370429252782,140.4964704730923,2233.0,2,57,31.041522,-84.725226,1
56674647.0,856.3,30570197515105,"fraud_Hayes, Marquardt and Dibbert",misc_net,M,1945-12-07,31.086,-85.7192,5732,30.428075,-86.502788,3,6,11,3060.6299999999974,630,70.92663492063492,142.80451656977866,283.0,1,25,30.831678000000004,-85.82209399999999,1
56676994.0,7.73,4306586894261180,fraud_Wisozk and Sons,misc_pos,F,1959-10-19,40.1186,-87.2602,4049,39.378363,-87.937929,0,4,16,1142.0800000000017,1263,73.90485352335709,207.39135974287055,5548.0,0,89,40.58055,-86.873927,1
56677029.0,498.84,378904938837132,"fraud_Cormier, Stracke and Thiel",entertainment,F,1986-05-01,35.7382,-98.7388,1675,34.883390000000006,-98.826247,0,1,23,759.5,1913,51.746163094615795,86.9413005314202,72712.0,3,109,35.574699,-98.030415,1
56677834.0,256.09,378904938837132,fraud_Beier and Sons,home,F,1986-05-01,35.7382,-98.7388,1675,36.012828000000006,-99.028179,1,2,24,1258.3399999999965,1914,51.97975444096133,87.51728808671818,805.0,4,178,34.883390000000006,-98.826247,1
56679151.0,295.82,378858024506425,fraud_Goodwin-Nitzsche,grocery_pos,F,1935-01-29,33.5494,-111.9565,17047,33.130158,-111.37532,0,2,13,52.220000000001164,1263,60.69330958036421,79.93925330815824,21761.0,0,126,32.909855,-112.132774,1
56680704.0,1018.07,378904938837132,fraud_Gerlach Inc,shopping_net,F,1986-05-01,35.7382,-98.7388,1675,34.832045,-97.823969,1,3,25,1514.429999999993,1915,52.08633942558748,87.61865720261426,2870.0,2,131,36.012828000000006,-99.028179,1
56681905.0,809.78,378904938837132,"fraud_Boehm, Predovic and Reinger",misc_pos,F,1986-05-01,35.7382,-98.7388,1675,36.581621000000005,-99.625171,1,4,26,2532.5,1916,52.59050626304801,90.33292381354872,1201.0,3,99,34.832045,-97.823969,1
56683364.0,10.95,378904938837132,fraud_Huels-Nolan,gas_transport,F,1986-05-01,35.7382,-98.7388,1675,35.339040999999995,-99.171111,2,5,27,3342.279999999999,1917,52.98549295774649,91.95030183783226,1459.0,6,308,36.581621000000005,-99.625171,1
56684826.0,285.48,378858024506425,fraud_Cole PLC,grocery_pos,F,1935-01-29,33.5494,-111.9565,17047,33.662636,-112.920904,0,3,13,348.04000000000815,1264,60.879327531645565,80.18081065474026,5675.0,6,127,33.130158,-111.37532,1
56704929.0,8.65,378858024506425,fraud_Kutch LLC,gas_transport,F,1935-01-29,33.5494,-111.9565,17047,33.202601,-111.195696,0,4,13,633.5200000000186,1265,61.05687747035574,80.3974752616904,20103.0,2,117,33.662636,-112.920904,1
56716883.0,42.85,4294040533480516,fraud_Friesen-D'Amore,gas_transport,F,1986-12-31,33.413000000000004,-81.69,2206,33.191839,-80.97914200000001,0,1,25,6.19999999999709,1939,56.59009798865395,101.0556162684794,55956.0,7,265,33.083981,-81.102161,0
56733778.0,929.11,378858024506425,"fraud_Baumbach, Feeney and Morar",shopping_net,F,1935-01-29,33.5494,-111.9565,17047,33.057623,-112.536252,0,4,14,637.6700000000128,1266,61.01548183254344,80.37918734096371,28849.0,2,76,33.202601,-111.195696,1
56736841.0,52.66,3575540972310993,fraud_Stracke-Lemke,grocery_pos,F,2001-06-22,34.3396,-89.5736,4198,33.357067,-89.105592,0,3,24,101.51999999998952,1930,59.18381865284974,254.30894885693218,3671.0,1,90,35.277522999999995,-89.213226,0
56740514.0,890.94,4958589671582726883,"fraud_Okuneva, Schneider and Rau",shopping_pos,M,1950-11-27,38.7894,-77.2818,43102,38.255779,-77.560778,0,2,19,2021.0399999999936,1877,66.77831646244005,141.1349603552487,66490.0,0,157,39.647335,-76.44804,1
56750091.0,915.2,4958589671582726883,fraud_Fisher-Schowalter,shopping_net,M,1950-11-27,38.7894,-77.2818,43102,38.824366,-77.38639,0,3,19,2911.979999999996,1878,67.21716719914804,142.3732728020963,9577.0,2,105,38.255779,-77.560778,1
56753059.0,949.65,378858024506425,fraud_Turner and Sons,shopping_pos,F,1935-01-29,33.5494,-111.9565,17047,33.129231,-112.211793,0,4,15,1519.0600000000122,1267,61.70063930544593,83.96720714361851,19281.0,3,114,33.057623,-112.536252,1
56757845.0,768.25,378858024506425,fraud_Zemlak Group,misc_net,F,1935-01-29,33.5494,-111.9565,17047,32.982192,-111.751157,0,5,16,2468.7100000000064,1268,62.400914826498415,87.55990157217947,4786.0,2,40,33.129231,-112.211793,1
56757982.0,773.33,4958589671582726883,fraud_Flatley-Durgan,misc_net,M,1950-11-27,38.7894,-77.2818,43102,39.740031,-77.947084,0,4,20,3827.179999999993,1879,67.6684619478446,143.67339882991286,7891.0,1,77,38.824366,-77.38639,1
56759805.0,21.79,378904938837132,"fraud_Dare, Fritsch and Zboncak",health_fitness,F,1986-05-01,35.7382,-98.7388,1675,35.804867,-99.090651,0,5,26,2593.7300000000105,1918,52.96357664233577,91.9313265865481,76441.0,5,102,35.339040999999995,-99.171111,1
56761045.0,928.76,378858024506425,"fraud_Johnson, Runolfsdottir and Mayer",misc_net,F,1935-01-29,33.5494,-111.9565,17047,34.352606,-111.924116,1,6,17,3236.9600000000064,1269,62.95713947990544,89.74018444395433,3200.0,0,41,32.982192,-111.751157,1
56761132.0,254.95,378904938837132,"fraud_McDermott, Osinski and Morar",home,F,1986-05-01,35.7382,-98.7388,1675,36.693012,-98.175199,1,6,27,2615.520000000004,1919,52.9473319437207,91.9101129843184,1327.0,3,179,35.804867,-99.090651,1
56761310.0,18.21,378904938837132,fraud_Thompson-Gleason,health_fitness,F,1986-05-01,35.7382,-98.7388,1675,34.919206,-98.250885,2,7,28,2870.4699999999866,1920,53.05254166666667,92.0017363827708,178.0,1,103,36.693012,-98.175199,1
56763539.0,1008.11,378858024506425,fraud_Boyer-Reichert,shopping_net,F,1935-01-29,33.5494,-111.9565,17047,34.141904,-112.540038,1,7,18,4165.720000000001,1270,63.63887401574803,92.93654951973966,2494.0,2,77,34.352606,-111.924116,1
56764152.0,751.72,4958589671582726883,"fraud_Lehner, Mosciski and King",misc_net,M,1950-11-27,38.7894,-77.2818,43102,39.181157,-76.813395,0,3,20,2579.470000000001,1880,68.04381382978723,144.5542502411303,6170.0,3,78,39.740031,-77.947084,1
56764550.0,1093.63,378858024506425,"fraud_Bahringer, Schoen and Corkery",shopping_pos,F,1935-01-29,33.5494,-111.9565,17047,33.459193,-112.687258,2,8,19,5173.830000000002,1271,64.38196695515343,96.6034736186187,1011.0,2,115,34.141904,-112.540038,1
56767112.0,102.3,343668971234893,fraud_Vandervort-Funk,grocery_pos,F,1949-11-16,33.9349,-80.8449,13717,34.070533000000005,-80.862486,0,4,25,180.30999999999767,1926,65.1121235721703,103.40855914891345,47303.0,5,191,33.243390999999995,-80.80195400000001,0
56772310.0,314.74,378858024506425,fraud_Kutch and Sons,grocery_pos,F,1935-01-29,33.5494,-111.9565,17047,32.617168,-111.651271,0,7,20,5686.159999999989,1272,65.19112421383647,100.78547613655789,7760.0,1,128,33.459193,-112.687258,1
56799442.0,89.28,3568736585751727,"fraud_Little, Gutmann and Lynch",shopping_net,M,1974-03-13,41.8114,-93.4855,1195,42.007846,-93.328427,0,2,21,212.35000000000582,1892,97.77994714587737,92.65595515963346,29618.0,4,137,42.033814,-94.012946,0
56814625.0,8.06,30131826429364,"fraud_Crist, Jakubowski and Littel",home,F,1994-04-22,35.9335,-84.1481,391389,36.89722,-83.661277,1,8,24,1042.030000000028,3196,86.36418648310388,126.80798481050415,331.0,7,292,35.581553,-84.052815,0
56827502.0,290.22,378858024506425,"fraud_Lockman, West and Runte",grocery_pos,F,1935-01-29,33.5494,-111.9565,17047,32.770502,-112.705486,0,6,19,5063.139999999985,1273,65.38715632364493,100.98834670344182,55192.0,0,129,32.617168,-111.651271,1
56844693.0,1015.71,378858024506425,"fraud_Reichert, Huels and Hoppe",shopping_net,F,1935-01-29,33.5494,-111.9565,17047,33.919641,-111.911523,0,5,20,3635.459999999992,1274,65.56363422291993,101.14500824358605,17191.0,3,78,32.770502,-112.705486,1
56885632.0,1.71,4239552724014407,fraud_Jaskolski-Vandervort,misc_net,M,1936-03-27,41.141000000000005,-84.5722,6284,40.219994,-84.202145,0,4,18,536.9899999999907,1921,71.5862831858407,136.680443890542,22560.0,0,49,41.670678,-84.105548,0
56918276.0,6.29,4060579726528237,fraud_Ebert-Daugherty,travel,M,1948-11-14,39.2136,-95.4404,2661,38.9294,-96.432595,0,4,17,516.7700000000186,1925,70.29901298701304,131.81573147033166,24164.0,0,89,39.045787,-94.9322,0
56957790.0,109.79,4800395067176717,"fraud_Goldner, Kovacek and Abbott",grocery_pos,M,1928-04-02,41.6964,-96.9858,1063,40.802738,-96.461342,0,2,21,6.400000000008731,1915,62.673859007832895,141.43934517090005,26602.0,6,184,42.32464,-97.847259,0
57025181.0,271.07,4481131401752,fraud_McDermott-Weimann,grocery_pos,M,1975-04-30,42.2848,-71.7205,35299,41.422004,-71.256567,0,2,12,70.39999999999418,1281,54.15693208430913,104.9399782585677,31787.0,5,136,42.841067,-71.138787,1
57025438.0,1.46,3567879740649740,"fraud_Heathcote, Yost and Kertzmann",shopping_net,F,1958-08-14,44.0577,-76.0196,1271,43.670946,-76.48034200000001,0,2,26,21.39999999999418,2586,61.48367749419954,112.71776354651155,14610.0,2,200,43.062324,-76.03683199999999,0
57034442.0,867.41,4481131401752,fraud_Kerluke Inc,misc_net,M,1975-04-30,42.2848,-71.7205,35299,43.062279,-72.09643100000001,0,3,13,341.4699999999866,1282,54.32613104524181,105.07380159703499,9261.0,3,65,41.422004,-71.256567,1
57037621.0,317.37,4481131401752,fraud_Padberg-Welch,grocery_pos,M,1975-04-30,42.2848,-71.7205,35299,41.294209,-71.15879100000001,1,4,14,1208.8800000000047,1283,54.95986749805144,107.45777185282455,3179.0,4,137,43.062279,-72.09643100000001,1
57098069.0,140.77,4481131401752,"fraud_Schneider, Hayes and Nikolaus",food_dining,M,1975-04-30,42.2848,-71.7205,35299,42.194614,-71.983068,0,3,15,1455.8499999999913,1284,55.16423676012461,107.66522726527185,60448.0,1,99,41.294209,-71.15879100000001,1
57110617.0,680.39,4481131401752,"fraud_Bernier, Volkman and Hoeger",misc_net,M,1975-04-30,42.2848,-71.7205,35299,42.056592,-71.54888100000001,0,4,16,1596.6199999999953,1285,55.23085603112841,107.6497852905356,12548.0,0,66,42.194614,-71.983068,1
57113386.0,289.1,4481131401752,fraud_Schamberger-O'Keefe,grocery_pos,M,1975-04-30,42.2848,-71.7205,35299,41.296312,-72.60903499999999,1,4,17,2005.9400000000023,1286,55.71698289269051,109.01084650739867,2769.0,3,138,42.056592,-71.54888100000001,1
57115331.0,276.82,4481131401752,fraud_Kiehn-Emmerich,grocery_pos,M,1975-04-30,42.2848,-71.7205,35299,42.432409,-72.717232,1,5,18,2295.040000000008,1287,55.89832167832168,109.1624728818127,1945.0,1,139,41.296312,-72.60903499999999,1
57119626.0,287.69,4481131401752,fraud_McDermott-Weimann,grocery_pos,M,1975-04-30,42.2848,-71.7205,35299,41.367788,-70.777982,0,6,19,2571.8600000000006,1288,56.069844720496896,109.29354764403628,4295.0,6,140,42.432409,-72.717232,1
57151189.0,95.79,4400011257587661852,"fraud_Schumm, Bauch and Ondricka",grocery_pos,F,1980-09-15,41.4972,-98.7858,509,41.126515000000005,-98.697169,0,2,29,29.089999999996508,2557,62.275322643723115,164.20100692796495,64920.0,4,252,41.944685,-99.604274,0
57167420.0,55.58,630441765090,fraud_Romaguera Ltd,health_fitness,F,1965-07-26,31.9571,-98.9656,1791,31.207161,-99.728531,0,2,21,12.950000000011642,2533,65.78452427951046,269.6524523826333,34412.0,2,228,32.820198,-98.700647,0
57195589.0,1140.55,4481131401752,"fraud_Schmeler, Bashirian and Price",shopping_net,M,1975-04-30,42.2848,-71.7205,35299,41.979828000000005,-72.197301,0,4,17,1534.0,1289,56.24953452288596,109.44142363136629,75963.0,2,102,41.367788,-70.777982,1
57202645.0,300.9,4740713119940984,fraud_Bauch-Raynor,grocery_pos,F,1962-10-16,41.1901,-74.0436,9993,41.712849,-73.49960899999999,0,0,10,0.0,1296,67.66777006172839,130.2444453899909,110882.0,1,124,40.718453,-73.729359,1
57204351.0,278.99,4740713119940984,fraud_Auer-Mosciski,grocery_pos,F,1962-10-16,41.1901,-74.0436,9993,41.274971,-74.438062,1,1,11,300.8999999999942,1297,67.84759444872783,130.35515788870933,1706.0,4,125,41.712849,-73.49960899999999,1
57209463.0,283.58,180046617132290,fraud_Goodwin-Nitzsche,grocery_pos,F,1942-04-17,37.575,-88.9655,3119,38.170213,-89.91609100000001,0,4,14,177.47000000000116,1278,66.95722222222223,104.08309147861341,14866.0,4,146,38.21988,-88.520394,1
57245580.0,1.01,376445266762684,fraud_Schmidt-Larkin,home,F,1982-02-11,41.1558,-101.136,1789,42.119849,-101.843015,1,6,32,328.6600000000035,3827,56.213245361902274,117.35235401210798,1366.0,8,332,40.732533,-101.803143,0
57264470.0,966.98,4599285557366057,"fraud_Streich, Dietrich and Barton",shopping_net,F,1997-11-18,38.0261,-97.6666,1689,38.353951,-96.742705,0,0,22,0.0,1273,70.1632207384132,65.84383830879729,106842.0,2,88,37.784046,-97.878308,1
57270322.0,1140.88,4599285557366057,"fraud_Reichert, Shanahan and Hayes",shopping_net,F,1997-11-18,38.0261,-97.6666,1689,38.541845,-97.111516,0,1,23,966.9799999999959,1274,70.86715855572999,70.45075318799418,5852.0,1,89,38.353951,-96.742705,1
57270864.0,1041.54,4883407061576,fraud_Boyer PLC,shopping_net,F,1936-12-23,47.5412,-122.275,837792,48.287785,-121.80191299999998,0,0,0,0.0,0,,,,0,0,,,1
57277233.0,322.47,4883407061576,"fraud_Rowe, Batz and Goodwin",grocery_pos,F,1936-12-23,47.5412,-122.275,837792,48.429622,-123.129855,0,1,1,1041.54,1,1041.54,,6369.0,0,0,48.287785,-121.80191299999998,1
57279286.0,832.55,4883407061576,fraud_Mante Group,misc_net,F,1936-12-23,47.5412,-122.275,837792,46.679249,-123.271805,1,2,2,1364.01,2,682.005,508.4592731478106,2053.0,0,0,48.429622,-123.129855,1
57279633.0,980.71,4883407061576,fraud_Schmidt and Sons,shopping_net,F,1936-12-23,47.5412,-122.275,837792,46.827527,-123.007723,2,3,3,2196.56,3,732.1866666666667,369.8918966851441,347.0,0,1,46.679249,-123.271805,1
57279814.0,924.6,4883407061576,fraud_Pouros-Haag,shopping_pos,F,1936-12-23,47.5412,-122.275,837792,47.688948,-122.785322,3,4,4,3177.27,4,794.3175,326.5797074094878,181.0,0,0,46.827527,-123.007723,1
57280081.0,267.1,4740713119940984,fraud_Strosin-Cruickshank,grocery_pos,F,1962-10-16,41.1901,-74.0436,9993,40.410661,-73.17220999999999,0,2,11,579.8899999999849,1298,68.01026194144838,130.43661997839618,75730.0,2,126,41.274971,-74.438062,1
57280339.0,826.38,4740713119940984,"fraud_Mosciski, Ziemann and Farrell",shopping_net,F,1962-10-16,41.1901,-74.0436,9993,42.185839,-74.193148,1,3,12,846.9899999999907,1299,68.16352578906852,130.50332353787525,258.0,1,60,40.410661,-73.17220999999999,1
57280446.0,1139.97,4599285557366057,"fraud_Heathcote, Yost and Kertzmann",shopping_net,F,1997-11-18,38.0261,-97.6666,1689,38.169668,-97.950581,0,2,24,2107.8600000000006,1275,71.7063843137255,76.53362082142351,10124.0,4,90,38.541845,-97.111516,1
57281209.0,1104.91,4740713119940984,fraud_Boyer-Reichert,shopping_net,F,1962-10-16,41.1901,-74.0436,9993,40.858331,-74.43611999999999,2,4,13,1673.3699999999953,1300,68.74676923076923,132.13716848594015,870.0,0,61,42.185839,-74.193148,1
57282791.0,1252.51,4599285557366057,"fraud_Okuneva, Schneider and Rau",shopping_pos,F,1997-11-18,38.0261,-97.6666,1689,37.135379,-96.667749,1,3,25,3247.8300000000017,1276,72.54358150470219,82.1410273793034,2345.0,2,114,38.169668,-97.950581,1
57284129.0,278.59,4599285557366057,fraud_Barton Inc,grocery_pos,F,1997-11-18,38.0261,-97.6666,1689,38.032263,-97.160459,1,4,26,4500.340000000011,1277,73.46759592795615,88.49952900853852,1338.0,2,55,37.135379,-96.667749,1
57285413.0,10.0,180046617132290,fraud_Ledner-Pfannerstill,gas_transport,F,1942-04-17,37.575,-88.9655,3119,38.297067,-89.064806,0,1,12,283.58000000000175,1279,67.12659108678655,104.21853161972278,75950.0,2,110,38.170213,-89.91609100000001,1
57285684.0,13.98,4883407061576,fraud_Cummerata-Jones,gas_transport,F,1936-12-23,47.5412,-122.275,837792,46.600376,-121.538207,0,5,5,4101.870000000001,5,820.374,288.7653631064502,5870.0,0,0,47.688948,-122.785322,1
57286526.0,307.89,4883407061576,fraud_Kuhic Inc,grocery_pos,F,1936-12-23,47.5412,-122.275,837792,47.14672,-122.930456,1,6,6,4115.849999999999,6,685.9749999999999,418.433859946826,842.0,0,1,46.600376,-121.538207,1
57287555.0,282.77,4740713119940984,fraud_O'Keefe-Hudson,grocery_pos,F,1962-10-16,41.1901,-74.0436,9993,41.110526,-73.896709,0,5,13,2778.2799999999843,1301,69.54320522674865,135.17410270841938,6346.0,3,127,40.858331,-74.43611999999999,1
57289419.0,303.9,4740713119940984,"fraud_Osinski, Ledner and Leuschke",grocery_pos,F,1962-10-16,41.1901,-74.0436,9993,40.970436,-73.687825,1,5,14,2760.1500000000087,1302,69.70697388632873,135.25129684797867,1864.0,2,128,41.110526,-73.896709,1
57292292.0,11.43,4599285557366057,"fraud_Swift, Bradtke and Marquardt",grocery_net,F,1997-11-18,38.0261,-97.6666,1689,37.473839,-97.661561,0,5,27,4778.930000000008,1278,73.6280985915493,88.65075336368864,8163.0,1,73,38.032263,-97.160459,1
57295469.0,310.37,4599285557366057,fraud_O'Keefe-Hudson,grocery_pos,F,1997-11-18,38.0261,-97.6666,1689,37.497359,-96.755223,1,6,28,4790.360000000001,1279,73.57946833463643,88.63312791257498,3177.0,2,56,37.473839,-97.661561,1
57297574.0,336.84,4599285557366057,fraud_Kiehn Inc,grocery_pos,F,1997-11-18,38.0261,-97.6666,1689,38.516969,-97.398698,1,7,29,5100.7300000000105,1280,73.7644609375,88.84533580066253,2105.0,0,57,37.497359,-96.755223,1
57308238.0,12.4,4295296907373,fraud_Conroy-Cruickshank,gas_transport,F,1998-08-02,40.7067,-91.2268,1071,41.247867,-91.185848,0,0,0,0.0,0,,,,0,0,,,1
57309780.0,293.96,4740713119940984,fraud_Kunze Inc,grocery_pos,F,1962-10-16,41.1901,-74.0436,9993,40.704079,-73.083505,0,5,15,2785.0599999999977,1303,69.8867075978511,135.35492537861936,20361.0,3,129,40.970436,-73.687825,1
57310506.0,10.36,4599285557366057,"fraud_Robel, Cummerata and Prosacco",gas_transport,F,1997-11-18,38.0261,-97.6666,1689,37.732052,-97.750956,0,8,30,5437.570000000007,1281,73.96982825917252,89.11427506544184,12932.0,1,126,38.516969,-97.398698,1
57312435.0,318.47,180046617132290,fraud_McDermott-Weimann,grocery_pos,F,1942-04-17,37.575,-88.9655,3119,38.067697,-89.607457,0,1,12,10.0,1280,67.0819609375,104.19001736271964,27022.0,3,147,38.297067,-89.064806,1
57334236.0,1134.02,180046617132290,fraud_Kozey-Boehm,shopping_net,F,1942-04-17,37.575,-88.9655,3119,37.194098,-88.279946,0,2,13,328.4699999999866,1281,67.27820452771272,104.38588076620448,21801.0,0,61,38.067697,-89.607457,1
57349549.0,288.17,180046617132290,"fraud_Schultz, Simonis and Little",grocery_pos,F,1942-04-17,37.575,-88.9655,3119,37.481834,-88.015398,0,3,13,1462.4899999999907,1282,68.11029641185647,108.51512851819486,15313.0,1,148,37.194098,-88.279946,1
57357800.0,614.29,4295296907373,fraud_Bednar Group,misc_net,F,1998-08-02,40.7067,-91.2268,1071,41.543492,-90.355096,0,1,1,12.399999999999977,1,12.4,,49562.0,0,0,41.247867,-91.185848,1
57358702.0,849.81,4599285557366057,"fraud_Langworth, Boehm and Gulgowski",shopping_net,F,1997-11-18,38.0261,-97.6666,1689,38.542762,-98.059882,0,7,26,3340.070000000007,1282,73.92021060842434,89.09719889585496,48196.0,0,91,37.732052,-97.750956,1
57362964.0,1034.66,4599285557366057,fraud_Price Inc,shopping_net,F,1997-11-18,38.0261,-97.6666,1689,37.932446,-98.517776,0,8,27,4189.87999999999,1283,74.52495713172253,91.6587986694982,4262.0,0,92,38.542762,-98.059882,1
57363344.0,272.26,180046617132290,fraud_Kunze Inc,grocery_pos,F,1942-04-17,37.575,-88.9655,3119,38.323166,-88.36568100000001,0,4,14,1750.6600000000035,1283,68.28181605611847,108.64664005919992,13795.0,1,149,37.481834,-88.015398,1
57363466.0,1019.43,4740713119940984,fraud_Heathcote LLC,shopping_net,F,1962-10-16,41.1901,-74.0436,9993,41.22777,-73.25121800000001,0,6,14,3079.0200000000186,1304,70.05854294478527,135.44518795725583,53686.0,1,62,40.704079,-73.083505,1
57363809.0,386.54,4599285557366057,"fraud_Hoppe, Harris and Bednar",entertainment,F,1997-11-18,38.0261,-97.6666,1689,37.042183,-97.994084,1,9,28,5224.540000000008,1284,75.27272585669782,95.46070466123189,845.0,2,123,37.932446,-98.517776,1
57364485.0,1038.53,4295296907373,"fraud_Baumbach, Hodkiewicz and Walsh",shopping_pos,F,1998-08-02,40.7067,-91.2268,1071,40.151261,-90.52368,0,2,2,626.6899999999998,2,313.345,425.600500528371,6685.0,0,0,41.543492,-90.355096,1
57364886.0,869.72,4883407061576,fraud_Medhurst PLC,shopping_net,F,1936-12-23,47.5412,-122.275,837792,48.027705,-121.919191,0,5,7,3059.7299999999996,7,631.962857142857,407.8319837757653,78360.0,0,2,47.14672,-122.930456,1
57365396.0,976.13,4740713119940984,"fraud_Stanton, Jakubowski and Baumbach",shopping_net,F,1962-10-16,41.1901,-74.0436,9993,40.912316,-73.912549,1,7,15,4098.449999999997,1305,70.786030651341,137.92021768859343,1930.0,1,63,41.22777,-73.25121800000001,1
57365463.0,773.18,4295296907373,"fraud_Little, Gutmann and Lynch",shopping_net,F,1998-08-02,40.7067,-91.2268,1071,41.132628,-90.912569,1,3,3,1665.2200000000003,3,555.0733333333333,515.6216194394232,978.0,0,0,40.151261,-90.52368,1
57365509.0,873.24,4599285557366057,"fraud_Romaguera, Cruickshank and Greenholt",shopping_net,F,1997-11-18,38.0261,-97.6666,1689,37.596445,-97.436611,2,10,29,5611.080000000002,1285,75.51495719844358,95.81778368114097,1700.0,1,93,37.042183,-97.994084,1
57366152.0,772.55,4295296907373,fraud_Bednar Group,misc_net,F,1998-08-02,40.7067,-91.2268,1071,40.556955,-90.847148,2,4,4,2438.3999999999996,4,609.5999999999999,434.89814799942917,689.0,1,1,41.132628,-90.912569,1
57366373.0,974.36,4883407061576,fraud_Kassulke PLC,shopping_net,F,1936-12-23,47.5412,-122.275,837792,48.375593,-122.83509,1,3,8,1191.5899999999992,8,661.6824999999999,386.8229501889167,1487.0,0,3,48.027705,-121.919191,1
57366656.0,8.45,4599285557366057,fraud_Howe Ltd,misc_pos,F,1997-11-18,38.0261,-97.6666,1689,37.323917,-97.870548,2,11,30,6484.320000000007,1286,76.13527216174184,98.32976998872122,1147.0,3,88,37.596445,-97.436611,1
57367458.0,898.03,4599285557366057,fraud_Dach-Nader,misc_net,F,1997-11-18,38.0261,-97.6666,1689,37.415051,-96.860998,2,11,30,5352.800000000003,1287,76.08268065268065,98.30963774445591,802.0,1,100,37.323917,-97.870548,1
57367650.0,780.19,4599285557366057,fraud_Predovic Inc,shopping_net,F,1997-11-18,38.0261,-97.6666,1689,37.358152,-98.287486,3,12,31,6250.830000000002,1288,76.72083850931676,100.90494273162452,192.0,2,94,37.415051,-96.860998,1
57367954.0,1061.53,4295296907373,"fraud_Langworth, Boehm and Gulgowski",shopping_net,F,1998-08-02,40.7067,-91.2268,1071,41.026989,-92.058575,3,5,5,3210.95,5,642.1899999999999,383.61809114013363,1802.0,0,1,40.556955,-90.847148,1
57367980.0,821.96,4599285557366057,fraud_Kuhn LLC,misc_net,F,1997-11-18,38.0261,-97.6666,1689,38.706515,-97.914621,4,13,32,7031.0199999999895,1289,77.26658650116369,102.75124923747019,330.0,7,101,37.358152,-98.287486,1
57368316.0,769.5,180046617132290,fraud_Dooley-Thompson,misc_net,F,1942-04-17,37.575,-88.9655,3119,36.848919,-88.333125,0,5,14,2022.9199999999983,1284,68.44067757009346,108.75337372002552,4972.0,1,48,38.323166,-88.36568100000001,1
57368557.0,1106.48,4740713119940984,fraud_Mohr-Bayer,shopping_net,F,1962-10-16,41.1901,-74.0436,9993,41.363648,-73.284992,1,5,16,2876.190000000017,1306,71.47924961715161,140.12498643203594,3161.0,0,64,40.912316,-73.912549,1
57368906.0,20.94,4599285557366057,fraud_Schmeler-Howe,personal_care,F,1997-11-18,38.0261,-97.6666,1689,37.967381,-97.062157,5,14,33,7852.979999999996,1290,77.84386821705426,104.78323532917534,926.0,5,105,38.706515,-97.914621,1
57369245.0,1009.26,180046617132290,fraud_Auer-West,shopping_net,F,1942-04-17,37.575,-88.9655,3119,36.685633,-88.040722,1,6,15,2792.4199999999983,1285,68.98624902723735,110.45615854998842,929.0,1,62,36.848919,-88.333125,1
57369422.0,880.31,4599285557366057,"fraud_Heathcote, Yost and Kertzmann",shopping_net,F,1997-11-18,38.0261,-97.6666,1689,37.838392,-97.48212,5,14,34,6621.409999999989,1291,77.7997908597986,104.754586140169,516.0,5,95,37.967381,-97.062157,1
57372079.0,193.64,4477156602511939689,fraud_Heidenreich PLC,grocery_pos,F,1992-12-29,40.3928,-111.7941,42384,40.064817,-111.561295,1,1,10,72.86000000000058,1302,87.36020737327189,125.8607211487729,16.0,4,123,39.782586,-111.161147,0
57372617.0,287.37,573283817795,fraud_Padberg-Welch,grocery_pos,F,1950-04-17,42.8178,-72.0275,5457,41.874421000000005,-71.38628299999999,0,3,6,178.80999999999767,653,61.57649310872894,98.5194533332148,9791.0,0,59,41.953512,-71.934276,1
57425298.0,36.87,30344654314976,fraud_Breitenberg-Hermiston,kids_pets,F,1967-05-27,39.8127,-120.6405,1725,39.204185,-121.266456,0,4,9,148.89999999999418,1275,60.65897254901961,94.38588274805895,8762.0,4,117,40.573891,-120.414609,0
57426367.0,21.98,344709867813900,"fraud_Dare, Fritsch and Zboncak",health_fitness,F,1986-01-30,27.4703,-81.4872,50835,27.07814,-81.246801,1,10,44,1643.0800000000163,3867,89.98949056115852,125.38075042777282,2254.0,6,249,27.007973,-81.373603,0
57430669.0,55.83,213186880359195,fraud_Volkman PLC,food_dining,M,1973-02-14,40.4855,-90.2856,631,40.949189,-90.782081,0,5,7,350.5199999999895,656,103.53138719512195,118.24286543257628,35943.0,2,57,41.093536,-91.01004,0
57448390.0,1021.41,573283817795,fraud_Terry-Huel,shopping_net,F,1950-04-17,42.8178,-72.0275,5457,42.727608,-71.228415,0,2,6,389.81000000000495,654,61.921743119266054,98.83913224585233,75773.0,0,41,41.874421000000005,-71.38628299999999,1
57450054.0,923.16,573283817795,fraud_Dooley-Thompson,misc_net,F,1950-04-17,42.8178,-72.0275,5457,43.668113,-71.496759,1,2,7,1308.7799999999988,655,63.3866106870229,105.63976390186211,1664.0,1,22,42.727608,-71.228415,1
57454350.0,988.01,573283817795,"fraud_Mosciski, Ziemann and Farrell",shopping_net,F,1950-04-17,42.8178,-72.0275,5457,42.305776,-72.83364,0,3,8,2231.9400000000023,656,64.69724085365854,110.76807688431852,4296.0,1,42,43.668113,-71.496759,1
57457342.0,284.76,573283817795,fraud_Hackett-Lueilwitz,grocery_pos,F,1950-04-17,42.8178,-72.0275,5457,43.203852000000005,-71.07347,1,4,9,3219.9500000000044,657,66.10258751902587,116.39775666134867,2992.0,0,60,42.305776,-72.83364,1
57457781.0,302.51,676281772837,fraud_Murray-Smitham,grocery_pos,F,1950-03-25,30.8836,-84.3246,3430,29.982676,-84.117848,0,3,17,106.0799999999872,1920,72.94248958333333,303.9007978390342,35763.0,6,222,31.063789,-84.593012,1
57461396.0,102.45,3525668150756629,fraud_Kutch and Sons,grocery_pos,M,1990-08-13,46.3481,-87.0436,137,45.385153,-86.067983,0,1,11,99.0,1304,100.15526840490797,105.69720773887973,54555.0,6,163,45.813295,-86.741637,0
57475225.0,325.1,573283817795,fraud_Deckow-O'Conner,grocery_pos,F,1950-04-17,42.8178,-72.0275,5457,43.358705,-72.26582900000001,0,4,10,3217.340000000004,658,66.43489361702127,116.6210841849478,17883.0,1,61,43.203852000000005,-71.07347,1
57497293.0,1.79,4505383113689,fraud_Grimes LLC,entertainment,F,1933-03-15,38.8582,-76.6145,3289,38.013234,-77.009743,0,3,15,146.79000000000815,1288,68.40875776397516,195.86490705907238,10177.0,2,96,38.893608,-76.212992,0
57515695.0,6.84,36485887555770,fraud_Lynch-Mohr,travel,M,2005-01-29,40.4971,-82.8342,267,40.314499,-83.099434,0,6,39,258.1000000000058,2557,71.1639421196715,77.95716917894174,4381.0,0,68,40.315304,-83.50749499999999,0
57528798.0,207.63,4792627764422477317,"fraud_Lang, Towne and Schuppe",kids_pets,F,1978-10-01,38.9462,-94.9714,5760,37.963974,-95.033214,0,9,38,434.4199999999837,3870,84.49127390180878,109.10909018324303,4883.0,8,321,38.431553,-95.813275,0
57529797.0,939.95,573283817795,fraud_Goyette Inc,shopping_net,F,1950-04-17,42.8178,-72.0275,5457,43.768763,-71.448365,0,5,10,3542.4400000000023,659,66.82740515933233,116.96724711630951,54572.0,0,43,43.358705,-72.26582900000001,1
57538615.0,998.31,676281772837,fraud_Predovic Inc,shopping_net,F,1950-03-25,30.8836,-84.3246,3430,31.774078000000003,-85.21792099999999,0,1,13,302.5100000000093,1921,73.06199375325352,303.86679199533023,80834.0,2,101,29.982676,-84.117848,1
57539215.0,898.97,676281772837,"fraud_Romaguera, Cruickshank and Greenholt",shopping_net,F,1950-03-25,30.8836,-84.3246,3430,31.870977000000003,-83.82990699999999,1,2,14,1300.820000000007,1922,73.54339229968782,304.51990771907134,600.0,1,102,31.774078000000003,-85.21792099999999,1
57540001.0,693.09,676281772837,fraud_Brown PLC,misc_net,F,1950-03-25,30.8836,-84.3246,3430,30.260173,-85.186814,2,3,15,2199.790000000008,1923,73.97263130525221,305.0220182873803,786.0,1,70,31.870977000000003,-83.82990699999999,1
57540236.0,882.81,676281772837,fraud_Volkman-Predovic,shopping_net,F,1950-03-25,30.8836,-84.3246,3430,30.716668,-83.632871,3,4,16,2892.8800000000047,1924,74.29441787941788,305.26918183376466,235.0,3,103,30.260173,-85.186814,1
57540656.0,864.89,676281772837,fraud_Turner and Sons,shopping_pos,F,1950-03-25,30.8836,-84.3246,3430,31.533545,-83.94094,4,5,17,3775.6900000000023,1925,74.71442597402597,305.7456807434741,420.0,6,189,30.716668,-83.632871,1
57542045.0,859.65,573283817795,fraud_Bogisich-Homenick,misc_net,F,1950-04-17,42.8178,-72.0275,5457,43.601365,-72.52595600000001,0,3,11,1549.8099999999977,660,68.1503181818182,121.71951936682555,12248.0,1,23,43.768763,-71.448365,1
57553416.0,319.52,3577578023716568,fraud_Goodwin-Nitzsche,grocery_pos,F,1983-08-25,41.0935,-81.0425,2644,41.9074,-81.720199,0,6,29,646.1100000000151,2584,91.39576238390093,233.39150269758233,11727.0,3,243,40.136605,-81.709632,1
57556412.0,140.13,3577578023716568,fraud_Kilback LLC,food_dining,F,1983-08-25,41.0935,-81.0425,2644,40.625263,-80.380619,1,7,30,965.6299999999756,2585,91.48401160541586,233.38947058460013,2996.0,6,185,41.9074,-81.720199,1
57576589.0,312.69,676281772837,fraud_Heidenreich PLC,grocery_pos,F,1950-03-25,30.8836,-84.3246,3430,31.269505,-84.18191,0,5,17,4338.070000000007,1926,75.12469366562824,306.19608675519,35933.0,5,223,31.533545,-83.94094,1
57590983.0,84.92,3525590521269779,"fraud_O'Connell, Botsford and Hand",home,M,1984-07-20,36.0424,-79.3242,6006,35.791836,-79.36106099999999,0,1,28,205.4999999999709,3210,57.928302180685364,174.66241957410975,83821.0,6,300,35.173725,-79.976093,0
57593372.0,9.64,213178765398315,fraud_Williamson LLC,misc_pos,M,1993-09-11,43.0351,-108.2024,19408,42.281661,-108.215601,0,3,19,146.31999999997788,2568,62.22586838006231,179.3691147818299,38903.0,4,161,43.191161,-108.86201,0
57611141.0,4.19,4560004149983868183,"fraud_Haley, Jewess and Bechtelar",shopping_pos,F,1992-05-09,38.8881,-104.6556,525713,39.188485,-105.459577,0,1,8,38.61999999999534,1928,92.5841908713693,140.39574520543417,49990.0,1,206,38.279384,-104.506069,0
57621867.0,307.9,676281772837,fraud_Miller-Hauck,grocery_pos,F,1950-03-25,30.8836,-84.3246,3430,31.612332,-84.89478299999999,0,6,17,4650.760000000009,1927,75.24797612869746,306.16441992818505,45278.0,1,224,31.269505,-84.18191,1
57623099.0,220.31,676281772837,fraud_Schmidt-Larkin,home,F,1950-03-25,30.8836,-84.3246,3430,31.519359,-83.36009200000001,1,7,18,4958.6600000000035,1928,75.36864626556016,306.13082555644854,1232.0,9,169,31.612332,-84.89478299999999,1
57631848.0,355.11,3577578023716568,"fraud_Osinski, Ledner and Leuschke",grocery_pos,F,1983-08-25,41.0935,-81.0425,2644,40.327874,-81.223166,0,2,31,459.6499999999942,2586,91.50282289249807,233.3462840012098,75436.0,6,244,40.625263,-80.380619,1
57641346.0,870.71,3577578023716568,fraud_Lemke-Gutmann,shopping_net,F,1983-08-25,41.0935,-81.0425,2644,40.805561,-80.87996700000001,0,2,32,495.2400000000198,2587,91.6047197526092,233.35872198733142,9498.0,6,233,40.327874,-81.223166,1
57671910.0,1.89,3514897282719543,"fraud_Wiza, Schaden and Stark",misc_pos,M,1952-10-13,42.958,-77.3083,10717,42.074401,-76.939217,0,2,21,143.7599999999802,1910,71.61485340314135,148.77319982414016,65988.0,6,128,42.698472,-76.963114,0
57698796.0,21.87,3577578023716568,"fraud_Nienow, Barrows and Romaguera",personal_care,F,1983-08-25,41.0935,-81.0425,2644,41.150349,-81.25103,0,2,32,1225.8199999999779,2588,91.90576506955179,233.8157162073762,57450.0,3,216,40.805561,-80.87996700000001,1
57699365.0,9.86,503874407318,fraud_Gleason-Macejkovic,shopping_net,M,1975-12-28,29.5894,-98.5201,1595797,29.256363,-99.337247,0,1,37,3.000000000029104,3217,58.641656823127136,121.75628129320415,64984.0,7,224,30.190064000000003,-99.465784,0
57713993.0,255.68,3577578023716568,"fraud_O'Reilly, Mohr and Purdy",home,F,1983-08-25,41.0935,-81.0425,2644,41.276546,-80.265867,0,3,33,1247.6900000000023,2589,91.87871378910776,233.77459092844614,15197.0,3,243,41.150349,-81.25103,1
57717495.0,304.47,376012912828093,fraud_Lockman Ltd,grocery_pos,M,1969-05-01,42.0144,-88.0935,92294,42.54824,-88.077309,0,1,13,33.11000000000058,1291,63.76368706429126,106.04441349586429,82823.0,2,114,42.750224,-87.205665,1
57724520.0,62.88,374125201044065,fraud_Kunze Inc,grocery_pos,M,1970-07-20,38.9757,-77.0282,601723,38.537011,-76.60163399999999,0,2,21,101.47999999999593,1945,64.88471465295629,144.01932961591586,38267.0,10,202,38.380518,-77.083164,0
57754558.0,51.0,3518234918950662,"fraud_Towne, Walker and Borer",grocery_net,F,1970-09-11,33.6372,-96.6184,46563,33.625295,-97.275202,0,3,30,361.78999999997905,3221,89.0651878298665,128.01242687130727,12179.0,10,204,33.11477,-96.692186,0
57802858.0,306.33,376012912828093,fraud_Barton Inc,grocery_pos,M,1969-05-01,42.0144,-88.0935,92294,41.083861,-88.99254,0,1,11,304.47000000000116,1292,63.949992260061904,106.21464985984227,85363.0,5,115,42.54824,-88.077309,1
57806272.0,291.24,376012912828093,fraud_Kiehn Inc,grocery_pos,M,1969-05-01,42.0144,-88.0935,92294,41.887321,-87.62735,1,1,12,306.33000000000175,1293,64.13744779582368,106.38728997293155,3414.0,4,116,41.083861,-88.99254,1
57807486.0,305.28,376012912828093,fraud_Goodwin-Nitzsche,grocery_pos,M,1969-05-01,42.0144,-88.0935,92294,42.866578,-88.306232,1,2,13,597.570000000007,1294,64.31295208655332,106.53337249718948,1214.0,2,117,41.887321,-87.62735,1
57807656.0,7.83,4026222041577,fraud_Spencer-Runolfsson,misc_pos,F,1977-05-18,41.5224,-71.9934,4720,41.63033,-72.74319799999999,0,1,7,123.9800000000032,646,87.42150154798762,127.00177047806682,31182.0,1,44,41.79861,-72.936513,1
57809632.0,12.21,376012912828093,fraud_Huels-Nolan,gas_transport,M,1969-05-01,42.0144,-88.0935,92294,41.529882,-87.42522,2,3,14,902.8499999999913,1295,64.49902702702703,106.70251462735385,2146.0,3,123,42.866578,-88.306232,1
57815092.0,298.13,376012912828093,fraud_Bogisich Inc,grocery_pos,M,1969-05-01,42.0144,-88.0935,92294,42.355274,-89.066448,0,4,15,915.0599999999977,1296,64.45868055555555,106.67119794163771,5460.0,4,118,41.529882,-87.42522,1
57832389.0,98.2,6526448584969862,fraud_Heidenreich PLC,grocery_pos,M,1964-02-18,40.2878,-74.0162,8097,39.632087,-74.896884,0,1,7,6.42000000000553,648,74.89449074074074,148.38522126651335,63300.0,0,63,40.242376,-74.10535899999999,0
57864966.0,10.53,4087542780207162,fraud_Lemke and Sons,travel,F,1969-11-08,35.833,-97.436,20226,34.887631,-97.895563,0,0,0,0.0,0,,,,0,0,,,1
57878119.0,76.31,213193596103206,fraud_Medhurst Inc,home,M,1994-02-09,45.7549,-84.447,95,45.65123,-84.502902,0,2,22,151.72000000000116,2594,93.87523130300694,86.3158932470646,8683.0,5,321,46.508704,-83.777834,0
57881126.0,20.73,4026222041577,"fraud_Streich, Rolfson and Wilderman",kids_pets,F,1977-05-18,41.5224,-71.9934,4720,41.4162,-71.704669,0,1,8,7.82999999999447,647,87.298485316847,126.94200472151711,73470.0,0,63,41.63033,-72.74319799999999,1
57883208.0,940.61,4087542780207162,fraud_Hills-Witting,shopping_net,F,1969-11-08,35.833,-97.436,20226,35.736355,-97.429682,0,1,1,10.529999999999973,1,10.53,,18242.0,0,0,34.887631,-97.895563,1
57883339.0,1007.34,376012912828093,fraud_Fisher-Schowalter,shopping_net,M,1969-05-01,42.0144,-88.0935,92294,41.153156,-87.27213,0,5,15,1213.1900000000023,1297,64.63884348496529,106.82726002434765,68247.0,4,70,42.355274,-89.066448,1
57883665.0,20.67,4026222041577,fraud_Hilpert-Conroy,kids_pets,F,1977-05-18,41.5224,-71.9934,4720,40.630415,-71.45460899999999,1,2,9,28.55999999999767,648,87.19575617283951,126.87081991639702,2539.0,0,64,41.4162,-71.704669,1
57884807.0,785.09,4087542780207162,"fraud_Kerluke, Kertzmann and Wiza",misc_net,F,1969-11-08,35.833,-97.436,20226,36.828544,-98.196468,1,2,2,951.14,2,475.57,657.6658750459842,1599.0,0,0,35.736355,-97.429682,1
57886719.0,1046.08,4087542780207162,fraud_Boyer PLC,shopping_net,F,1969-11-08,35.833,-97.436,20226,34.974667,-98.376583,2,3,3,1736.23,3,578.7433333333333,498.1931470156262,1912.0,0,1,36.828544,-98.196468,1
57888493.0,736.63,4026222041577,fraud_Kris-Weimann,misc_net,F,1977-05-18,41.5224,-71.9934,4720,40.657033,-71.755767,0,3,10,49.2300000000032,649,87.09325115562405,126.79978055025447,4828.0,0,28,40.630415,-71.45460899999999,1
57888851.0,317.58,4087542780207162,fraud_Stracke-Lemke,grocery_pos,F,1969-11-08,35.833,-97.436,20226,35.962964,-97.318437,1,4,4,2782.31,4,695.5775,469.111036420661,2132.0,0,0,34.974667,-98.376583,1
57891291.0,910.3,4026222041577,fraud_Lemke-Gutmann,shopping_net,F,1977-05-18,41.5224,-71.9934,4720,40.867269,-72.246289,1,4,11,785.8599999999933,650,88.09253846153845,129.23809188354787,2798.0,1,63,40.657033,-71.755767,1
57891329.0,721.23,4026222041577,"fraud_Kerluke, Kertzmann and Wiza",misc_net,F,1977-05-18,41.5224,-71.9934,4720,42.031068,-71.149497,2,5,12,1696.1599999999962,651,89.35552995391706,133.09856983738473,38.0,0,29,40.867269,-72.246289,1
57893184.0,827.42,4026222041577,"fraud_Lehner, Mosciski and King",misc_net,F,1977-05-18,41.5224,-71.9934,4720,42.221824,-72.389609,2,6,13,2417.3899999999994,652,90.32466257668713,135.27892341895452,1855.0,1,30,42.031068,-71.149497,1
57894497.0,7.38,4026222041577,fraud_Buckridge PLC,misc_pos,F,1977-05-18,41.5224,-71.9934,4720,41.804981,-72.36041,3,6,14,3236.9800000000105,653,91.45344563552834,138.21844946539733,1313.0,0,45,42.221824,-72.389609,1
57895032.0,812.79,4026222041577,fraud_Pagac LLC,shopping_pos,F,1977-05-18,41.5224,-71.9934,4720,41.016571,-72.95223399999999,2,7,15,3244.3600000000006,654,91.32489296636084,138.1516969689828,535.0,0,68,41.804981,-72.36041,1
57896842.0,1000.87,4026222041577,fraud_Medhurst PLC,shopping_net,F,1977-05-18,41.5224,-71.9934,4720,42.454688,-72.521372,2,8,16,4057.1500000000015,655,92.42636641221372,140.89493501460842,1810.0,1,64,41.016571,-72.95223399999999,1
57900030.0,335.74,4026222041577,fraud_Bailey-Morar,grocery_pos,F,1977-05-18,41.5224,-71.9934,4720,41.135367,-72.07678100000001,1,9,17,5058.020000000004,656,93.81118902439025,145.18646129693906,3188.0,0,62,42.454688,-72.521372,1
57901130.0,8.08,4087542780207162,fraud_Harber Inc,gas_transport,F,1969-11-08,35.833,-97.436,20226,35.470197,-96.914445,0,5,5,3099.89,5,619.978,440.02874379976606,12279.0,0,0,35.962964,-97.318437,1
57901153.0,337.37,4026222041577,fraud_Koepp-Parker,grocery_pos,F,1977-05-18,41.5224,-71.9934,4720,41.103558,-72.116037,1,10,18,5393.760000000002,657,94.1794216133942,145.3824674055756,1123.0,0,63,41.135367,-72.07678100000001,1
57932456.0,8.95,3560318482131952,fraud_Graham and Sons,health_fitness,M,1955-02-01,34.4793,-87.4769,1312,34.450383,-87.051705,0,3,20,81.11999999996624,2594,61.46729760986893,108.3825485059941,6573.0,2,206,33.591035999999995,-87.785674,0
57933119.0,77.58,30428204673351,fraud_Kozey-Kuhlman,personal_care,M,1982-07-02,40.3087,-76.2963,823,39.811769,-76.168882,0,1,19,145.5000000000291,2553,96.81892283587936,98.16931354551467,33482.0,1,109,39.840668,-77.246183,0
57954437.0,2.97,675945690716,fraud_Ernser-Lynch,food_dining,F,2000-06-09,40.7687,-80.3592,28425,40.605238,-80.71046700000001,0,3,20,249.4200000000128,1970,56.59452791878173,178.3512853075461,4771.0,2,165,41.085012,-80.74906700000001,0
57960878.0,8.95,4087542780207162,"fraud_Boehm, Block and Jakubowski",misc_pos,F,1969-11-08,35.833,-97.436,20226,36.330949,-97.892333,0,5,6,3097.4400000000005,6,517.995,466.15815988782185,59748.0,0,0,35.470197,-96.914445,1
57968199.0,21.85,4026222041577,"fraud_Pouros, Walker and Spencer",kids_pets,F,1977-05-18,41.5224,-71.9934,4720,41.068755,-72.6304,0,10,18,5710.4000000000015,658,94.54901215805472,145.58080986622443,67046.0,1,65,41.103558,-72.116037,1
57968454.0,1034.69,4087542780207162,fraud_Auer-West,shopping_net,F,1969-11-08,35.833,-97.436,20226,35.837809,-97.256968,0,6,7,3106.3899999999994,7,445.27428571428567,467.0163891077465,7576.0,0,2,36.330949,-97.892333,1
57971255.0,21.39,4026222041577,fraud_Langworth LLC,personal_care,F,1977-05-18,41.5224,-71.9934,4720,41.164593,-71.254203,1,10,19,5711.5799999999945,659,94.43869499241274,145.49770709542776,3056.0,3,49,41.068755,-72.6304,1
57973249.0,64.46,2356276337669917,"fraud_Schneider, Hayes and Nikolaus",food_dining,M,1981-02-15,38.9583,-76.2842,5848,39.50372,-76.37808299999999,0,1,12,58.49999999998545,1298,61.70169491525424,165.26446493885948,35470.0,3,104,38.163131,-76.07263499999999,0
57973508.0,23.56,4087542780207162,fraud_Rau-Robel,kids_pets,F,1969-11-08,35.833,-97.436,20226,36.316656,-97.018802,0,4,8,1369.2999999999997,8,518.95125,479.97178040373234,5054.0,0,0,35.837809,-97.256968,1
57978947.0,342.3,4244953610136705533,fraud_Bogisich Inc,grocery_pos,M,1991-07-06,39.485,-74.8776,825,40.294581,-75.822236,0,3,5,776.6300000000047,653,93.75689127105666,86.0192951174264,12248.0,0,79,39.441169,-74.263478,1
57995587.0,82.77,4005676619255478,"fraud_Jenkins, Hauck and Friesen",gas_transport,M,1994-05-31,30.459,-90.9027,71335,30.124263,-90.811937,0,6,37,413.8999999999942,3218,57.51236171535115,117.74720655441484,21615.0,7,335,30.382355,-90.542434,0
58000458.0,106.11,3521815216091574,fraud_Kutch and Sons,grocery_pos,M,1978-08-27,39.7532,-105.6356,565,39.791901,-104.734713,0,0,14,0.0,1928,97.39103734439834,94.25352230943406,94587.0,4,202,40.463881,-104.785271,0
58011791.0,286.83,4244953610136705533,fraud_Kiehn Inc,grocery_pos,M,1991-07-06,39.485,-74.8776,825,38.919345,-75.739715,0,4,6,1118.9300000000003,654,94.13692660550458,86.50111575130839,32844.0,1,80,40.294581,-75.822236,1
58050294.0,9.33,2297447006766555,fraud_Schaefer Ltd,kids_pets,F,1960-01-13,39.9972,-88.6962,478,40.884541,-87.967839,0,3,15,175.14000000001397,2609,63.82692985818321,122.46479236993048,10173.0,5,236,40.426233,-89.50237299999999,0
58053706.0,992.26,4244953610136705533,fraud_Boyer PLC,shopping_net,M,1991-07-06,39.485,-74.8776,825,39.968399,-75.08442600000001,0,2,7,629.1299999999974,655,94.43111450381679,86.76226110539015,41915.0,1,62,38.919345,-75.739715,1
58053803.0,1.22,344709867813900,fraud_Auer-West,shopping_net,F,1986-01-30,27.4703,-81.4872,50835,28.370974,-80.93636,1,10,44,332.4400000000023,3915,89.67958365261813,124.88836312197381,426.0,3,374,27.158527000000003,-82.216798,0
58060279.0,754.83,4244953610136705533,"fraud_Reichert, Huels and Hoppe",shopping_net,M,1991-07-06,39.485,-74.8776,825,40.264279,-74.07902800000001,0,3,8,1621.3899999999994,656,95.79975609756097,93.51472211614332,6573.0,1,63,39.968399,-75.08442600000001,1
58061536.0,286.85,371985236239474,fraud_Wolf Inc,grocery_pos,M,1949-06-09,42.9576,-75.4838,1970,43.16803,-76.43943399999999,0,2,9,84.05999999999767,1292,61.93632352941174,104.59489417167036,18672.0,3,102,42.927468,-75.027407,1
58061575.0,79.14,6011148190095209,fraud_Bogisich-Homenick,misc_net,F,1991-10-04,37.6787,-122.478,107941,36.988905,-123.300253,0,3,19,174.9899999999907,1944,91.31395576131688,134.06235442528427,26075.0,0,93,37.067988,-121.488766,0
58071170.0,284.12,4244953610136705533,"fraud_Mosciski, Gislason and Mertz",grocery_pos,M,1991-07-06,39.485,-74.8776,825,40.1934,-74.763051,0,3,9,2033.9199999999983,657,96.80284627092846,96.9161452825538,10891.0,0,81,40.264279,-74.07902800000001,1
58072884.0,60.9,6011367958204270,fraud_Hills-Olson,grocery_net,F,1988-09-15,41.2419,-81.7453,7646,41.53785,-81.974183,1,9,34,1059.3699999999953,3896,93.10118326488706,199.4355910598013,104.0,4,230,40.68507,-81.1502,0
58084426.0,20.49,371985236239474,"fraud_Reilly, Heaney and Cole",gas_transport,M,1949-06-09,42.9576,-75.4838,1970,43.497458,-75.224414,0,3,8,370.9100000000035,1293,62.11027068832175,104.74133576781007,22890.0,3,176,43.16803,-76.43943399999999,1
58107334.0,7.49,501802953619,fraud_Morissette-Schaefer,personal_care,M,1958-09-20,41.5403,-122.9366,308,42.257038,-122.62046200000002,0,3,22,219.38999999999942,1955,65.16165217391304,179.7826283612313,13401.0,5,160,42.045771,-122.484556,0
58116123.0,5.35,4890424426862856940,"fraud_Bernhard, Grant and Langworth",shopping_pos,M,1979-04-30,38.5662,-121.3286,757530,38.021821,-122.080773,0,1,22,73.10000000000582,1934,62.12204756980351,170.02350513910932,48551.0,3,143,37.578437,-121.738834,0
58125596.0,828.44,4244953610136705533,"fraud_Swaniawski, Lowe and Robel",shopping_pos,M,1991-07-06,39.485,-74.8776,825,39.618559000000005,-75.336649,0,3,9,2031.2099999999991,658,97.08752279635259,97.11728788523126,54426.0,0,48,40.1934,-74.763051,1
58131235.0,52.64,30376238035123,fraud_Cartwright PLC,kids_pets,F,1928-10-01,42.825,-124.4409,217,43.690866,-123.925831,0,3,13,243.6600000000035,1315,64.61047148288972,109.24641574881633,15404.0,7,134,42.565589,-123.795358,0
58140839.0,1094.76,4244953610136705533,"fraud_Greenholt, O'Hara and Balistreri",shopping_net,M,1991-07-06,39.485,-74.8776,825,38.945437,-75.65615799999999,0,3,10,1867.3899999999921,659,98.19731411229135,101.1389254488663,15243.0,0,64,39.618559000000005,-75.336649,1
58144629.0,821.38,4244953610136705533,"fraud_Gottlieb, Considine and Schultz",shopping_net,M,1991-07-06,39.485,-74.8776,825,39.696187,-75.426388,0,4,11,2962.149999999994,660,99.70725757575758,108.25115900816185,3790.0,3,65,38.945437,-75.65615799999999,1
58146416.0,891.8,371985236239474,fraud_Kozey-Boehm,shopping_net,M,1949-06-09,42.9576,-75.4838,1970,43.354502,-76.138001,0,2,7,307.3399999999965,1294,62.07810664605876,104.7072173783757,61990.0,1,98,43.497458,-75.224414,1
58146651.0,713.28,4244953610136705533,"fraud_Tillman, Fritsch and Schmitt",misc_net,M,1991-07-06,39.485,-74.8776,825,38.981421000000005,-74.448369,1,5,12,3783.529999999999,661,100.79904689863844,111.75183667868694,2022.0,0,10,39.696187,-75.426388,1
58148380.0,801.34,370612217861404,"fraud_Rohan, White and Aufderhar",misc_net,F,1985-05-25,40.1159,-74.8536,21125,40.261009,-74.58761700000001,0,5,19,454.8299999999872,1914,87.56241901776384,133.8261309591518,20581.0,1,100,40.285279,-74.941482,1
58149867.0,12.01,370612217861404,fraud_Sporer Inc,gas_transport,F,1985-05-25,40.1159,-74.8536,21125,40.598412,-73.863753,1,6,20,1256.1699999999837,1915,87.93514882506527,134.78175854694737,1487.0,0,60,40.261009,-74.58761700000001,1
58152347.0,14.0,371985236239474,"fraud_Johnston, Nikolaus and Maggio",grocery_net,M,1949-06-09,42.9576,-75.4838,1970,42.737673,-75.78643199999999,0,2,8,912.2899999999936,1295,62.718818532818545,107.17621661017895,5931.0,0,9,43.354502,-76.138001,1
58152698.0,354.52,370612217861404,"fraud_Goldner, Kovacek and Abbott",grocery_pos,F,1985-05-25,40.1159,-74.8536,21125,39.471252,-74.785794,1,7,21,1268.179999999993,1916,87.89552192066806,134.75772664231832,2831.0,2,164,40.598412,-73.863753,1
58154178.0,8.74,2229378226512508,fraud_Rodriguez Group,gas_transport,M,1984-11-06,43.4987,-90.2796,1360,44.450123,-90.636791,0,3,16,307.11000000001513,1951,91.5118913377755,79.0846504738742,21416.0,0,64,43.361017,-89.76905,1
58156560.0,747.84,370612217861404,fraud_Jacobi and Sons,shopping_pos,F,1985-05-25,40.1159,-74.8536,21125,39.612612,-74.635901,0,8,22,1622.6999999999825,1917,88.03460615545123,134.86011366345988,3862.0,9,207,39.471252,-74.785794,1
58161263.0,37.7,2706977570537524,"fraud_Boehm, Predovic and Reinger",misc_pos,M,1978-12-18,39.283,-82.3977,341,39.453155,-83.087951,0,5,25,353.3399999999965,1973,96.84540293968575,98.05570214229766,11017.0,5,165,38.995076,-82.678954,0
58183366.0,6.61,4973530368125489546,fraud_Macejkovic-Lesch,shopping_pos,F,1965-09-27,35.8312,-94.1187,2786,35.630331,-93.815555,0,1,12,1.4199999999982538,1305,75.3236245210728,270.5095091305066,68638.0,3,107,35.179621999999995,-94.460718,0
58203556.0,22.66,2229378226512508,fraud_Osinski Inc,personal_care,M,1984-11-06,43.4987,-90.2796,1360,43.153626,-90.564225,0,2,16,145.47000000000116,1952,91.46948770491804,79.08657305811607,49378.0,0,69,44.450123,-90.636791,1
58206362.0,18.44,370612217861404,"fraud_Hyatt, Russel and Gleichner",health_fitness,F,1985-05-25,40.1159,-74.8536,21125,39.150117,-75.662025,0,7,23,2097.2699999999895,1918,88.37861313868613,135.6640725108147,49802.0,3,127,39.612612,-74.635901,1
58218928.0,67.57,4334230547694630,"fraud_Dare, Casper and Bartoletti",kids_pets,M,1967-08-02,43.0172,-111.0292,471,42.971004,-110.934763,0,2,21,129.69000000000233,2575,67.81108349514564,204.93509035395255,43535.0,4,231,43.672615,-111.908955,0
58227380.0,816.2,2229378226512508,"fraud_Stanton, Jakubowski and Baumbach",shopping_net,M,1984-11-06,43.4987,-90.2796,1360,42.766011,-91.103893,0,2,17,31.399999999965075,1953,91.43425499231951,79.0816422318387,23824.0,4,161,43.153626,-90.564225,1
58228092.0,18.67,370612217861404,"fraud_Roberts, Ryan and Smith",personal_care,F,1985-05-25,40.1159,-74.8536,21125,41.098085,-74.703641,0,5,24,1934.1499999999942,1919,88.34216779572694,135.63809829453623,21730.0,3,159,39.150117,-75.662025,1
58229934.0,1042.48,2229378226512508,fraud_Lemke-Gutmann,shopping_net,M,1984-11-06,43.4987,-90.2796,1360,43.187764,-91.224593,1,3,18,847.5999999999767,1954,91.80516888433982,80.74360418314579,2554.0,1,162,42.766011,-91.103893,1
58231584.0,1090.29,2229378226512508,fraud_Kozey-Boehm,shopping_net,M,1984-11-06,43.4987,-90.2796,1360,44.03126,-90.764532,1,4,19,1890.0799999999872,1955,92.29144757033248,83.5373330897993,1650.0,5,163,43.187764,-91.224593,1
58231793.0,19.57,370612217861404,fraud_Schimmel-Olson,kids_pets,F,1985-05-25,40.1159,-74.8536,21125,40.336692,-74.608253,0,6,25,1952.8199999999779,1920,88.30588020833333,135.6120747514818,3701.0,5,166,41.098085,-74.703641,1
58232169.0,949.68,2229378226512508,"fraud_Greenholt, O'Hara and Balistreri",shopping_net,M,1984-11-06,43.4987,-90.2796,1360,43.774875,-90.727092,2,5,19,2980.3699999999953,1956,92.8016717791411,86.51080558806099,585.0,3,164,44.03126,-90.764532,1
58232326.0,100.46,2229378226512508,fraud_O'Hara-Wilderman,food_dining,M,1984-11-06,43.4987,-90.2796,1360,44.49063,-89.744465,3,6,20,3930.0499999999884,1957,93.23952478283087,88.63114574656414,157.0,6,175,43.774875,-90.727092,1
58232331.0,50.37,371985236239474,fraud_Spencer-Runolfsson,misc_pos,M,1949-06-09,42.9576,-75.4838,1970,43.228994,-74.89981999999999,0,2,9,905.8000000000175,1296,62.681226851851875,107.14337477684236,79984.0,1,60,42.737673,-75.78643199999999,1
58234777.0,329.17,370612217861404,fraud_Kuhic Inc,grocery_pos,F,1985-05-25,40.1159,-74.8536,21125,39.387983,-75.521919,1,7,26,1972.3899999999849,1921,88.27009890681936,135.58582456149855,2984.0,4,165,40.336692,-74.608253,1
58237045.0,276.62,38859492057661,fraud_McDermott-Weimann,grocery_pos,M,1962-01-19,42.1808,-112.262,4154,42.079236,-112.961883,0,0,5,0.0,652,65.85265337423314,103.43786319679259,159033.0,3,66,42.737283000000005,-112.614806,1
58238498.0,10.41,370612217861404,fraud_McDermott-Rice,misc_pos,F,1985-05-25,40.1159,-74.8536,21125,40.396376,-74.427199,0,6,27,1488.2099999999919,1922,88.39543704474507,135.66185905949712,3721.0,1,121,39.387983,-75.521919,1
58239539.0,890.93,370612217861404,fraud_Huel Ltd,misc_net,F,1985-05-25,40.1159,-74.8536,21125,39.374647,-74.240534,1,6,28,1144.1000000000058,1923,88.35488299531981,135.6382214335508,1041.0,2,101,40.396376,-74.427199,1
58239966.0,813.05,370612217861404,"fraud_Rodriguez, Yost and Jenkins",misc_net,F,1985-05-25,40.1159,-74.8536,21125,39.347848,-75.79978,2,7,29,2035.030000000028,1924,88.77202182952182,136.83181341170882,427.0,1,102,39.374647,-74.240534,1
58244826.0,10.21,2229378226512508,"fraud_Towne, Walker and Borer",grocery_net,M,1984-11-06,43.4987,-90.2796,1360,44.44462,-90.759222,0,6,21,4021.7700000000186,1958,93.2432124616956,88.60864845625142,12500.0,6,88,44.49063,-89.744465,1
58246234.0,962.8,370612217861404,fraud_Auer-West,shopping_net,F,1985-05-25,40.1159,-74.8536,21125,41.043482,-74.916847,0,7,30,2100.24000000002,1925,89.14827012987011,137.78868697873594,6268.0,6,186,39.347848,-75.79978,1
58249981.0,10.58,2229378226512508,fraud_Harber Inc,gas_transport,M,1984-11-06,43.4987,-90.2796,1360,44.13922,-90.771421,0,7,22,4031.9800000000105,1959,93.2008269525268,88.60588034029469,5155.0,1,65,44.44462,-90.759222,1
58253171.0,316.34,2229378226512508,fraud_Hackett-Lueilwitz,grocery_pos,M,1984-11-06,43.4987,-90.2796,1360,42.696423,-90.933113,1,8,23,4042.5599999999977,1960,93.15867346938775,88.60291828438815,3190.0,4,250,44.13922,-90.771421,1
58276181.0,9.38,38859492057661,fraud_Emard Inc,gas_transport,M,1962-01-19,42.1808,-112.262,4154,41.724405,-111.508607,0,1,6,276.6200000000026,653,66.17542113323123,103.6870789304562,39136.0,0,62,42.079236,-112.961883,1
58276950.0,37.75,376445266762684,fraud_Rippin-VonRueden,health_fitness,F,1982-02-11,41.1558,-101.136,1789,40.562094,-100.89231,0,3,30,147.1599999999744,3886,56.768260422027794,120.78470193543566,33681.0,5,224,41.298775,-101.319219,0
58305739.0,20.83,370612217861404,fraud_Crooks and Sons,personal_care,F,1985-05-25,40.1159,-74.8536,21125,40.912411,-75.381242,0,7,30,3044.600000000006,1926,89.6018795430945,139.18389344680273,59505.0,2,160,41.043482,-74.916847,1
58312921.0,7.39,2229378226512508,fraud_Bruen-Yost,misc_pos,M,1984-11-06,43.4987,-90.2796,1360,43.539389,-90.296068,0,8,24,4336.24000000002,1961,93.27248342682304,88.72357093979612,59750.0,4,151,42.696423,-90.933113,1
58313160.0,807.62,30491348102802,fraud_Nader-Heller,misc_net,M,1953-07-30,39.6094,-100.4112,169,39.242203,-101.188528,0,0,9,0.0,647,56.98806800618239,72.90694313155596,180096.0,3,40,39.909858,-101.224568,1
58313349.0,137.61,370612217861404,fraud_Bahringer-Streich,food_dining,F,1985-05-25,40.1159,-74.8536,21125,39.374199,-75.709352,0,8,31,3065.430000000022,1927,89.56619097042032,139.15657488068703,7610.0,4,149,40.912411,-75.381242,1
58314115.0,823.34,30491348102802,fraud_Mohr-Bayer,shopping_net,M,1953-07-30,39.6094,-100.4112,169,39.108767,-100.582626,1,1,8,807.6200000000026,648,58.14645061728395,78.59214874045671,955.0,1,42,39.242203,-101.188528,1
58314333.0,718.19,38859492057661,fraud_Kuphal-Bartoletti,misc_net,M,1962-01-19,42.1808,-112.262,4154,42.490971,-112.759772,0,2,6,286.0,654,66.08857798165138,103.63145566099037,38152.0,1,27,41.724405,-111.508607,1
58317032.0,322.25,370612217861404,fraud_Botsford and Sons,home,F,1985-05-25,40.1159,-74.8536,21125,39.865905,-74.57854,0,8,32,3184.3700000000244,1928,89.59110995850624,139.12476583453096,3683.0,3,187,39.374199,-75.709352,1
58318971.0,833.6,2229378226512508,"fraud_Moore, Dibbert and Koepp",misc_net,M,1984-11-06,43.4987,-90.2796,1360,42.549759,-91.253132,0,4,25,344.5199999999604,1962,93.22871049949032,88.7221345259351,6050.0,1,49,43.539389,-90.296068,1
58319712.0,988.75,30491348102802,fraud_Terry-Huel,shopping_net,M,1953-07-30,39.6094,-100.4112,169,40.04203,-99.846143,0,2,9,1630.9599999999991,649,59.32548536209553,84.07962678641825,5597.0,1,43,39.108767,-100.582626,1
58322437.0,314.07,30491348102802,fraud_Kunze Inc,grocery_pos,M,1953-07-30,39.6094,-100.4112,169,40.470395,-100.031409,1,3,10,2619.709999999999,650,60.75536923076923,91.5830771938343,2725.0,1,64,40.04203,-99.846143,1
58325297.0,6.87,38859492057661,"fraud_Streich, Hansen and Veum",gas_transport,M,1962-01-19,42.1808,-112.262,4154,42.065971000000005,-113.202298,0,2,7,727.5699999999924,655,67.08415267175573,106.64086014494502,10964.0,2,63,42.490971,-112.759772,1
58331115.0,46.18,30175986190993,"fraud_Robel, Cummerata and Prosacco",gas_transport,F,1966-06-07,47.5375,-95.9941,516,48.440875,-96.164945,0,4,27,250.79000000000815,2616,61.16799694189602,88.06582579918144,50044.0,7,369,48.450786,-95.274475,0
58331966.0,319.86,38859492057661,fraud_Kunze Inc,grocery_pos,M,1962-01-19,42.1808,-112.262,4154,43.025469,-112.147995,0,3,8,734.439999999995,656,66.99236280487804,106.5853547753,6669.0,1,67,42.065971000000005,-113.202298,1
58333151.0,308.77,38859492057661,"fraud_Schultz, Simonis and Little",grocery_pos,M,1962-01-19,42.1808,-112.262,4154,41.475721,-111.446119,1,4,9,1054.300000000003,657,67.37724505327245,106.96001298007342,1185.0,0,68,43.025469,-112.147995,1
58388980.0,1039.05,38859492057661,fraud_Price Inc,shopping_net,M,1962-01-19,42.1808,-112.262,4154,42.263597,-111.815526,0,4,9,1353.689999999995,658,67.74410334346504,107.29206938397422,55829.0,1,30,41.475721,-111.446119,1
58393685.0,82.02,30030380240193,fraud_Beier LLC,entertainment,M,1993-11-17,30.2816,-99.241,2395,30.783015,-99.713008,0,4,29,253.96000000002095,2599,92.86221623701424,86.64617644060333,13983.0,5,211,30.175468,-98.543403,0
58400271.0,1009.4,38859492057661,"fraud_Towne, Greenholt and Koepp",shopping_net,M,1962-01-19,42.1808,-112.262,4154,43.157483,-111.417814,0,5,10,2392.739999999998,659,69.21801213960546,113.69129097120387,11291.0,1,31,42.263597,-111.815526,1
58400946.0,805.77,30491348102802,fraud_Jewess LLC,shopping_pos,M,1953-07-30,39.6094,-100.4112,169,39.876692,-101.029183,0,2,10,1302.820000000007,651,61.14448540706606,92.04957938066781,78509.0,1,43,40.470395,-100.031409,1
58405338.0,1135.07,30491348102802,fraud_Rempel Inc,shopping_net,M,1953-07-30,39.6094,-100.4112,169,40.185567,-99.583982,0,3,11,2108.590000000004,652,62.28654907975459,96.4910320239012,4392.0,0,44,39.876692,-101.029183,1
58412012.0,104.54,675990301623,"fraud_Moen, Reinger and Murphy",grocery_pos,F,1994-03-13,41.0767,-74.5982,2456,41.478638,-75.561666,0,4,27,77.38000000000466,2603,55.402516327314636,100.8647024251707,10226.0,4,258,40.792143,-75.335174,0
58417580.0,21.96,630469040731,fraud_Conroy-Cruickshank,gas_transport,F,1936-05-01,45.67100000000001,-121.8686,1288,44.840338,-121.99807,0,2,25,6.2999999999883585,2601,60.62230680507491,89.9829772631348,62129.0,6,395,46.024013,-121.962984,1
58451707.0,98.45,4906628655840914250,fraud_Morissette-Schaefer,personal_care,M,1987-02-13,24.6557,-81.3824,32891,25.402479,-80.699952,0,4,33,162.0800000000163,3290,54.81669604863222,161.29711451046754,36033.0,1,165,24.110014000000003,-81.260681,0
58462885.0,619.11,567868110212,fraud_Pacocha-Bauch,shopping_pos,F,1984-12-16,29.7736,-95.4034,2906700,29.657426,-95.974449,0,6,29,163.67999999999302,3227,82.7485559343043,114.19003215275544,4360.0,8,387,30.24393,-94.960461,0
58471266.0,52.12,630469040731,fraud_Watsica LLC,personal_care,F,1936-05-01,45.67100000000001,-121.8686,1288,45.093853,-121.612082,0,1,25,21.960000000020955,2602,60.60744811683321,89.96887050187502,53686.0,3,180,44.840338,-121.99807,1
58475856.0,47.57,630469040731,fraud_Marvin-Lind,personal_care,F,1936-05-01,45.67100000000001,-121.8686,1288,46.315385,-121.968384,0,2,26,74.0799999999872,2603,60.60418747598919,89.95173426335494,4590.0,5,181,45.093853,-121.612082,1
58485686.0,51.43,630469040731,fraud_Emmerich-Rau,personal_care,F,1936-05-01,45.67100000000001,-121.8686,1288,45.632096,-122.305686,0,3,27,121.65000000002328,2604,60.599182027649704,89.9348168485487,9830.0,6,182,46.315385,-121.968384,1
58490373.0,1098.94,630469040731,fraud_Volkman-Predovic,shopping_net,F,1936-05-01,45.67100000000001,-121.8686,1288,46.524104,-121.804767,0,4,27,173.0800000000163,2605,60.59566218809982,89.9177260648274,4687.0,1,198,45.632096,-122.305686,1
58493540.0,86.16,6011148190095209,"fraud_Johnston, Nikolaus and Maggio",grocery_net,F,1991-10-04,37.6787,-122.478,107941,38.573154,-122.939676,0,2,17,294.2699999999895,1956,91.43944785276074,133.78116817918757,65251.0,1,114,38.151135,-122.593366,0
58495966.0,295.76,2475085306462014,"fraud_Schultz, Simonis and Little",grocery_pos,M,1993-10-12,44.2378,-95.2739,1507,44.384542,-95.989061,0,3,16,330.88999999998487,1961,94.17885262621111,83.87895261625044,27912.0,6,261,43.406585,-94.442286,1
58496581.0,326.03,630469040731,fraud_Kutch and Sons,grocery_pos,F,1936-05-01,45.67100000000001,-121.8686,1288,45.970483,-122.519803,0,5,28,1272.0200000000186,2606,60.99410590943967,92.17274825036701,6208.0,6,227,46.524104,-121.804767,1
58496645.0,289.3,2475085306462014,fraud_Cartwright-Harris,grocery_pos,M,1993-10-12,44.2378,-95.2739,1507,45.087537,-95.220372,1,4,17,626.6500000000233,1962,94.28159531090724,83.98096140667681,679.0,7,262,44.384542,-95.989061,1
58498448.0,307.01,630469040731,fraud_McDermott-Weimann,grocery_pos,F,1936-05-01,45.67100000000001,-121.8686,1288,44.96682,-121.143767,1,6,29,1598.0499999999884,2607,61.0957690832372,92.30113657012846,1867.0,4,228,45.970483,-122.519803,1
58505748.0,298.36,2475085306462014,fraud_Bailey-Morar,grocery_pos,M,1993-10-12,44.2378,-95.2739,1507,43.799675,-95.658571,0,4,18,813.960000000021,1963,94.3809424350484,84.07485769364206,9103.0,3,263,45.087537,-95.220372,1
58558743.0,1015.01,2475085306462014,"fraud_Romaguera, Cruickshank and Greenholt",shopping_net,M,1993-10-12,44.2378,-95.2739,1507,43.522922,-95.657665,0,3,19,883.4200000000128,1964,94.48480142566191,84.17936711327619,52995.0,4,179,43.799675,-95.658571,1
58558928.0,855.0,2475085306462014,"fraud_Schuppe, Nolan and Hoeger",shopping_pos,M,1993-10-12,44.2378,-95.2739,1507,45.088596,-95.520364,1,4,20,1898.4300000000221,1965,94.953262086514,86.68210693695409,185.0,0,163,43.522922,-95.657665,1
58572337.0,1104.78,4169388510116,"fraud_Schmeler, Bashirian and Price",shopping_net,F,1962-09-27,43.033,-77.1575,207,43.463203,-77.780079,0,0,12,0.0,1977,61.42942842690945,152.07820997905074,156124.0,2,171,42.077038,-77.007816,1
58573488.0,1027.83,2475085306462014,"fraud_Altenwerth, Cartwright and Koss",shopping_net,M,1993-10-12,44.2378,-95.2739,1507,45.002188,-94.409407,0,5,19,2753.430000000022,1966,95.33985757884028,88.33908815099159,14560.0,4,180,45.088596,-95.520364,1
58573617.0,7.15,630469040731,fraud_Satterfield-Lowe,travel,F,1936-05-01,45.67100000000001,-121.8686,1288,45.108681,-121.336001,0,3,24,1731.9799999999814,2608,61.19006134969345,92.40898056957595,75169.0,1,98,44.96682,-121.143767,1
58577223.0,785.82,2475085306462014,"fraud_Baumbach, Hodkiewicz and Walsh",shopping_pos,M,1993-10-12,44.2378,-95.2739,1507,43.468867,-94.295944,0,6,20,3781.2600000000093,1967,95.81392475851551,90.78484504910756,3735.0,4,164,45.002188,-94.409407,1
58578136.0,965.58,2475085306462014,fraud_Rempel Inc,shopping_net,M,1993-10-12,44.2378,-95.2739,1507,44.768283,-95.633459,1,7,21,4567.080000000045,1968,96.16453760162602,92.08486847480962,913.0,1,181,43.468867,-94.295944,1
58579310.0,69.17,4208110975550360171,"fraud_Connelly, Reichert and Fritsch",gas_transport,M,1982-01-16,31.6143,-82.7243,782,30.721168,-81.92959599999999,0,4,14,328.6900000000023,1319,96.52318423047763,103.73776742053857,23837.0,1,61,31.058314000000003,-82.496702,0
58579551.0,19.83,4169388510116,fraud_Bins-Rice,gas_transport,F,1962-09-27,43.033,-77.1575,207,44.02402,-76.926858,0,1,12,1104.7799999999988,1978,61.95690596562184,153.8389661922555,7214.0,4,299,43.463203,-77.780079,1
58600913.0,307.37,4169388510116,fraud_O'Keefe-Hudson,grocery_pos,F,1962-09-27,43.033,-77.1575,207,43.566439,-76.176632,0,2,12,1124.6100000000151,1979,61.93561899949469,153.80298906805194,21362.0,5,185,44.02402,-76.926858,1
58640326.0,299.68,2475085306462014,"fraud_Schumm, Bauch and Ondricka",grocery_pos,M,1993-10-12,44.2378,-95.2739,1507,44.259890000000006,-95.32295,0,5,20,4649.24000000002,1969,96.60608938547486,94.1233562875089,62190.0,6,264,44.768283,-95.633459,1
58644674.0,104.44,3542162746848552,fraud_Fadel Inc,health_fitness,M,1968-01-28,43.5089,-93.4824,744,43.600943,-92.606864,0,0,7,0.0,659,63.452898330804246,103.3192195769409,175038.0,0,54,44.456197,-93.689414,0
58653981.0,20.4,4897067971111209737,fraud_Bahringer-Streich,food_dining,M,1975-10-07,28.3011,-82.6927,42619,27.76684,-82.357764,0,4,14,247.49000000000524,1319,64.84849886277483,161.6617695410043,22192.0,1,107,27.494933000000003,-82.532377,0
58663089.0,317.61,2475085306462014,fraud_Rau and Sons,grocery_pos,M,1993-10-12,44.2378,-95.2739,1507,43.859618,-94.555931,0,3,20,2051.0800000000163,1970,96.70917258883249,94.21061705102699,22763.0,7,265,44.259890000000006,-95.32295,1
58664176.0,762.14,4169388510116,fraud_Schmitt Ltd,misc_net,F,1962-09-27,43.033,-77.1575,207,43.214295,-77.14636899999999,0,2,13,327.20000000001164,1980,62.05957575757576,153.8630219001906,63263.0,0,97,43.566439,-76.176632,1
58664377.0,924.24,3560336828629935,fraud_Hickle Group,shopping_pos,M,1953-03-30,42.0789,-92.3763,590,41.105156,-93.100314,0,0,4,0.0,653,52.425405819295555,71.7896815241554,92978.0,0,50,42.949503,-91.71829,1
58665533.0,986.97,2475085306462014,"fraud_Zboncak, Rowe and Murazik",shopping_net,M,1993-10-12,44.2378,-95.2739,1507,44.903642,-95.785681,1,2,21,617.289999999979,1971,96.82124809741248,94.31803929531469,2444.0,5,182,43.859618,-94.555931,1
58669149.0,6.12,4103158249977,fraud_Ledner-Pfannerstill,gas_transport,M,1982-06-27,33.6666,-101.5277,1571,32.946791999999995,-101.999889,0,2,8,169.47999999999593,659,92.4928224582701,83.6942161607918,10513.0,0,27,33.936366,-102.051504,1
58670968.0,20.75,3560336828629935,fraud_Brekke and Sons,gas_transport,M,1953-03-30,42.0789,-92.3763,590,42.814065,-91.685795,0,1,5,924.239999999998,654,53.758455657492355,79.42315937196868,6591.0,2,95,41.105156,-93.100314,1
58678112.0,7.95,4103158249977,fraud_Friesen-D'Amore,gas_transport,M,1982-06-27,33.6666,-101.5277,1571,33.601008,-102.476514,0,3,9,175.59999999999854,660,92.36195454545455,83.69824329017521,8963.0,0,28,32.946791999999995,-101.999889,1
58716258.0,123.89,4988304376504,"fraud_Lang, Towne and Schuppe",kids_pets,M,1937-03-17,41.4575,-74.1659,2258,41.226264,-73.296499,0,7,34,572.789999999979,2643,63.75267877412034,116.96289683213635,4020.0,8,236,40.468915,-73.350894,0
58745006.0,284.07,4103158249977,"fraud_Mosciski, Gislason and Mertz",grocery_pos,M,1982-06-27,33.6666,-101.5277,1571,33.965196,-100.631098,0,3,8,104.36000000000786,661,92.23425113464448,83.69923170562915,66894.0,3,78,33.601008,-102.476514,1
58745049.0,1013.2,3560336828629935,fraud_Boyer PLC,shopping_net,M,1953-03-30,42.0789,-92.3763,590,41.199018,-91.862748,0,2,6,944.9900000000052,655,53.70806106870229,79.3728944524372,74081.0,0,40,42.814065,-91.685795,1
58745079.0,306.22,3560336828629935,fraud_Wolf Inc,grocery_pos,M,1953-03-30,42.0789,-92.3763,590,41.150687,-93.258119,1,3,7,1958.189999999995,656,55.170701219512196,87.71447657792642,30.0,0,53,41.199018,-91.862748,1
58747066.0,937.47,4103158249977,fraud_Medhurst PLC,shopping_net,M,1982-06-27,33.6666,-101.5277,1571,34.363187,-100.772046,1,3,9,298.1399999999994,662,92.5240332326284,83.96757424840119,2060.0,1,60,33.965196,-100.631098,1
58747987.0,304.44,4103158249977,fraud_Padberg-Welch,grocery_pos,M,1982-06-27,33.6666,-101.5277,1571,33.53392,-101.030609,2,4,10,1235.6100000000006,663,93.79846153846154,90.09287540721596,921.0,0,79,34.363187,-100.772046,1
58748130.0,1160.11,4103158249977,"fraud_Altenwerth, Cartwright and Koss",shopping_net,M,1982-06-27,33.6666,-101.5277,1571,34.621382000000004,-100.550732,3,5,11,1540.050000000003,664,94.11569277108434,90.39527560334508,143.0,1,61,33.53392,-101.030609,1
58749231.0,704.86,4103158249977,fraud_Kihn Inc,shopping_pos,M,1982-06-27,33.6666,-101.5277,1571,33.894833,-101.576969,3,6,12,2700.1600000000035,665,95.71869172932331,99.33673757412303,1101.0,0,51,34.621382000000004,-100.550732,1
58749632.0,1084.29,4103158249977,fraud_Rempel Inc,shopping_net,M,1982-06-27,33.6666,-101.5277,1571,33.139140000000005,-101.925095,4,7,13,3405.020000000004,666,96.63331831831832,102.02982647626486,401.0,1,62,33.894833,-101.576969,1
58751008.0,47.43,3560336828629935,"fraud_Roberts, Ryan and Smith",personal_care,M,1953-03-30,42.0789,-92.3763,590,42.319456,-93.064189,0,3,8,1340.1699999999983,657,55.55281582952816,88.19314376843722,5929.0,3,55,41.150687,-93.258119,1
58751762.0,8.81,4103158249977,fraud_Little-Gleichner,travel,M,1982-06-27,33.6666,-101.5277,1571,33.101324,-101.641677,2,8,14,4489.310000000005,667,98.11406296851574,108.88949480741219,2130.0,0,22,33.139140000000005,-101.925095,1
58805466.0,4.61,6501313409525696,fraud_Lynch Ltd,shopping_pos,F,1987-05-05,31.4467,-103.5791,12747,30.447966,-103.9752,0,0,8,0.0,662,90.89788519637462,128.61998300614556,152741.0,2,81,31.269516,-102.715167,0
58833113.0,741.13,4103158249977,"fraud_Kerluke, Kertzmann and Wiza",misc_net,M,1982-06-27,33.6666,-101.5277,1571,33.972438000000004,-102.331619,0,6,15,4199.9800000000105,668,97.98037425149701,108.8626865833495,81351.0,0,15,33.101324,-101.641677,1
58833767.0,727.83,4103158249977,"fraud_Weimann, Kuhic and Beahan",shopping_pos,M,1982-06-27,33.6666,-101.5277,1571,32.965222,-101.505162,1,6,16,4003.6400000000067,669,98.94173393124066,111.58692353441424,654.0,3,52,33.972438000000004,-102.331619,1
58836231.0,701.95,4103158249977,"fraud_Bernier, Volkman and Hoeger",misc_net,M,1982-06-27,33.6666,-101.5277,1571,33.705208,-100.840738,2,3,17,1477.770000000004,670,99.88037313432835,114.11979830700004,2464.0,0,16,32.965222,-101.505162,1
58841370.0,55.94,4670613943676271,fraud_Cummerata-Jones,gas_transport,F,1947-08-14,31.7706,-84.7936,5726,32.539334999999994,-85.601393,0,3,12,125.41999999999825,1322,63.33773827534039,101.32416384136104,55700.0,1,133,31.800247,-84.023675,0
58849925.0,316.91,3535808924394848,"fraud_Lockman, West and Runte",grocery_pos,M,1980-01-09,39.39,-88.9597,1532,39.547804,-89.639211,0,2,28,240.95999999999185,1982,92.33440968718466,83.84586612564802,64034.0,6,238,38.724905,-88.9796,1
58850144.0,23.69,30242921189660,fraud_Kuvalis Ltd,gas_transport,M,1958-04-06,45.3637,-84.4695,937,44.385482,-83.694248,0,0,14,0.0,1328,63.333388554216874,165.89578295446054,147807.0,2,181,45.751593,-85.433638,1
58883643.0,905.67,30242921189660,fraud_Kuhic LLC,shopping_net,M,1958-04-06,45.3637,-84.4695,937,44.673034,-83.79041099999999,0,1,15,23.69000000001688,1329,63.30355906696765,165.83687584524031,33499.0,3,118,44.385482,-83.694248,1
58919243.0,684.72,30242921189660,"fraud_Bernier, Volkman and Hoeger",misc_net,M,1958-04-06,45.3637,-84.4695,937,45.802949,-85.301461,0,2,16,929.3600000000151,1330,63.936917293233094,167.37591059820573,35600.0,0,88,44.673034,-83.79041099999999,1
58919980.0,507.07,30242921189660,fraud_Brown-Greenholt,entertainment,M,1958-04-06,45.3637,-84.4695,937,46.215658000000005,-84.378157,1,3,17,1614.0800000000017,1331,64.40332081141997,168.176000611251,737.0,2,101,45.802949,-85.301461,1
58923379.0,21.31,3535808924394848,fraud_Friesen-Ortiz,personal_care,M,1980-01-09,39.39,-88.9597,1532,40.255971,-89.476451,0,1,27,316.9100000000035,1983,92.44766011094302,83.97627974379388,73454.0,3,80,39.547804,-89.639211,1
58923779.0,1113.48,3535808924394848,fraud_Boyer PLC,shopping_net,M,1980-01-09,39.39,-88.9597,1532,38.844694,-88.953632,1,2,28,338.22000000000116,1984,92.41180443548387,83.97029244130226,400.0,4,155,40.255971,-89.476451,1
58924097.0,665.71,30242921189660,"fraud_Bernier, Volkman and Hoeger",misc_net,M,1958-04-06,45.3637,-84.4695,937,45.065189,-84.683988,0,4,18,2121.1500000000087,1332,64.73565315315315,168.54978514841713,4117.0,1,89,46.215658000000005,-84.378157,1
58927685.0,11.02,3535808924394848,fraud_Bins-Rice,gas_transport,M,1980-01-09,39.39,-88.9597,1532,40.311117,-87.995756,0,3,28,1451.7000000000116,1985,92.92619647355164,87.02117803329317,3906.0,2,74,38.844694,-88.953632,1
58927687.0,338.05,30242921189660,fraud_Kuhic Inc,grocery_pos,M,1958-04-06,45.3637,-84.4695,937,45.839548,-83.91229,1,5,19,2786.8600000000006,1333,65.18649662415605,169.28865092922757,3590.0,2,123,45.065189,-84.683988,1
58931415.0,333.73,3535808924394848,"fraud_Osinski, Ledner and Leuschke",grocery_pos,M,1980-01-09,39.39,-88.9597,1532,39.249456,-89.353877,0,4,29,1462.7200000000012,1986,92.88495468277945,87.01866713323814,3730.0,5,239,40.311117,-87.995756,1
58932312.0,20.25,30487648872433,fraud_Luettgen PLC,gas_transport,F,1955-01-05,38.097,-86.1723,350,38.820348,-86.19369,0,0,10,0.0,1316,56.25434650455928,83.70729866074,146859.0,4,192,38.568151,-86.604886,1
58934897.0,333.84,30487648872433,fraud_Wolf Inc,grocery_pos,F,1955-01-05,38.097,-86.1723,350,38.969785,-85.97324,1,1,11,20.25,1317,56.22700835231586,83.68137032986114,2585.0,2,122,38.820348,-86.19369,1
58955487.0,298.86,3535808924394848,fraud_Kuhic Inc,grocery_pos,M,1980-01-09,39.39,-88.9597,1532,40.05506,-89.646452,0,4,30,1479.5400000000081,1987,93.00616507297434,87.16437654026154,24072.0,3,240,39.249456,-89.353877,1
58976619.0,33.57,4646845581490336108,fraud_Kuhn Group,food_dining,F,1990-06-25,40.732,-73.1,4056,40.167975,-72.875455,0,3,32,92.55999999993946,3330,92.67356456456457,143.43521344659405,4950.0,9,225,41.459447,-72.60509499999999,0
58990868.0,5.25,372509258176510,"fraud_Kihn, Brakus and Goyette",personal_care,F,1985-06-18,42.9147,-83.4845,6951,42.062475,-83.872475,0,4,50,1116.9500000000116,3945,89.84754626108999,210.45495136060035,5693.0,4,316,43.87873,-84.305401,0
59004884.0,1096.43,3535808924394848,fraud_Fisher Inc,shopping_net,M,1980-01-09,39.39,-88.9597,1532,39.657467,-88.13605,0,5,28,1778.4000000000233,1988,93.10971327967806,87.26465873989724,49397.0,2,156,40.05506,-89.646452,1
59004965.0,1070.36,30487648872433,"fraud_Streich, Dietrich and Barton",shopping_net,F,1955-01-05,38.097,-86.1723,350,38.150576,-85.721508,0,2,10,354.0899999999965,1318,56.43764036418817,83.99838605837131,70068.0,1,107,38.969785,-85.97324,1
59004967.0,17.69,30371006069917,fraud_Hammes-Beatty,kids_pets,M,1961-01-31,38.138000000000005,-89.2231,2135,37.498586,-89.015303,0,1,11,9.019999999989523,1306,60.20717457886678,80.42859821281428,79157.0,2,116,38.606778000000006,-88.239726,0
59005661.0,1004.6,30487648872433,fraud_Bashirian Group,shopping_net,F,1955-01-05,38.097,-86.1723,350,38.370982,-85.762132,1,3,11,1424.449999999997,1319,57.206345716451864,88.48606130207425,696.0,1,108,38.150576,-85.721508,1
59005754.0,52.18,30487648872433,fraud_Howe Ltd,misc_pos,F,1955-01-05,38.097,-86.1723,350,37.592704,-85.25116700000001,2,4,12,2429.050000000003,1320,57.92406818181817,92.2161189981092,93.0,0,48,38.370982,-85.762132,1
59007940.0,835.04,30242921189660,"fraud_Nitzsche, Kessler and Wolff",shopping_pos,M,1958-04-06,45.3637,-84.4695,937,45.034341,-84.635812,0,2,17,1003.7600000000093,1334,65.39104197901048,169.38996704416274,80253.0,1,87,45.839548,-83.91229,1
59008011.0,876.63,30487648872433,fraud_Kris-Weimann,misc_net,F,1955-01-05,38.097,-86.1723,350,37.144762,-85.256488,3,5,13,2481.229999999996,1321,57.919719909159724,92.18131750833791,2257.0,0,85,37.592704,-85.25116700000001,1
59008897.0,1033.84,3535808924394848,"fraud_Kuhic, Bins and Pfeffer",shopping_net,M,1980-01-09,39.39,-88.9597,1532,39.512316,-87.990811,0,6,29,2874.8300000000163,1989,93.61414781297134,90.09661215590798,4013.0,6,157,39.657467,-88.13605,1
59017472.0,382.18,30487648872433,fraud_McDermott-Weimann,grocery_pos,F,1955-01-05,38.097,-86.1723,350,38.131973,-86.926826,0,6,13,3357.8600000000006,1322,58.539016641452335,94.85772162132997,9461.0,3,123,37.144762,-85.256488,1
59024272.0,8.47,36078114201167,fraud_Haley Group,misc_pos,M,1926-06-26,37.2692,-82.9161,798,37.717261,-82.76788499999999,0,6,25,300.4800000000105,2612,61.27508805513017,145.62874886876384,26735.0,3,101,36.298052,-82.072445,0
59024711.0,312.27,30487648872433,fraud_Cartwright-Harris,grocery_pos,F,1955-01-05,38.097,-86.1723,350,37.130048,-87.12688100000001,0,5,14,3385.949999999997,1323,58.78364323507181,95.23839665840266,7239.0,5,124,38.131973,-86.926826,1
59026069.0,2.23,676173792455,fraud_Effertz LLC,entertainment,F,1961-04-25,34.0287,-118.4924,92043,33.357438,-117.828249,0,3,22,164.05999999999767,1962,69.87829765545362,141.5677122471774,8061.0,1,175,34.181281,-118.994472,0
59031270.0,12.55,30487648872433,fraud_Rowe-Vandervort,grocery_net,F,1955-01-05,38.097,-86.1723,350,37.38525,-86.506171,0,6,15,3698.220000000001,1324,58.975098187311175,95.45694065408743,6559.0,0,14,37.130048,-87.12688100000001,1
59044178.0,23.23,4092452671396169678,"fraud_Johnston, Nikolaus and Maggio",grocery_net,M,1945-12-07,34.3091,-78.3372,2290,33.905177,-78.168419,0,4,29,516.6000000000058,2648,61.63469033232629,97.5131047958729,3978.0,0,33,35.275952000000004,-78.360724,0
59090418.0,280.0,30487648872433,fraud_Kuhic Inc,grocery_pos,F,1955-01-05,38.097,-86.1723,350,37.64114,-86.863674,0,7,16,3710.770000000004,1325,58.94006037735849,95.42940823872868,59148.0,2,125,37.38525,-86.506171,1
59090852.0,349.38,30487648872433,fraud_Murray-Smitham,grocery_pos,F,1955-01-05,38.097,-86.1723,350,37.903138,-86.582598,1,8,17,3990.770000000004,1326,59.10677224736048,95.5863601005492,434.0,2,126,37.64114,-86.863674,1
59094517.0,1.16,30376238035123,fraud_Baumbach Ltd,personal_care,F,1928-10-01,42.825,-124.4409,217,42.419103,-124.781008,0,3,20,66.25,1341,64.12255033557045,108.30772973847651,52780.0,2,110,42.469906,-124.556259,0
59094926.0,7.05,30487648872433,fraud_Fritsch LLC,travel,F,1955-01-05,38.097,-86.1723,350,38.07356,-86.90128100000001,0,5,18,1336.37999999999,1327,59.32551620195932,95.88199669024026,4074.0,1,59,37.903138,-86.582598,1
59096492.0,3.47,3576021480694169,"fraud_Watsica, Haag and Considine",shopping_pos,F,2004-12-30,39.1329,-95.7023,163415,38.975103,-95.584198,2,4,32,99.0,3305,50.18422692889561,119.07582327379586,1434.0,5,346,38.666146000000005,-95.696387,0
59099389.0,311.92,378006354724784,fraud_Lockman Ltd,grocery_pos,M,1982-01-07,38.5095,-78.2638,395,39.006783,-79.036502,0,0,7,0.0,654,90.07010703363915,80.70530850550426,241020.0,2,71,38.31157,-78.436396,1
59107322.0,140.1,30570197515105,fraud_Hudson-Ratke,grocery_pos,M,1945-12-07,31.086,-85.7192,5732,32.001125,-86.384191,0,1,9,64.05000000000291,662,73.21737160120846,147.95613348879453,16368.0,1,73,30.387945,-85.360802,0
59107586.0,7.99,378006354724784,fraud_Smitham-Schiller,grocery_net,M,1982-01-07,38.5095,-78.2638,395,37.709907,-79.173907,0,1,8,311.92000000000553,655,90.40880916030534,81.10812909698615,8197.0,0,28,39.006783,-79.036502,1
59142226.0,49.06,377993105397617,fraud_Friesen Ltd,health_fitness,M,1975-09-11,44.8755,-88.1555,5548,44.477237,-87.771569,0,0,24,0.0,2644,59.967102874432676,183.2118538055878,136117.0,2,176,44.704876,-88.742666,0
59157865.0,55.42,3581130339108561,fraud_Bartoletti and Sons,personal_care,M,1964-03-15,41.0695,-81.5488,272134,41.250188,-80.98546999999999,0,0,8,0.0,655,82.76499236641222,342.0456565965979,96598.0,0,42,41.150572,-81.500013,0
59159044.0,28.5,213126662687660,"fraud_Kihn, Brakus and Goyette",personal_care,M,1971-01-28,27.5155,-99.4986,248858,27.480792,-99.711391,0,2,22,104.27999999999884,1985,63.25111838790932,167.21881639640532,52189.0,1,106,26.860825,-99.742394,0
59173242.0,294.02,378006354724784,"fraud_Huel, Hammes and Witting",grocery_pos,M,1982-01-07,38.5095,-78.2638,395,37.764211,-77.80959,0,2,8,319.9100000000035,656,90.28317073170732,81.11004882355897,65656.0,0,72,37.709907,-79.173907,1
59180652.0,117.23,378006354724784,fraud_Schuppe-Schuppe,food_dining,M,1982-01-07,38.5095,-78.2638,395,39.01111,-77.90419,0,3,9,613.9300000000003,657,90.59327245053272,81.43703359996194,7410.0,0,54,37.764211,-77.80959,1
59182532.0,640.43,378006354724784,"fraud_Quitzon, Green and Bashirian",shopping_pos,M,1982-01-07,38.5095,-78.2638,395,39.238315,-77.433677,1,4,10,731.1600000000035,658,90.6337537993921,81.38165873481199,1880.0,0,45,39.01111,-77.90419,1
59182723.0,916.14,378006354724784,fraud_Schmidt and Sons,shopping_net,M,1982-01-07,38.5095,-78.2638,395,39.350105,-78.527201,2,5,11,1371.5900000000038,659,91.46804248861912,84.09279313596693,191.0,1,43,39.238315,-77.433677,1
59184930.0,12.05,378006354724784,fraud_Spinka Inc,grocery_net,M,1982-01-07,38.5095,-78.2638,395,38.611908,-78.429325,2,6,12,2287.729999999996,660,92.71754545454546,89.9516376351075,2207.0,0,29,39.350105,-78.527201,1
59191214.0,304.53,378006354724784,fraud_Stracke-Lemke,grocery_pos,M,1982-01-07,38.5095,-78.2638,395,39.106353000000006,-77.712448,0,6,13,1987.8600000000006,661,92.59550680786687,89.93821284768327,6284.0,1,73,38.611908,-78.429325,1
59191217.0,251.97,378006354724784,"fraud_Lockman, West and Runte",grocery_pos,M,1982-01-07,38.5095,-78.2638,395,38.833682,-77.32585,1,7,14,2292.389999999992,662,92.9156495468278,90.24685079699809,3.0,2,74,39.106353000000006,-77.712448,1
59197182.0,335.84,378006354724784,fraud_Kutch and Sons,grocery_pos,M,1982-01-07,38.5095,-78.2638,395,39.466724,-78.197505,0,7,15,2536.3700000000026,663,93.15555052790347,90.38998015459191,5965.0,1,75,38.833682,-77.32585,1
59202074.0,269.38,378006354724784,fraud_Heidenreich PLC,grocery_pos,M,1982-01-07,38.5095,-78.2638,395,38.071382,-78.690313,0,8,16,2872.209999999999,664,93.5210391566265,90.81147294298161,4892.0,3,76,39.466724,-78.197505,1
59202786.0,47.24,4430881574719618,fraud_Harris Inc,gas_transport,F,1939-11-04,39.3199,-106.6596,61,38.421249,-106.838981,0,5,31,259.4400000000023,2633,63.24235093049753,123.4933910374128,4639.0,7,354,38.797768,-107.413019,0
59222028.0,7.7,180042946491150,fraud_Volkman Ltd,misc_net,M,1989-02-28,27.7898,-82.7243,341043,28.409143,-83.634015,0,0,14,0.0,2629,58.062293647774815,120.12086602276833,106901.0,2,125,27.870254,-83.385759,0
59244569.0,7.57,630412733309,"fraud_Hermiston, Pacocha and Smith",health_fitness,F,1964-04-22,46.368,-87.9938,1038,45.650121,-87.002078,1,1,5,1.6500000000014552,672,57.87236607142857,94.78894041786153,2589.0,1,64,45.388348,-87.78664300000001,0
59249632.0,2.52,3525590521269779,fraud_Schuppe-Schuppe,food_dining,M,1984-07-20,36.0424,-79.3242,6006,35.750972999999995,-79.664041,0,5,31,793.1500000000233,3293,58.62150318858184,175.82334108729535,18224.0,6,244,36.740642,-79.611099,0
59265237.0,725.03,378006354724784,fraud_Barrows PLC,shopping_pos,M,1982-01-07,38.5095,-78.2638,395,39.068494,-79.249052,0,8,16,2847.5699999999997,665,93.78548872180451,90.99895427595041,63163.0,1,46,38.071382,-78.690313,1
59271387.0,138.48,213186880359195,"fraud_Weimann, Kuhic and Beahan",shopping_pos,M,1973-02-14,40.4855,-90.2856,631,40.511388,-90.481686,0,1,6,483.8700000000099,673,103.67035661218425,117.76717131086708,14298.0,0,40,40.255038,-91.030201,0
59281569.0,106.38,676195318214,fraud_Koepp-Parker,grocery_pos,F,1983-07-24,29.6047,-96.5249,106,28.621538,-97.458643,0,8,24,318.96999999997206,2648,58.94766616314199,138.53468441190637,6174.0,0,243,28.866762,-96.026751,0
59288461.0,9.46,4599285557366057,fraud_Spinka Inc,grocery_net,F,1997-11-18,38.0261,-97.6666,1689,37.842943,-97.780111,0,2,16,80.72999999999593,1331,77.86915101427498,105.99802097578257,35261.0,0,76,37.085731,-97.123079,0
59370831.0,296.26,4066595222529,fraud_Kutch and Sons,grocery_pos,F,1931-03-07,37.8795,-82.7251,571,38.071099,-82.621626,0,4,24,240.9600000000064,1987,62.21476094614998,125.4401353835206,20225.0,8,182,37.956224,-82.90983299999999,1
59371143.0,12.62,4710792708725663,fraud_Huels-Nolan,gas_transport,M,1986-12-13,41.229,-85.3244,7692,41.362755,-85.347782,0,2,14,153.19000000000233,1315,57.72733079847909,130.39252424251237,36085.0,4,138,41.012034,-85.144293,1
59378815.0,31.11,4449530933957323,fraud_Brekke and Sons,gas_transport,F,1954-07-05,38.2427,-122.9145,337,38.113194,-122.123649,0,5,28,91.19000000003143,2656,61.25955195783132,87.78715353420012,16328.0,7,385,38.528293,-122.149525,0
59431280.0,958.91,4710792708725663,"fraud_Kihn, Abernathy and Douglas",shopping_net,M,1986-12-13,41.229,-85.3244,7692,41.355379,-85.273072,0,1,14,12.619999999995343,1316,57.693054711246205,130.34886667550816,60137.0,3,84,41.362755,-85.347782,1
59436367.0,945.16,4710792708725663,fraud_Heathcote LLC,shopping_net,M,1986-12-13,41.229,-85.3244,7692,41.093506,-84.84890899999999,0,2,15,971.5299999999988,1317,58.37735003796507,132.64469316490303,5087.0,1,85,41.355379,-85.273072,1
59436919.0,998.39,4710792708725663,fraud_Jast Ltd,shopping_net,M,1986-12-13,41.229,-85.3244,7692,41.238119,-85.243372,1,3,16,1916.6900000000023,1318,59.050174506828526,134.82545781120646,552.0,2,86,41.093506,-84.84890899999999,1
59439214.0,986.16,4066595222529,fraud_Flatley-Durgan,misc_net,F,1931-03-07,37.8795,-82.7251,571,38.740308,-81.752299,0,1,24,296.2599999999802,1988,62.332489939637824,125.51837470110439,68383.0,2,124,38.071099,-82.621626,1
59441239.0,1108.71,4066595222529,"fraud_Streich, Dietrich and Barton",shopping_net,F,1931-03-07,37.8795,-82.7251,571,37.020649,-82.85431899999999,1,2,25,1282.4199999999837,1989,62.796958270487686,127.18500708856163,2025.0,2,154,38.740308,-81.752299,1
59441641.0,1187.73,4066595222529,fraud_Schumm PLC,shopping_net,F,1931-03-07,37.8795,-82.7251,571,38.616655,-82.160448,2,3,26,2391.12999999999,1990,63.32254271356784,129.29659279564962,402.0,6,155,37.020649,-82.85431899999999,1
59441876.0,902.81,4066595222529,fraud_Mohr-Bayer,shopping_net,F,1931-03-07,37.8795,-82.7251,571,37.426532,-81.923358,3,4,27,3578.859999999986,1991,63.88728779507785,131.6974247325397,235.0,5,156,38.616655,-82.160448,1
59447432.0,309.39,4710792708725663,fraud_O'Keefe-Hudson,grocery_pos,M,1986-12-13,41.229,-85.3244,7692,40.955928,-85.627282,0,4,17,2915.0800000000017,1319,59.762335102350264,137.23364327688364,10513.0,1,113,41.238119,-85.243372,1
59450329.0,303.35,4710792708725663,"fraud_Huel, Hammes and Witting",grocery_pos,M,1986-12-13,41.229,-85.3244,7692,41.502164,-84.413048,1,5,18,3224.4699999999866,1320,59.951446969696974,137.3535660424454,2897.0,1,114,40.955928,-85.627282,1
59451200.0,317.59,6538441737335434,fraud_Goodwin-Nitzsche,grocery_pos,F,1997-09-22,41.3851,-80.1752,606,42.044567,-80.48099599999999,0,2,33,113.63000000000466,3937,74.05055626111252,291.9698281512687,11384.0,5,166,42.143166,-79.946268,1
59451263.0,362.93,4066595222529,"fraud_Huel, Hammes and Witting",grocery_pos,F,1931-03-07,37.8795,-82.7251,571,37.435699,-81.813763,0,5,28,4481.669999999998,1992,64.30843373493977,132.99928296259785,9387.0,4,183,37.426532,-81.923358,1
59455148.0,7.84,4710792708725663,fraud_Prohaska-Murray,gas_transport,M,1986-12-13,41.229,-85.3244,7692,40.486716,-86.246329,0,6,19,3527.820000000007,1321,60.135700227100685,137.46474695347456,4819.0,2,139,41.502164,-84.413048,1
59462653.0,9.36,4710792708725663,fraud_Huels-Hahn,gas_transport,M,1986-12-13,41.229,-85.3244,7692,40.279403,-84.722341,0,6,19,3523.040000000008,1322,60.09614220877458,137.42023371013718,7505.0,2,140,40.486716,-86.246329,1
59463969.0,7.86,6538441737335434,fraud_Parisian and Sons,gas_transport,F,1997-09-22,41.3851,-80.1752,606,40.991696000000005,-80.492104,0,3,34,431.22000000003027,3938,74.11239969527679,291.9585402797313,12769.0,9,456,42.044567,-80.48099599999999,1
59472300.0,9.09,4839615922685395,fraud_Herman Inc,misc_pos,M,1955-05-06,39.013000000000005,-86.5457,76,38.596781,-87.08395300000001,0,3,18,135.0900000000256,2689,61.271506136110084,110.52028862439286,6050.0,3,120,39.822002000000005,-87.25115500000001,0
59520551.0,826.89,6538441737335434,"fraud_Greenfelder, Bartoletti and Davis",misc_net,F,1997-09-22,41.3851,-80.1752,606,41.409237,-81.072455,0,3,35,347.5800000000163,3939,74.09558009647118,291.92337715441806,56582.0,8,304,40.991696000000005,-80.492104,1
59521038.0,5.77,4642255475285942,"fraud_Okuneva, Schneider and Rau",shopping_pos,F,1987-04-23,38.9999,-109.615,46,39.726563,-108.88298600000002,0,6,45,278.70000000001164,3978,58.89426596279537,143.52640118893308,6371.0,3,347,38.7358,-109.099101,0
59522406.0,743.45,4710792708725663,"fraud_Roob, Conn and Tremblay",shopping_pos,M,1986-12-13,41.229,-85.3244,7692,40.366438,-86.213952,0,6,20,2573.4900000000052,1323,60.05779289493575,137.37533137031488,59753.0,0,113,40.279403,-84.722341,1
59525323.0,1004.95,6538441737335434,fraud_Stamm-Witting,shopping_net,F,1997-09-22,41.3851,-80.1752,606,42.005098,-80.485252,0,4,36,1174.4700000000303,3940,74.28664467005076,292.13259956685494,4772.0,4,292,41.409237,-81.072455,1
59525520.0,19.89,6538441737335434,fraud_Bode-Schuster,kids_pets,F,1997-09-22,41.3851,-80.1752,606,42.297246,-79.425116,1,5,37,2179.4199999999837,3941,74.52279370718092,292.4714870153844,197.0,5,224,42.005098,-80.485252,1
59526994.0,9.03,4066595222529,"fraud_Ritchie, Oberbrunner and Cremin",travel,F,1931-03-07,37.8795,-82.7251,571,38.580916,-81.725325,0,4,28,3562.1800000000076,1993,64.45826894129453,133.134042859957,75731.0,3,87,37.435699,-81.813763,1
59527412.0,821.89,6538441737335434,fraud_Boyer-Reichert,shopping_net,F,1997-09-22,41.3851,-80.1752,606,40.7932,-80.433995,2,5,37,2177.179999999993,3942,74.50893455098935,292.435672993843,1892.0,6,293,42.297246,-79.425116,1
59527864.0,875.38,6538441737335434,fraud_Miller-Harris,misc_net,F,1997-09-22,41.3851,-80.1752,606,40.917701,-80.014586,3,6,38,2999.070000000007,3943,74.69848085214304,292.64072159209536,452.0,11,305,40.7932,-80.433995,1
59529082.0,747.9,6538441737335434,fraud_Flatley-Durgan,misc_net,F,1997-09-22,41.3851,-80.1752,606,41.420042,-79.652445,3,7,39,3874.4500000000116,3944,74.9014934077079,292.8812407606993,1218.0,6,306,40.917701,-80.014586,1
59530797.0,283.65,6538441737335434,fraud_Rau and Sons,grocery_pos,F,1997-09-22,41.3851,-80.1752,606,41.122993,-79.556792,3,8,39,4622.349999999977,3945,75.0720887198986,293.04006933134474,1715.0,3,167,41.420042,-79.652445,1
59533928.0,833.78,30235268718158,"fraud_Rohan, White and Aufderhar",misc_net,M,1977-08-16,41.0592,-73.7395,11250,41.415146,-73.742692,0,3,19,255.55999999996857,1971,69.73445459157787,351.26715181006557,26755.0,1,89,40.146348,-73.466313,1
59538073.0,305.25,6538441737335434,fraud_Bradtke PLC,grocery_pos,F,1997-09-22,41.3851,-80.1752,606,42.107312,-80.240278,0,8,40,4588.409999999974,3946,75.12494678155093,293.0217395265983,7276.0,4,168,41.122993,-79.556792,1
59538252.0,15.49,3582402971899057,fraud_Brekke and Sons,gas_transport,F,1957-06-12,47.9657,-116.868,4161,47.978198,-117.265082,0,1,6,199.47000000000116,658,62.95755319148935,115.09464504507896,23984.0,2,75,47.860783000000005,-116.360748,1
59539685.0,317.57,30235268718158,fraud_Hackett-Lueilwitz,grocery_pos,M,1977-08-16,41.0592,-73.7395,11250,41.507816,-72.997129,0,4,20,1089.3399999999674,1972,70.12190162271804,351.59925637505995,5757.0,2,208,41.415146,-73.742692,1
59543210.0,5.53,3582402971899057,"fraud_Stroman, Hudson and Erdman",gas_transport,F,1957-06-12,47.9657,-116.868,4161,48.601017,-117.718227,0,2,7,214.95999999999913,659,62.885523520485584,115.02201750043288,4958.0,0,76,47.978198,-117.265082,1
59543685.0,11.34,6538441737335434,fraud_Mraz-Herzog,gas_transport,F,1997-09-22,41.3851,-80.1752,606,40.717936,-80.983903,0,9,41,4893.659999999974,3947,75.1832505700532,293.0075047053975,5612.0,9,457,42.107312,-80.240278,1
59543879.0,290.52,30235268718158,fraud_Bradtke PLC,grocery_pos,M,1977-08-16,41.0592,-73.7395,11250,40.406648,-73.400131,0,5,21,1406.9100000000035,1973,70.247318803852,351.5542385844493,4194.0,1,209,41.507816,-72.997129,1
59568698.0,8.77,3582402971899057,fraud_Cummings LLC,gas_transport,F,1957-06-12,47.9657,-116.868,4161,48.623951,-116.178892,0,3,8,220.49000000000524,660,62.798621212121205,114.95639550210582,25488.0,3,77,48.601017,-117.718227,1
59586163.0,5.94,370612217861404,"fraud_McLaughlin, Armstrong and Koepp",travel,F,1985-05-25,40.1159,-74.8536,21125,40.691831,-74.34772199999999,1,5,28,360.9199999999837,1984,89.18321068548387,138.18291712873457,318.0,0,51,39.676681,-75.02682800000001,0
59600954.0,1022.36,3582402971899057,"fraud_Bernier, Volkman and Hoeger",misc_net,F,1957-06-12,47.9657,-116.868,4161,48.485288,-116.089142,0,3,9,29.790000000000873,661,62.71688350983359,114.88849531624282,32256.0,1,26,48.623951,-116.178892,1
59604477.0,235.42,6538441737335434,"fraud_O'Reilly, Mohr and Purdy",home,F,1997-09-22,41.3851,-80.1752,606,40.852794,-80.77770600000001,0,9,41,4897.140000000014,3948,75.16707953394123,292.97214657301896,60792.0,8,156,40.717936,-80.983903,1
59609085.0,1122.28,30235268718158,fraud_Auer-West,shopping_net,M,1977-08-16,41.0592,-73.7395,11250,40.844562,-73.625922,0,3,21,1441.8700000000244,1974,70.35890577507598,351.5001015438261,65206.0,0,129,40.406648,-73.400131,1
59609338.0,1147.88,6538441737335434,"fraud_Kihn, Abernathy and Douglas",shopping_net,F,1997-09-22,41.3851,-80.1752,606,40.660857,-79.879354,0,9,42,4305.669999999984,3949,75.20766016713091,292.94614015637364,4861.0,4,294,40.852794,-80.77770600000001,1
59609459.0,919.1,6538441737335434,"fraud_Altenwerth, Cartwright and Koss",shopping_net,F,1997-09-22,41.3851,-80.1752,606,40.86562,-79.909134,1,10,43,5453.550000000047,3950,75.47922278481012,293.4058746940266,121.0,3,295,40.660857,-79.879354,1
59609708.0,666.71,6538441737335434,fraud_Volkman Ltd,misc_net,F,1997-09-22,41.3851,-80.1752,606,42.354109,-80.66788299999999,2,11,44,6372.649999999965,3951,75.69274360921285,293.67557564383276,249.0,11,307,40.86562,-79.909134,1
59609918.0,964.94,3582402971899057,fraud_Barrows PLC,shopping_pos,F,1957-06-12,47.9657,-116.868,4161,47.667726,-116.05418799999998,0,4,10,1052.1500000000015,662,64.16649546827796,120.70835807570894,8964.0,1,67,48.485288,-116.089142,1
59609926.0,994.02,3582402971899057,fraud_Medhurst PLC,shopping_net,F,1957-06-12,47.9657,-116.868,4161,47.634533000000005,-116.936717,1,5,11,2017.0900000000038,663,65.5251282051282,125.58789054164842,8.0,1,38,47.667726,-116.05418799999998,1
59610493.0,734.29,6538441737335434,fraud_Bednar Group,misc_net,F,1997-09-22,41.3851,-80.1752,606,41.543267,-80.718655,3,12,45,7039.360000000044,3952,75.84229251012145,293.78887142448946,785.0,4,308,42.354109,-80.66788299999999,1
59611337.0,863.1,3582402971899057,fraud_Pouros-Haag,shopping_pos,F,1957-06-12,47.9657,-116.868,4161,48.472635,-117.486623,2,6,12,3011.1100000000006,664,66.92346385542169,130.56368718911855,1411.0,1,68,47.634533000000005,-116.936717,1
59611438.0,999.15,6538441737335434,fraud_Medhurst PLC,shopping_net,F,1997-09-22,41.3851,-80.1752,606,41.22478,-80.232754,4,13,46,7773.649999999965,3953,76.00886162408297,293.938323408479,945.0,6,296,41.543267,-80.718655,1
59613108.0,1030.86,6538441737335434,"fraud_Langworth, Boehm and Gulgowski",shopping_net,F,1997-09-22,41.3851,-80.1752,606,41.148534000000005,-79.691913,3,12,47,7747.960000000021,3954,76.24233181588265,294.2675774792431,1670.0,4,297,41.22478,-80.232754,1
59621050.0,16.41,30242921189660,fraud_Herzog Ltd,misc_pos,M,1958-04-06,45.3637,-84.4695,937,45.762556,-85.19549599999999,0,0,10,0.0,1345,66.15641635687733,170.14161862719678,96685.0,0,57,45.151143,-84.24834399999999,0
59627858.0,306.22,30235268718158,fraud_Cartwright-Harris,grocery_pos,M,1977-08-16,41.0592,-73.7395,11250,41.204635,-73.458772,0,2,22,1412.7999999999884,1975,70.89152405063291,352.20733092325804,18773.0,8,210,40.844562,-73.625922,1
59655668.0,298.21,3582402971899057,"fraud_Huel, Hammes and Witting",grocery_pos,F,1957-06-12,47.9657,-116.868,4161,48.697945,-117.310733,0,4,11,3844.4199999999983,665,68.12072180451129,134.06875882378606,44331.0,0,66,48.472635,-117.486623,1
59657003.0,8.25,2269768987945882,fraud_Boyer PLC,misc_pos,F,1958-10-29,42.6835,-77.8664,4895,43.28924,-76.998847,0,0,13,0.0,2001,68.1467916041979,119.49577966648467,121237.0,2,138,43.026073,-77.338288,0
59682335.0,126.56,4715741951931168360,fraud_Klein Group,entertainment,M,1941-03-30,36.6966,-96.7869,471,37.415921,-95.870105,1,2,16,173.10000000000582,2015,63.51761786600496,133.7617679099752,2051.0,2,143,36.238647,-96.84267,0
59689321.0,6.9,503848303379,fraud_Erdman-Schaden,personal_care,M,1976-09-12,26.529,-82.0916,3776,26.389706,-81.21570600000001,0,6,26,829.9900000000198,2011,63.156146195922425,138.79495807514445,22208.0,1,82,25.759569,-81.31206800000001,0
59693852.0,464.99,30235268718158,fraud_Howe PLC,entertainment,M,1977-08-16,41.0592,-73.7395,11250,40.9156,-74.381689,0,2,22,1428.5,1976,71.01061740890688,352.1579473560101,65994.0,3,137,41.204635,-73.458772,1
59697930.0,106.47,372520049757633,fraud_Dare-Marvin,entertainment,F,2000-02-20,48.6031,-93.2977,136,49.389328000000006,-93.642224,0,2,27,163.7500000000582,3922,71.59827129015808,80.17614020688893,17113.0,10,398,49.599797,-92.726649,0
59698547.0,870.33,30235268718158,fraud_Friesen Inc,shopping_pos,M,1977-08-16,41.0592,-73.7395,11250,40.649849,-74.30006800000001,0,2,23,771.2099999999919,1977,71.20989883662114,352.1803116601528,4695.0,2,160,40.9156,-74.381689,1
59699032.0,809.15,30235268718158,fraud_Medhurst PLC,shopping_net,M,1977-08-16,41.0592,-73.7395,11250,40.202146,-73.10199399999999,1,3,24,1641.5400000000081,1978,71.6139029322548,352.5494046992611,485.0,3,130,40.649849,-74.30006800000001,1
59700068.0,641.44,30235268718158,"fraud_Swaniawski, Lowe and Robel",shopping_pos,M,1977-08-16,41.0592,-73.7395,11250,40.124429,-73.783699,2,4,25,2450.689999999973,1979,71.98658413340071,352.8499849040224,1036.0,0,161,40.202146,-73.10199399999999,1
59701039.0,10.0,3582402971899057,fraud_Johnston-Casper,travel,F,1957-06-12,47.9657,-116.868,4161,47.538401,-116.523594,0,1,10,298.2099999999991,666,68.46620120120122,134.26426917230992,45371.0,0,23,48.697945,-117.310733,1
59709752.0,11.59,3500165543009955,fraud_Wuckert-Walter,grocery_net,M,1983-09-02,42.3669,-82.9938,673342,42.717899,-83.59520699999999,0,0,2,0.0,670,60.54286567164179,117.71443213506906,88546.0,0,36,42.025431,-83.268025,1
59752345.0,167.97,30266994494236,fraud_Buckridge PLC,misc_pos,F,1976-11-21,37.1349,-77.7364,1051,37.4979,-78.650736,0,7,23,379.79999999998836,2011,54.48120835405271,89.5062868098627,7049.0,1,123,37.36039,-78.608519,0
59778928.0,952.03,3500165543009955,fraud_Heathcote LLC,shopping_net,M,1983-09-02,42.3669,-82.9938,673342,41.577654,-82.017011,0,1,3,11.589999999996508,671,60.46991058122205,117.64173269057096,69176.0,2,37,42.717899,-83.59520699999999,1
59781989.0,971.98,3500165543009955,"fraud_Watsica, Haag and Considine",shopping_pos,M,1983-09-02,42.3669,-82.9938,673342,41.444684,-82.303303,1,2,4,963.6199999999953,672,61.796636904761904,122.48186889757572,3061.0,0,45,41.577654,-82.017011,1
59793955.0,10.34,3500165543009955,fraud_Cummerata-Jones,gas_transport,M,1983-09-02,42.3669,-82.9938,673342,43.357881,-83.618314,0,3,5,1935.6000000000058,673,63.14906389301635,127.32022869047564,11966.0,3,64,41.444684,-82.303303,1
59794249.0,14.95,4972228199573984,fraud_Funk Group,grocery_net,M,1960-04-08,34.2691,-95.9685,861,33.424904,-96.615954,0,2,11,194.19000000000233,670,60.36246268656716,107.432401504524,61849.0,0,8,34.970712,-96.897069,1
59797587.0,312.63,3500165543009955,"fraud_Huel, Hammes and Witting",grocery_pos,M,1983-09-02,42.3669,-82.9938,673342,42.426687,-82.523542,0,3,6,1934.3500000000058,674,63.07071216617211,127.24186213324391,3632.0,2,70,43.357881,-83.618314,1
59847819.0,114.41,3598634130286287,fraud_Rippin-VonRueden,health_fitness,M,1995-10-10,41.2064,-95.9953,518429,41.039641,-95.749658,0,5,10,95.40000000000146,678,71.10744837758112,259.86025190772176,4120.0,2,39,41.369063,-95.784463,0
59866221.0,3.8,213191402330021,fraud_Jast Ltd,shopping_net,M,2004-03-18,42.9676,-88.0434,817312,42.552381,-87.22092099999999,0,5,13,193.01999999998952,2018,47.91245787908821,104.41891222307734,8771.0,4,167,43.462271,-88.377822,0
59867565.0,913.17,3500165543009955,"fraud_Stanton, Jakubowski and Baumbach",shopping_net,M,1983-09-02,42.3669,-82.9938,673342,42.152715,-82.733987,0,3,7,1294.9500000000044,675,63.440429629629634,127.5097502362261,69978.0,3,38,42.426687,-82.523542,1
59868347.0,836.49,4972228199573984,fraud_Klocko LLC,misc_net,M,1960-04-08,34.2691,-95.9685,861,34.449544,-95.578273,0,1,10,14.94999999999709,671,60.29478390461997,107.36651202351237,74098.0,0,41,33.424904,-96.615954,1
59869042.0,1023.43,4972228199573984,fraud_Mohr-Bayer,shopping_net,M,1960-04-08,34.2691,-95.9685,861,34.445072,-95.995012,1,2,11,851.439999999995,672,61.44983630952381,111.38641915067618,695.0,0,49,34.449544,-95.578273,1
59871970.0,963.57,3500165543009955,fraud_Cormier LLC,shopping_net,M,1983-09-02,42.3669,-82.9938,673342,41.693109,-83.80810600000001,0,3,8,1236.1399999999921,676,64.69742603550296,131.539942239336,4405.0,1,39,42.152715,-82.733987,1
59872734.0,988.52,4972228199573984,fraud_Volkman-Predovic,shopping_net,M,1960-04-08,34.2691,-95.9685,861,35.186202,-96.2768,0,3,12,1874.8699999999953,673,62.87922734026746,117.31801860321985,3692.0,1,50,34.445072,-95.995012,1
59885474.0,353.11,4972228199573984,"fraud_Schultz, Simonis and Little",grocery_pos,M,1960-04-08,34.2691,-95.9685,861,35.139036,-96.139151,0,3,13,2848.439999999995,674,64.25258160237388,122.5328494628518,12740.0,1,57,35.186202,-96.2768,1
59902586.0,101.55,213178765398315,fraud_Torp-Labadie,gas_transport,M,1993-09-11,43.0351,-108.2024,19408,42.388654,-107.988044,0,6,28,208.3300000000163,2672,61.98139595808384,176.94987737215058,27191.0,4,256,43.535972,-107.93596399999998,0
59932067.0,541.29,3561963695236764,fraud_Tromp Group,travel,M,1984-03-03,41.06399999999999,-72.3366,1858,40.319268,-73.17903100000001,0,3,18,217.5,2008,93.63572211155379,91.05993006068678,30249.0,0,69,41.303131,-71.371648,0
59938102.0,4.6,30248898834493,fraud_Leannon-Nikolaus,travel,M,1953-04-19,32.1482,-99.1872,1897,31.655032,-99.89157,0,3,14,112.77999999999884,1324,61.75632930513595,96.51746909411216,12491.0,2,49,31.38221,-100.024953,0
59939636.0,91.34,6011399591920186,fraud_Graham and Sons,health_fitness,F,1973-10-14,42.1001,-73.3611,2121,41.561504,-72.810967,1,7,25,233.3300000000163,2678,52.92479835698282,91.05181339676555,2516.0,3,139,42.671189,-72.428892,0
59955414.0,710.24,4972228199573984,fraud_Kris-Weimann,misc_net,M,1960-04-08,34.2691,-95.9685,861,33.420656,-96.724637,0,3,11,2365.0599999999977,675,64.68051851851851,122.9456609320378,69940.0,0,42,35.139036,-96.139151,1
59958705.0,1082.1,4972228199573984,"fraud_Kihn, Abernathy and Douglas",shopping_net,M,1960-04-08,34.2691,-95.9685,861,33.505052,-96.859338,1,3,12,2051.8700000000026,676,65.63548816568047,125.338468628477,3291.0,1,51,33.420656,-96.724637,1
59961367.0,330.44,4972228199573984,"fraud_Moen, Reinger and Murphy",grocery_pos,M,1960-04-08,34.2691,-95.9685,861,34.27366,-96.378806,1,3,13,2145.449999999997,677,67.13691285081241,131.19694119779086,2662.0,0,58,33.505052,-96.859338,1
59962455.0,301.9,30546453310167,fraud_Strosin-Cruickshank,grocery_pos,M,1955-01-13,43.4512,-71.48899999999999,7430,42.48526,-72.033118,0,2,11,17.0,1332,72.01767267267267,236.31886386314935,47866.0,1,126,43.212956,-71.978925,1
59966259.0,7.58,30546453310167,fraud_Bernhard Inc,gas_transport,M,1955-01-13,43.4512,-71.48899999999999,7430,44.449012,-72.03958,0,3,12,318.8999999999942,1333,72.19012753188296,236.31403441399704,3804.0,0,126,42.48526,-72.033118,1
59967442.0,335.68,30546453310167,fraud_Kiehn-Emmerich,grocery_pos,M,1955-01-13,43.4512,-71.48899999999999,7430,43.167136,-70.638553,1,4,13,326.4799999999959,1334,72.14169415292353,236.23200128737105,1183.0,3,127,44.449012,-72.03958,1
59970132.0,9.58,30546453310167,"fraud_Christiansen, Goyette and Schamberger",gas_transport,M,1955-01-13,43.4512,-71.48899999999999,7430,44.097232,-71.49271,1,5,14,662.1599999999889,1335,72.3391011235955,236.25357029821092,2690.0,0,127,43.167136,-70.638553,1
59972587.0,10.25,30546453310167,fraud_Parisian and Sons,gas_transport,M,1955-01-13,43.4512,-71.48899999999999,7430,44.392015,-72.210347,1,6,15,671.7399999999907,1336,72.292125748503,236.1713108334629,2455.0,3,128,44.097232,-71.49271,1
59973971.0,274.08,4505383113689,fraud_Kunze Inc,grocery_pos,F,1933-03-15,38.8582,-76.6145,3289,39.545828,-77.599602,0,1,10,60.770000000004075,1333,68.64599399849962,193.38662257973988,32084.0,1,119,39.540052,-76.984483,1
59995938.0,263.69,30546453310167,fraud_Cartwright-Harris,grocery_pos,M,1955-01-13,43.4512,-71.48899999999999,7430,43.247075,-72.466348,0,6,16,672.2300000000105,1337,72.24572176514584,236.0890041803232,23351.0,1,128,44.392015,-72.210347,1
60001147.0,53.35,30408301059761,"fraud_Goldner, Kovacek and Abbott",grocery_pos,M,1973-10-09,33.3364,-80.1859,4471,33.980862,-79.993915,0,0,2,0.0,678,91.69873156342183,1021.3938358530586,333258.0,2,69,33.081975,-79.743521,0
60019503.0,1133.52,180046165512893,fraud_Goyette Inc,shopping_net,F,1968-03-24,44.8021,-122.7624,9587,45.519346,-121.78303,0,0,10,0.0,1355,62.43979335793357,79.1039063134612,259365.0,1,74,45.369044,-123.600029,1
60029834.0,21.55,30546453310167,fraud_Berge-Hills,kids_pets,M,1955-01-13,43.4512,-71.48899999999999,7430,42.596517,-72.334389,0,6,17,928.679999999993,1338,72.38880418535126,236.05872433885955,33896.0,1,125,43.247075,-72.466348,1
60035203.0,46.03,5359543825610251,fraud_Fadel-Hilpert,health_fitness,M,1975-06-29,45.7801,-111.1439,18182,45.1812,-110.957282,0,0,23,0.0,2669,63.154908205320346,223.47248292709472,87274.0,4,181,46.036646000000005,-111.404597,0
60038493.0,983.38,180046165512893,"fraud_Romaguera, Cruickshank and Greenholt",shopping_net,F,1968-03-24,44.8021,-122.7624,9587,45.402624,-122.059475,0,1,11,1133.520000000004,1356,63.22967551622419,84.25459697449004,18990.0,0,75,45.519346,-121.78303,1
60043039.0,1132.88,30546453310167,fraud_Schmidt and Sons,shopping_net,M,1955-01-13,43.4512,-71.48899999999999,7430,43.810074,-70.95586999999999,0,7,18,950.2299999999814,1339,72.35083644510829,235.97458453102809,13205.0,0,52,42.596517,-72.334389,1
60044090.0,17.15,180046165512893,fraud_Rau-Grant,kids_pets,F,1968-03-24,44.8021,-122.7624,9587,44.758049,-122.036989,0,2,12,2116.9000000000087,1357,63.90775239498895,87.84949994587906,5597.0,4,139,45.402624,-122.059475,1
60044453.0,1070.99,180046165512893,"fraud_Romaguera, Cruickshank and Greenholt",shopping_net,F,1968-03-24,44.8021,-122.7624,9587,45.666729,-123.072503,1,3,13,2134.050000000003,1358,63.87332106038292,87.82629087826754,363.0,1,76,44.758049,-122.036989,1
60045698.0,1033.33,30546453310167,fraud_Turner and Sons,shopping_pos,M,1955-01-13,43.4512,-71.48899999999999,7430,42.851048,-72.418639,1,8,19,2083.109999999986,1340,73.14227611940298,237.6589218577317,2659.0,2,140,43.810074,-70.95586999999999,1
60045729.0,722.27,4505383113689,"fraud_Jones, Sawayn and Romaguera",misc_net,F,1933-03-15,38.8582,-76.6145,3289,37.865667,-77.066474,0,1,11,274.08000000000175,1334,68.79999250374813,193.39588030605714,71758.0,1,37,39.545828,-77.599602,1
60046182.0,1032.63,4505383113689,fraud_Friesen Inc,shopping_pos,F,1933-03-15,38.8582,-76.6145,3289,37.988316,-77.51156999999999,1,2,12,996.3499999999913,1335,69.28948314606743,194.14890295054226,453.0,3,126,37.865667,-77.066474,1
60046311.0,331.69,30546453310167,"fraud_Goldner, Kovacek and Abbott",grocery_pos,M,1955-01-13,43.4512,-71.48899999999999,7430,43.161142,-70.592019,2,9,20,3116.439999999988,1341,73.85829977628634,239.01282328448514,613.0,1,129,42.851048,-72.418639,1
60049355.0,6.97,180046165512893,fraud_Emmerich-Luettgen,grocery_net,F,1968-03-24,44.8021,-122.7624,9587,44.053895,-122.58068,0,4,14,3205.0399999999936,1359,64.61439293598234,91.94630608595894,4902.0,0,25,45.666729,-123.072503,1
60050138.0,270.75,5410056176712193,"fraud_Rowe, Batz and Goodwin",grocery_pos,M,1989-10-19,44.5592,-87.8235,4306,44.293648,-88.381055,0,1,8,45.55000000000291,660,52.75183333333333,98.20632285645276,50918.0,1,63,44.233764,-88.23958499999999,1
60051906.0,283.94,180046165512893,fraud_Strosin-Cruickshank,grocery_pos,F,1968-03-24,44.8021,-122.7624,9587,45.330009,-122.81173,1,5,15,3212.0099999999948,1360,64.57200735294117,91.92576163865942,2551.0,2,143,44.053895,-122.58068,1
60055183.0,11.07,3587044315915002,"fraud_Harris, Gusikowski and Heaney",grocery_net,M,1974-10-15,35.0659,-89.1534,1804,35.154331,-90.058635,0,3,27,271.6599999999744,2002,94.81241258741258,85.75253721729754,28653.0,0,78,35.642984000000006,-88.179283,1
60056330.0,336.28,180046165512893,fraud_Pacocha-O'Reilly,grocery_pos,F,1968-03-24,44.8021,-122.7624,9587,44.207367,-123.323132,0,6,16,3495.949999999997,1361,64.73318883174136,92.0841475002798,4424.0,1,144,45.330009,-122.81173,1
60056540.0,9.12,3587044315915002,"fraud_Eichmann, Bogan and Rodriguez",gas_transport,M,1974-10-15,35.0659,-89.1534,1804,36.054178,-89.876525,1,4,28,282.7300000000105,2003,94.7706040938592,85.75153472432402,1357.0,2,96,35.154331,-90.058635,1
60057284.0,267.74,5410056176712193,fraud_Rau and Sons,grocery_pos,M,1989-10-19,44.5592,-87.8235,4306,44.041306,-88.597082,0,2,9,316.3000000000029,661,53.08163388804841,98.49753760370373,7146.0,1,64,44.293648,-88.381055,1
60057965.0,326.38,4505383113689,fraud_O'Keefe-Hudson,grocery_pos,F,1933-03-15,38.8582,-76.6145,3289,39.341472,-76.36628,0,3,12,2028.979999999996,1336,70.01054640718563,195.85757814794496,11783.0,3,120,37.988316,-77.51156999999999,1
60067869.0,296.64,3587044315915002,fraud_Lockman Ltd,grocery_pos,M,1974-10-15,35.0659,-89.1534,1804,34.182604,-90.03126999999999,0,4,28,189.93999999997322,2004,94.72786427145708,85.75147370783165,11329.0,5,235,36.054178,-89.876525,1
60089368.0,4.05,4319584480204988982,fraud_Donnelly PLC,misc_net,F,1960-02-01,37.1788,-82.695,502,36.853773,-81.748665,0,1,29,23.14999999999418,2655,61.61988323917138,100.17394660525093,69532.0,2,177,36.876006,-81.761409,0
60090033.0,682.62,5410056176712193,fraud_McGlynn-Heathcote,misc_net,M,1989-10-19,44.5592,-87.8235,4306,44.045311,-86.97641,0,2,10,538.489999999998,662,53.40589123867069,98.775969049973,32749.0,0,25,44.041306,-88.597082,1
60094992.0,907.83,180046165512893,fraud_Conroy Ltd,shopping_pos,F,1968-03-24,44.8021,-122.7624,9587,44.241096,-122.859117,0,7,15,3832.229999999996,1362,64.93256240822319,92.34391772948067,38662.0,4,126,44.207367,-123.323132,1
60098317.0,907.77,180046165512893,fraud_Boyer PLC,shopping_net,F,1968-03-24,44.8021,-122.7624,9587,44.053799,-122.165058,1,8,16,4740.059999999998,1363,65.5509757887014,95.09152042239329,3325.0,4,77,44.241096,-122.859117,1
60105853.0,762.64,3587044315915002,fraud_Hickle Group,shopping_pos,M,1974-10-15,35.0659,-89.1534,1804,34.580081,-89.41942,0,4,28,398.38999999998487,2005,94.82856857855361,85.84858383109358,37984.0,5,168,34.182604,-90.03126999999999,1
60114766.0,43.67,4474324669797121,fraud_Bernier and Sons,kids_pets,M,1927-09-09,37.7773,-119.0825,633,37.794369,-118.781357,0,1,17,5.279999999998836,2029,63.581907343518964,120.08489333532464,67926.0,7,184,38.060818,-118.209147,0
60117842.0,760.29,3587044315915002,"fraud_Lehner, Mosciski and King",misc_net,M,1974-10-15,35.0659,-89.1534,1804,35.884399,-88.797699,0,4,29,1079.4700000000012,2006,95.16147557328016,87.11270080941341,11989.0,1,43,34.580081,-89.41942,1
60119682.0,1082.63,5410056176712193,fraud_Boyer PLC,shopping_net,M,1989-10-19,44.5592,-87.8235,4306,44.639425,-87.734762,0,3,11,1221.1100000000006,663,54.35493212669683,101.6813836096229,29649.0,3,51,44.045311,-86.97641,1
60122118.0,835.51,180046165512893,"fraud_Johnson, Runolfsdottir and Mayer",misc_net,F,1968-03-24,44.8021,-122.7624,9587,43.922252,-122.782957,0,8,17,4514.309999999998,1364,66.16843841642229,97.75378172108314,23801.0,1,53,44.053799,-122.165058,1
60128625.0,797.76,180046165512893,"fraud_Altenwerth, Cartwright and Koss",shopping_net,F,1968-03-24,44.8021,-122.7624,9587,45.002462,-122.696088,0,8,18,4366.440000000002,1365,66.73205860805861,99.91202409781356,6507.0,2,78,43.922252,-122.782957,1
60128911.0,969.05,4505383113689,"fraud_Daugherty, Pouros and Beahan",shopping_pos,F,1933-03-15,38.8582,-76.6145,3289,38.748056,-76.53502399999999,0,3,12,2081.279999999999,1337,70.2022961854899,195.90976745970528,70946.0,1,127,39.341472,-76.36628,1
60129698.0,1059.37,30546453310167,fraud_Macejkovic-Lesch,shopping_pos,M,1955-01-13,43.4512,-71.48899999999999,7430,43.25638,-71.81695500000001,0,2,18,1365.020000000004,1342,74.05042473919524,239.02733150261952,83387.0,6,141,43.161142,-70.592019,1
60130357.0,867.25,4505383113689,fraud_Volkman Ltd,misc_net,F,1933-03-15,38.8582,-76.6145,3289,39.276534000000005,-76.52540400000001,1,4,13,3050.3300000000017,1338,70.8740807174888,197.37214199423414,1446.0,1,38,38.748056,-76.53502399999999,1
60130474.0,6.97,4505383113689,"fraud_Wintheiser, Dietrich and Schimmel",misc_pos,F,1933-03-15,38.8582,-76.6145,3289,39.322491,-76.622225,2,5,14,3917.5800000000017,1339,71.4688349514563,198.49507667850926,117.0,2,84,39.276534000000005,-76.52540400000001,1
60130778.0,868.43,5410056176712193,fraud_Pouros-Haag,shopping_pos,M,1989-10-19,44.5592,-87.8235,4306,45.443201,-87.620535,0,4,12,2303.739999999998,664,55.90353915662651,109.1599896783646,11096.0,0,46,44.639425,-87.734762,1
60131271.0,754.95,5410056176712193,fraud_Zemlak Group,misc_net,M,1989-10-19,44.5592,-87.8235,4306,44.074088,-87.453334,1,5,13,3172.1700000000055,665,57.12538345864662,113.53738827114422,493.0,0,26,45.443201,-87.620535,1
60131460.0,1000.91,5410056176712193,fraud_Hills-Witting,shopping_net,M,1989-10-19,44.5592,-87.8235,4306,44.380561,-87.37544799999999,2,6,14,3927.1199999999953,666,58.17316816816817,116.62985865268857,189.0,0,52,44.074088,-87.453334,1
60131547.0,914.77,180046165512893,fraud_Hills-Witting,shopping_net,F,1968-03-24,44.8021,-122.7624,9587,45.066875,-122.075501,1,7,18,4076.0599999999977,1366,67.26721815519767,101.81510702557503,2922.0,2,79,45.002462,-122.696088,1
60132251.0,969.37,3587044315915002,fraud_Bashirian Group,shopping_net,M,1974-10-15,35.0659,-89.1534,1804,34.890668,-89.089689,0,5,30,1839.7600000000093,2007,95.49287992027902,88.34741741660861,14409.0,1,184,35.884399,-88.797699,1
60132317.0,836.44,3587044315915002,fraud_McGlynn-Heathcote,misc_net,M,1974-10-15,35.0659,-89.1534,1804,34.890666,-89.834959,1,6,31,2809.1300000000047,2008,95.92807768924303,90.45267555846561,66.0,0,44,34.890668,-89.089689,1
60133554.0,981.75,30546453310167,fraud_Durgan-Auer,misc_net,M,1955-01-13,43.4512,-71.48899999999999,7430,42.707602,-72.442872,0,1,19,1059.3699999999953,1343,74.78409530900969,240.4462338245583,3856.0,3,54,43.25638,-71.81695500000001,1
60134293.0,959.99,5410056176712193,fraud_Gleason-Macejkovic,shopping_net,M,1989-10-19,44.5592,-87.8235,4306,43.808276,-87.802667,3,7,15,4928.030000000006,667,59.58656671664168,122.12519227802926,2833.0,2,53,44.380561,-87.37544799999999,1
60136080.0,312.93,3513506355699497,fraud_Padberg-Welch,grocery_pos,F,1966-05-29,32.4122,-90.1207,24645,32.038761,-90.00209699999999,0,2,14,197.24000000000524,1349,61.7429280948851,98.72862522126813,71665.0,6,116,32.922867,-89.63803,1
60137639.0,291.54,3513506355699497,fraud_Strosin-Cruickshank,grocery_pos,F,1966-05-29,32.4122,-90.1207,24645,33.273593,-90.503484,1,3,15,510.1700000000128,1350,61.92899259259259,98.92852384034143,1559.0,1,117,32.038761,-90.00209699999999,1
60140917.0,318.04,676275912597,fraud_Kunze Inc,grocery_pos,M,1986-01-18,44.8955,-85.4082,2223,45.411021000000005,-85.93476899999999,0,0,4,0.0,675,96.42742222222222,89.93363187213755,151102.0,3,81,44.24978,-84.765412,1
60143498.0,11.88,676275912597,"fraud_Reilly, Heaney and Cole",gas_transport,M,1986-01-18,44.8955,-85.4082,2223,45.878937,-86.324872,1,1,5,318.0400000000009,676,96.75525147928994,90.27029921344456,2581.0,0,27,45.411021000000005,-85.93476899999999,1
60145121.0,10.13,3587044315915002,fraud_Cassin-Harvey,grocery_net,M,1974-10-15,35.0659,-89.1534,1804,35.353286,-89.585822,0,5,31,3625.3800000000047,2009,96.29667496266799,91.92694189469121,12804.0,5,79,34.890666,-89.834959,1
60146653.0,284.31,5410056176712193,"fraud_Heller, Gutmann and Zieme",grocery_pos,M,1989-10-19,44.5592,-87.8235,4306,43.620158,-87.463476,0,6,16,5349.530000000006,668,60.93447604790419,126.90888115107396,12360.0,2,65,43.808276,-87.802667,1
60147905.0,11.91,3587044315915002,"fraud_Swift, Bradtke and Marquardt",grocery_net,M,1974-10-15,35.0659,-89.1534,1804,34.741318,-89.298694,1,6,31,3635.5100000000093,2010,96.25380597014926,91.92415445310623,2784.0,1,80,35.353286,-89.585822,1
60164265.0,273.77,3513506355699497,fraud_Hudson-Ratke,grocery_pos,F,1966-05-29,32.4122,-90.1207,24645,31.550991,-90.159198,0,2,16,604.4699999999866,1351,62.09894892672095,99.08898603633625,26626.0,1,118,33.273593,-90.503484,1
60169301.0,9.5,3587044315915002,fraud_Schmitt Inc,gas_transport,M,1974-10-15,35.0659,-89.1534,1804,35.329674,-90.068027,0,6,32,3350.779999999999,2011,96.2118647439085,91.92052898839341,21396.0,4,97,34.741318,-89.298694,1
60192444.0,956.44,3513506355699497,fraud_Friesen Inc,shopping_pos,F,1966-05-29,32.4122,-90.1207,24645,33.060111,-89.410945,0,3,17,878.2399999999907,1352,62.255510355029585,99.21944870895001,28179.0,2,125,31.550991,-90.159198,1
60202000.0,850.57,676275912597,fraud_Fisher Inc,shopping_net,M,1986-01-18,44.8955,-85.4082,2223,44.092973,-86.164902,0,2,6,329.91999999999825,677,96.62988183161004,90.26246933635305,58502.0,0,50,45.878937,-86.324872,1
60211200.0,9.81,6538441737335434,fraud_Zboncak LLC,food_dining,F,1997-09-22,41.3851,-80.1752,606,40.416017,-79.50333,0,3,43,170.14999999996508,3992,76.39973196392786,293.30624029612085,4666.0,13,404,41.393742,-80.522272,0
60213945.0,49.71,348789608637806,fraud_Wuckert-Goldner,home,F,1950-08-19,40.4542,-98.6538,331,39.78665,-98.767897,0,1,24,57.10999999998603,2695,60.029116883116885,91.91880108260801,56292.0,6,268,39.805571,-97.818197,0
60215204.0,17.93,3513506355699497,fraud_Schaefer Ltd,kids_pets,F,1966-05-29,32.4122,-90.1207,24645,33.377561,-89.302362,0,4,18,1834.6800000000076,1353,62.916400591278645,102.11843793628313,22760.0,0,139,33.060111,-89.410945,1
60215464.0,831.72,676275912597,fraud_Stamm-Witting,shopping_net,M,1986-01-18,44.8955,-85.4082,2223,45.617354,-85.523258,0,3,6,1180.489999999998,678,97.74188790560471,94.72943009030558,13464.0,0,51,44.092973,-86.164902,1
60215845.0,980.82,3513506355699497,fraud_Boyer-Reichert,shopping_net,F,1966-05-29,32.4122,-90.1207,24645,31.466231,-90.405622,1,5,19,1852.609999999986,1354,62.88317577548006,102.08801391315883,641.0,2,68,33.377561,-89.302362,1
60215908.0,847.3,676275912597,"fraud_Lehner, Mosciski and King",misc_net,M,1986-01-18,44.8955,-85.4082,2223,44.299426,-86.039575,1,4,7,2012.2099999999991,679,98.82285714285715,98.76151675240071,444.0,1,24,45.617354,-85.523258,1
60215911.0,884.94,676275912597,"fraud_Greenholt, O'Hara and Balistreri",shopping_net,M,1986-01-18,44.8955,-85.4082,2223,45.790067,-85.96025,2,5,8,2859.510000000002,680,99.92355882352942,102.77802409608393,3.0,4,52,44.299426,-86.039575,1
60216506.0,308.3,3587044315915002,fraud_Pacocha-O'Reilly,grocery_pos,M,1974-10-15,35.0659,-89.1534,1804,35.4228,-90.12288,0,5,30,1837.3500000000058,2012,96.16876739562625,91.91800214225471,47205.0,5,236,35.329674,-90.068027,1
60216925.0,916.04,676275912597,fraud_Dooley Inc,shopping_pos,M,1986-01-18,44.8955,-85.4082,2223,44.9374,-85.991028,3,6,9,3744.4500000000044,681,101.07629955947135,107.01732742792645,1014.0,1,68,45.790067,-85.96025,1
60218700.0,949.55,3587044315915002,"fraud_Kerluke, Considine and Macejkovic",misc_net,M,1974-10-15,35.0659,-89.1534,1804,34.49834,-88.708163,1,5,31,1176.280000000028,2013,96.2741480377546,92.01670706646597,2194.0,0,45,35.4228,-90.12288,1
60219299.0,957.9,676275912597,fraud_Gerlach Inc,shopping_net,M,1986-01-18,44.8955,-85.4082,2223,45.451729,-85.966786,3,7,10,4660.489999999998,682,102.27126099706744,111.39901740271355,2374.0,1,53,44.9374,-85.991028,1
60220497.0,1071.14,3513506355699497,fraud_Bashirian Group,shopping_net,F,1966-05-29,32.4122,-90.1207,24645,32.742388,-90.008881,0,6,20,2833.429999999993,1355,63.560619926199266,105.05292166887301,4652.0,0,69,31.466231,-90.405622,1
60220515.0,836.06,676275912597,fraud_Mante Group,misc_net,M,1986-01-18,44.8955,-85.4082,2223,44.738191,-84.83429699999999,2,8,11,5618.390000000007,683,103.52401171303075,116.0320408007502,1216.0,2,25,45.451729,-85.966786,1
60220562.0,17.95,3513506355699497,fraud_Hoppe-Parisian,kids_pets,F,1966-05-29,32.4122,-90.1207,24645,31.86356,-90.549876,1,7,21,3904.5699999999924,1356,64.30367256637169,108.52030286724684,65.0,7,140,32.742388,-90.008881,1
60222029.0,10.64,3513506355699497,fraud_Rodriguez Group,gas_transport,F,1966-05-29,32.4122,-90.1207,24645,32.446514,-89.549635,2,8,22,3922.5199999999895,1357,64.269513633014,108.48757844451329,1467.0,2,116,31.86356,-90.549876,1
60225332.0,7.95,3513506355699497,fraud_Conroy-Cruickshank,gas_transport,F,1966-05-29,32.4122,-90.1207,24645,32.718208000000004,-89.585089,1,7,23,3328.690000000017,1358,64.23002209131074,108.45736200236666,3303.0,2,117,32.446514,-89.549635,1
60234637.0,317.21,676275912597,fraud_Deckow-O'Conner,grocery_pos,M,1986-01-18,44.8955,-85.4082,2223,45.274574,-84.74460400000001,0,7,12,6124.529999999992,684,104.59497076023392,119.28217944720036,14122.0,1,82,44.738191,-84.83429699999999,1
60273324.0,6.62,30560609640617,fraud_Zulauf LLC,personal_care,M,1966-02-13,40.4931,-91.8912,519,39.519992,-92.101464,0,4,20,183.19000000000233,2010,62.02716915422886,113.17596587906496,9332.0,6,140,40.060242,-91.418469,0
60290916.0,9.43,3513506355699497,fraud_Halvorson Group,misc_pos,F,1966-05-29,32.4122,-90.1207,24645,32.941759000000005,-90.217046,0,6,23,2106.429999999993,1359,64.18860927152318,108.4281701609018,65584.0,4,93,32.718208000000004,-89.585089,1
60300205.0,294.9,676275912597,fraud_Goodwin-Nitzsche,grocery_pos,M,1986-01-18,44.8955,-85.4082,2223,44.572311,-85.497975,0,7,13,5591.170000000013,685,104.90535766423356,119.47145992374895,65568.0,1,83,45.274574,-84.74460400000001,1
60302521.0,993.65,676275912597,fraud_Lemke-Gutmann,shopping_net,M,1986-01-18,44.8955,-85.4082,2223,44.691064,-84.612845,1,5,14,3322.1100000000006,686,105.18231778425655,119.60440439864387,2316.0,1,54,44.572311,-85.497975,1
60303658.0,816.03,676275912597,"fraud_Moore, Dibbert and Koepp",misc_net,M,1986-01-18,44.8955,-85.4082,2223,44.241425,-85.63477900000001,2,5,15,3399.720000000001,687,106.4755749636099,124.23114617206237,1137.0,2,26,44.691064,-84.612845,1
60304710.0,917.14,676275912597,fraud_Kuphal-Predovic,misc_net,M,1986-01-18,44.8955,-85.4082,2223,43.925165,-85.288768,2,6,16,4215.75,688,107.50690406976743,127.05391344903812,1052.0,0,27,44.241425,-85.63477900000001,1
60343630.0,226.33,4926376199189801,fraud_Stracke-Lemke,grocery_pos,F,1977-06-07,36.3011,-91.5281,4726,36.853998,-91.074641,0,2,21,101.90000000002328,2019,91.13081723625557,130.82546989185235,49658.0,4,184,35.401522,-90.700724,0
60356915.0,6.26,3513506355699497,fraud_Monahan-Morar,personal_care,F,1966-05-29,32.4122,-90.1207,24645,32.215903000000004,-89.457102,1,3,26,92.75,1362,64.11532305433187,108.3297615544011,2903.0,1,114,32.217439,-89.322686,0
60376747.0,31.08,4859525594182537,"fraud_Lakin, Ferry and Beatty",food_dining,F,1990-02-25,42.0716,-75.0152,1228,41.547732,-75.216984,0,3,11,98.77999999999884,1351,60.86498889711325,131.11678073798362,31253.0,1,87,43.071412,-75.991146,0
60389510.0,9.29,3506592072985012,fraud_Huel-Langworth,misc_net,M,2001-07-26,38.577,-90.5255,92608,37.609666,-90.674146,0,7,20,246.35000000000582,2031,54.16019694731659,267.87329023171964,9886.0,1,109,37.887465,-90.149329,0
60392060.0,42.59,3576021480694169,fraud_Bode-Schuster,kids_pets,F,2004-12-30,39.1329,-95.7023,163415,39.53164,-95.370479,0,10,30,753.2400000000198,3372,50.275296559905094,118.50661783713393,11730.0,3,292,38.770347,-95.437444,0
60400649.0,67.54,6011109736646996,fraud_Kutch-Hegmann,grocery_net,F,1983-02-08,34.2651,-77.867,186140,34.320895,-78.10579,0,8,35,292.79000000003725,4015,87.78243586550435,130.94522312245394,6108.0,7,269,34.86318,-77.921541,0
60404976.0,66.78,348253506557335,"fraud_Kutch, Hermiston and Farrell",gas_transport,M,1948-03-22,30.4983,-88.3282,15647,30.787599,-87.534718,0,0,4,0.0,681,71.17464023494861,157.7335815271362,430719.0,1,55,31.417856,-87.850238,0
60420929.0,29.63,4173950183554608,"fraud_Goldner, Kovacek and Abbott",grocery_pos,M,1978-10-05,40.333,-73.9809,3279,40.432361,-73.343586,0,5,23,254.35999999998603,2702,67.61003330866025,231.44377476231656,29293.0,6,277,40.684552,-74.759065,0
60421221.0,110.53,30510856607165,fraud_Kutch and Sons,grocery_pos,M,1965-04-01,42.3958,-83.3772,96942,42.412755,-83.37252600000001,0,0,5,0.0,693,66.75266955266954,119.01937067631843,194098.0,3,74,43.180067,-82.403764,0
60460192.0,59.03,375534208663984,"fraud_Armstrong, Walter and Gottlieb",food_dining,M,1986-03-28,38.4207,-79.4629,99,38.084309000000005,-79.943714,0,8,25,631.4700000000012,2688,95.89455357142856,95.45960217865613,16525.0,5,237,37.628438,-80.068752,0
60460743.0,542.54,180067151859700,fraud_Pagac LLC,shopping_pos,F,1992-01-20,41.5378,-88.0572,128354,41.56578,-88.136185,0,7,21,472.1599999999744,2020,87.98847524752475,133.40534661233295,5996.0,12,234,42.259557,-87.189258,0
60470576.0,166.5,5127412150261034,"fraud_Watsica, Haag and Considine",shopping_pos,M,1991-02-04,38.9367,-76.994,601723,39.465871,-76.73168000000001,0,1,4,2.9800000000032014,694,61.40491354466859,118.2902393791977,24033.0,2,60,38.3875,-76.193102,0
60480547.0,304.81,377834944388609,fraud_Kiehn Inc,grocery_pos,M,1967-08-28,36.4539,-94.118,6434,36.863742,-94.21434,0,0,5,0.0,659,69.52666160849772,171.14363354806912,127571.0,0,63,36.573356,-94.842813,1
60484673.0,913.04,30266994494236,fraud_Gutmann-Upton,misc_pos,F,1976-11-21,37.1349,-77.7364,1051,36.784251,-77.812359,0,5,19,700.7700000000041,2037,54.83119783996072,90.05948312218106,10235.0,2,125,36.971235,-77.718752,1
60486167.0,341.52,30266994494236,fraud_Pacocha-O'Reilly,grocery_pos,F,1976-11-21,37.1349,-77.7364,1051,36.418006,-78.14205,1,6,20,1613.8099999999977,2038,55.25230127576055,92.02240749700546,1494.0,2,190,36.784251,-77.812359,1
60488586.0,326.75,30266994494236,"fraud_Moen, Reinger and Murphy",grocery_pos,F,1976-11-21,37.1349,-77.7364,1051,37.35346,-76.89611,1,7,21,1955.3300000000017,2039,55.39269740068661,92.21799847412248,2419.0,7,191,36.418006,-78.14205,1
60492704.0,296.27,377834944388609,fraud_Kilback LLC,grocery_pos,M,1967-08-28,36.4539,-94.118,6434,35.915237,-93.46316,0,1,6,304.81000000000495,660,69.88315151515151,171.25878982235795,12157.0,3,64,36.863742,-94.21434,1
60494176.0,806.92,30266994494236,fraud_Dooley-Thompson,misc_net,F,1976-11-21,37.1349,-77.7364,1051,37.752562,-78.443794,0,8,22,2282.0800000000017,2040,55.525715686274516,92.39093015956932,5590.0,5,86,37.35346,-76.89611,1
60494895.0,313.62,377834944388609,fraud_Miller-Hauck,grocery_pos,M,1967-08-28,36.4539,-94.118,6434,37.218067,-94.169715,1,2,7,601.0799999999945,661,70.22564296520423,171.35539064856061,2191.0,4,65,35.915237,-93.46316,1
60497145.0,8.47,377834944388609,fraud_Kutch LLC,gas_transport,M,1967-08-28,36.4539,-94.118,6434,35.45674,-94.451817,1,3,8,914.6999999999971,662,70.5933081570997,171.48683899631706,2250.0,4,60,37.218067,-94.169715,1
60521010.0,3.8,3538520143479972,fraud_Gleason-Macejkovic,shopping_net,F,1965-09-15,41.5686,-83.3632,269,41.768439,-83.21856700000001,0,7,24,244.10999999998603,2038,60.3927821393523,107.0350697567977,7746.0,5,154,42.254813,-83.898566,0
60521370.0,22.92,4642255475285942,"fraud_Ferry, Reichel and DuBuque",grocery_net,F,1987-04-23,38.9999,-109.615,46,38.071407,-109.496807,0,11,37,347.70000000001164,4044,58.96031157270029,143.26425895126,7491.0,2,123,38.237352,-108.968487,0
60540046.0,60.87,4302480582202074,fraud_Renner Ltd,home,M,1995-05-25,43.2326,-86.2492,128715,43.576896000000005,-86.503897,4,16,39,592.0800000000163,3377,57.294880071068995,165.24838063461524,276.0,4,345,43.051299,-85.360217,0
60542016.0,37.1,4079773899158,"fraud_Dare, Casper and Bartoletti",kids_pets,M,1965-12-15,44.6255,-116.4493,129,44.208614,-117.175478,0,4,34,504.62999999997555,2723,61.28027175908924,90.87908926932171,19257.0,7,222,44.862892,-115.807712,0
60545904.0,1.99,675909898057,fraud_Morissette-Schaefer,personal_care,M,1964-03-16,41.136,-73.7009,7987,41.980783,-73.749484,0,3,19,98.3799999999901,1364,85.46521994134896,749.5187672973324,40986.0,0,113,41.365631,-72.853472,0
60552051.0,8.47,3518669219150142,fraud_Eichmann-Kilback,home,F,1996-11-12,39.1657,-84.23299999999999,31394,38.310559000000005,-83.380261,0,11,37,449.0900000000256,3347,50.81669554825217,125.45907082208116,5833.0,6,208,39.756446,-85.139279,0
60554176.0,934.26,377834944388609,"fraud_Streich, Dietrich and Barton",shopping_net,M,1967-08-28,36.4539,-94.118,6434,36.325663,-94.115099,0,4,8,923.1699999999983,663,70.49960784313726,171.37425232680388,57031.0,1,36,35.45674,-94.451817,1
60560213.0,176.82,3577578023716568,fraud_Larson-Moen,entertainment,F,1983-08-25,41.0935,-81.0425,2644,40.931322,-81.769975,0,4,34,543.4800000000105,2707,92.18855929072774,229.80285050626782,15989.0,2,195,41.070127,-80.079338,0
60560253.0,1061.02,377834944388609,fraud_Kuhic LLC,shopping_net,M,1967-08-28,36.4539,-94.118,6434,35.530401,-95.065806,0,5,9,1857.4300000000003,664,71.80045180722891,174.4948552715408,6077.0,0,37,36.325663,-94.115099,1
60561684.0,409.2,377834944388609,fraud_Upton PLC,entertainment,M,1967-08-28,36.4539,-94.118,6434,37.112335,-94.237607,1,6,10,2918.4500000000044,665,73.288,178.5332186490929,1431.0,0,55,35.530401,-95.065806,1
60566849.0,9.16,3588001568691267,fraud_Huels-Nolan,gas_transport,M,1997-06-17,55.4732,-133.1171,1920,56.214113,-133.261105,0,0,0,0.0,0,,,,0,0,,,1
60576976.0,10.75,377834944388609,fraud_Cummerata-Jones,gas_transport,M,1967-08-28,36.4539,-94.118,6434,37.374956,-95.016666,0,6,11,3022.8399999999965,666,73.79237237237237,178.87315030722064,15292.0,2,61,37.112335,-94.237607,1
60579991.0,324.22,377834944388609,"fraud_Kovacek, Dibbert and Ondricka",grocery_pos,M,1967-08-28,36.4539,-94.118,6434,36.67066,-94.352258,1,6,12,2737.320000000007,667,73.69785607196401,178.755478196716,3015.0,2,66,37.374956,-95.016666,1
60592598.0,112.56,4561546772499,fraud_Deckow-O'Conner,grocery_pos,M,1988-08-04,34.9889,-106.0609,7268,34.886672,-106.594293,0,12,45,337.1000000000058,3390,60.91778761061947,166.1127489561644,18199.0,5,327,34.385519,-105.206797,0
60607278.0,117.88,3526826139003047,fraud_Auer-West,shopping_net,M,1955-07-06,44.2529,-85.01700000000001,1126,43.628514,-85.617274,0,6,33,330.2399999999907,2701,61.828108108108104,98.34012384092797,32927.0,2,214,44.853972,-84.624087,0
60647174.0,745.05,3588001568691267,fraud_Kunde-Sanford,misc_net,M,1997-06-17,55.4732,-133.1171,1920,56.134886,-132.392044,0,1,1,9.159999999999968,1,9.16,,80325.0,0,0,56.214113,-133.261105,1
60647229.0,603.08,30266994494236,fraud_Stark-Batz,entertainment,F,1976-11-21,37.1349,-77.7364,1051,37.961216,-78.291452,0,0,20,0.0,2041,55.89386575208231,93.85374513613213,153053.0,2,130,37.752562,-78.443794,1
60647256.0,1318.89,3588001568691267,fraud_Torphy-Goyette,shopping_pos,M,1997-06-17,55.4732,-133.1171,1920,54.801713,-133.669108,1,2,2,754.2099999999998,2,377.10499999999996,520.3528092073685,82.0,0,0,56.134886,-132.392044,1
60647913.0,223.49,30266994494236,"fraud_Bahringer, Bergnaum and Quitzon",home,F,1976-11-21,37.1349,-77.7364,1051,38.132876,-77.770113,1,1,21,603.0799999999872,2042,56.161831537708125,94.60886242505552,684.0,6,189,37.961216,-78.291452,1
60648011.0,984.28,3588001568691267,fraud_Fisher-Schowalter,shopping_net,M,1997-06-17,55.4732,-133.1171,1920,54.605711,-133.23598,2,3,3,2073.1000000000004,3,691.0333333333333,656.5337146204554,755.0,0,0,54.801713,-133.669108,1
60648147.0,1061.37,3588001568691267,fraud_Predovic Inc,shopping_net,M,1997-06-17,55.4732,-133.1171,1920,55.24043399999999,-133.48808300000002,3,4,4,3057.38,4,764.3449999999999,555.748217121147,136.0,0,1,54.605711,-133.23598,1
60648180.0,1008.38,3588001568691267,"fraud_Altenwerth, Cartwright and Koss",shopping_net,M,1997-06-17,55.4732,-133.1171,1920,56.117578,-133.50481499999998,4,5,5,4118.75,5,823.7499999999999,499.2863214128745,33.0,0,2,55.24043399999999,-133.48808300000002,1
60648188.0,918.2,30266994494236,"fraud_Quitzon, Green and Bashirian",shopping_pos,F,1976-11-21,37.1349,-77.7364,1051,36.836519,-77.71658199999999,2,2,22,826.5699999999924,2043,56.24373470386686,94.65811211113797,275.0,4,161,38.132876,-77.770113,1
60648397.0,926.72,3588001568691267,"fraud_Romaguera, Cruickshank and Greenholt",shopping_net,M,1997-06-17,55.4732,-133.1171,1920,54.942725,-132.236891,5,6,6,5127.13,6,854.5216666666665,452.8916398175914,217.0,0,3,56.117578,-133.50481499999998,1
60648435.0,990.84,3588001568691267,fraud_Goyette Inc,shopping_net,M,1997-06-17,55.4732,-133.1171,1920,55.480308,-133.312477,6,7,7,6053.85,7,864.8357142857142,414.33121400063277,38.0,0,4,54.942725,-132.236891,1
60648957.0,1118.24,3588001568691267,fraud_Barrows PLC,shopping_pos,M,1997-06-17,55.4732,-133.1171,1920,55.518149,-134.01771100000002,7,8,8,7044.6900000000005,8,880.58625,386.17438222120404,522.0,0,1,55.480308,-133.312477,1
60649463.0,1183.93,3588001568691267,fraud_Beier-Hyatt,shopping_pos,M,1997-06-17,55.4732,-133.1171,1920,54.539825,-132.377864,8,9,9,8162.93,9,906.9922222222222,369.8172523280174,506.0,0,2,55.518149,-134.01771100000002,1
60650196.0,993.4,377834944388609,fraud_Kuhic LLC,shopping_net,M,1967-08-28,36.4539,-94.118,6434,37.192427,-93.791148,0,2,13,334.9699999999939,668,74.07288922155689,178.88423285941903,70205.0,1,38,36.67066,-94.352258,1
60653650.0,333.42,3588001568691267,fraud_Kutch and Sons,grocery_pos,M,1997-06-17,55.4732,-133.1171,1920,55.853802,-132.400924,0,9,10,9337.7,10,934.686,359.49709942269817,4187.0,0,0,54.539825,-132.377864,1
60654993.0,298.76,3588001568691267,fraud_Schamberger-O'Keefe,grocery_pos,M,1997-06-17,55.4732,-133.1171,1920,55.408278,-132.321002,1,10,11,9671.12,11,880.0254545454544,386.2381073473628,1343.0,0,1,55.853802,-132.400924,1
60672941.0,4.04,4788103653396,fraud_Lemke-Gutmann,shopping_net,F,1941-07-31,39.6321,-84.2675,36784,39.771192,-84.055986,0,2,20,71.4600000000064,1340,71.61247014925374,114.16771953168212,20659.0,0,65,38.69184,-84.01728100000001,0
60705915.0,13.72,4500002361389,fraud_Swift PLC,kids_pets,M,1965-04-07,38.2833,-75.8465,470,37.645309000000005,-76.488562,0,6,50,263.9200000000128,2767,60.450964943982655,90.78489584687284,5134.0,6,245,37.556634,-75.15798000000001,0
60736287.0,881.12,3588001568691267,"fraud_Towne, Greenholt and Koepp",shopping_net,M,1997-06-17,55.4732,-133.1171,1920,56.034742,-132.408328,0,2,12,632.1799999999985,12,831.5866666666666,404.6898352460997,81294.0,0,5,55.408278,-132.321002,1
60738311.0,781.06,3588001568691267,"fraud_Bernier, Volkman and Hoeger",misc_net,M,1997-06-17,55.4732,-133.1171,1920,55.167017,-133.772629,1,3,13,1513.2999999999993,13,835.396923076923,387.7044951459943,2024.0,0,1,56.034742,-132.408328,1
60746668.0,9.79,213156747557083,fraud_Bins-Rice,gas_transport,M,1982-07-30,34.1556,-118.2322,172817,34.698064,-118.151516,0,8,50,213.97999999998137,3423,62.6259918200409,181.47130802610633,9627.0,4,361,33.621024,-119.190653,1
60755796.0,13.69,630423337322,"fraud_Jenkins, Hauck and Friesen",gas_transport,F,1978-06-21,48.8878,-118.2105,149,48.173571,-118.479952,0,8,63,188.57000000000698,4073,55.57401178492512,159.53056563314044,20800.0,9,566,49.106822,-117.788323,1
60766792.0,41.8,180042946491150,fraud_DuBuque LLC,grocery_pos,M,1989-02-28,27.7898,-82.7243,341043,27.495592,-81.81694300000001,1,5,39,140.89000000001397,2710,58.33322878228782,119.1962442991373,3030.0,2,242,28.522855,-82.185452,0
60771213.0,61.75,6011652924285713,"fraud_Olson, Becker and Koch",gas_transport,F,1988-10-26,38.2911,-92.7059,1847,38.794615,-92.632284,0,12,81,656.6999999999825,4078,56.58299656694458,164.94231772679373,5323.0,15,605,37.378385,-92.188432,0
60817846.0,959.59,213156747557083,fraud_Pouros-Conroy,shopping_pos,M,1982-07-30,34.1556,-118.2322,172817,33.92808,-118.771782,0,3,47,34.73999999999069,3424,62.610560747663556,181.4470451681971,71178.0,4,294,34.698064,-118.151516,1
60819636.0,9.02,213156747557083,fraud_Bruen-Yost,misc_pos,M,1982-07-30,34.1556,-118.2322,172817,34.03968,-118.160172,1,4,48,994.3299999999872,3425,62.87245255474453,182.06681849134486,1790.0,8,255,33.92808,-118.771782,1
60822205.0,257.51,630423337322,"fraud_Wuckert, Wintheiser and Friesen",home,F,1978-06-21,48.8878,-118.2105,149,49.579889,-118.25379,0,1,60,13.689999999973224,4074,55.563730976926855,159.51233026594488,66409.0,10,390,48.173571,-118.479952,1
60822457.0,288.17,630423337322,"fraud_Windler, Goodwin and Kovacek",home,F,1978-06-21,48.8878,-118.2105,149,48.00633,-117.724112,1,2,61,271.19999999998254,4075,55.61328834355828,159.52412334225173,252.0,8,391,49.579889,-118.25379,1
60822562.0,570.37,213156747557083,fraud_Kilback and Sons,entertainment,M,1982-07-30,34.1556,-118.2322,172817,34.489953,-119.031236,1,4,49,990.6700000000128,3426,62.85673380035026,182.04256245604324,2926.0,3,255,34.03968,-118.160172,1
60824848.0,1068.48,213156747557083,fraud_Auer-West,shopping_net,M,1982-07-30,34.1556,-118.2322,172817,33.951918,-118.759126,1,4,50,1548.7699999999895,3427,63.00482637875693,182.22233823852366,2286.0,5,241,34.489953,-119.031236,1
60826793.0,266.28,3564182536169293,fraud_Deckow-O'Conner,grocery_pos,F,1962-03-04,39.9934,-81.8024,1443,40.427047,-81.65901600000001,0,2,20,181.58000000000175,1367,60.37081931236284,96.26398538725252,58052.0,3,140,40.869847,-81.658111,1
60829801.0,319.22,3564182536169293,fraud_Kiehn-Emmerich,grocery_pos,F,1962-03-04,39.9934,-81.8024,1443,39.034393,-81.417548,1,3,21,447.8600000000006,1368,60.521337719298245,96.38967323071746,3008.0,4,141,40.427047,-81.65901600000001,1
60831863.0,1107.65,630423337322,fraud_Turner and Sons,shopping_pos,F,1978-06-21,48.8878,-118.2105,149,48.587491,-118.578816,0,3,61,559.3699999999953,4076,55.67034347399411,159.54613623314398,9406.0,6,401,48.00633,-117.724112,1
60834876.0,316.71,213156747557083,fraud_Hudson-Ratke,grocery_pos,M,1982-07-30,34.1556,-118.2322,172817,33.440779,-118.929947,0,4,50,2607.460000000021,3428,63.29813885647608,183.0033052725675,10028.0,11,322,33.951918,-118.759126,1
60836695.0,354.08,630423337322,fraud_Goodwin-Nitzsche,grocery_pos,F,1978-06-21,48.8878,-118.2105,149,49.533242,-117.87987,0,4,62,1667.0199999999895,4077,55.92837135148393,160.37507468149053,4832.0,3,351,48.587491,-118.578816,1
60837820.0,656.56,4292743669224718067,fraud_Flatley-Durgan,misc_net,M,1973-06-09,38.2674,-76.4954,5927,38.703043,-76.325305,0,2,30,44.929999999993015,2036,56.26158644400786,147.56443721174676,38030.0,1,100,39.148139,-76.94511999999999,1
60838443.0,110.08,2233882705243596,fraud_Bradtke PLC,grocery_pos,F,1960-01-16,33.357,-89.0473,1923,33.662403000000005,-88.586109,0,2,32,27.429999999993015,2057,64.90072921730676,170.39628362269283,18727.0,5,211,34.222549,-88.645863,0
60849314.0,274.68,213156747557083,fraud_Wolf Inc,grocery_pos,M,1982-07-30,34.1556,-118.2322,172817,33.778195000000004,-118.849826,0,5,51,2924.170000000013,3429,63.37204141149023,183.0277790899109,14438.0,4,323,33.440779,-118.929947,1
60854370.0,57.99,4469777115158234880,fraud_Murray-Smitham,grocery_pos,M,1980-11-22,42.728,-71.181,47249,42.584457,-70.704881,0,6,48,3102.570000000007,2734,55.91116678858815,122.21069528271572,15641.0,5,265,42.699512,-71.085536,0
60867991.0,80.19,4826655832045236,fraud_Torp-Labadie,gas_transport,F,1963-12-29,41.6983,-70.3001,1850,41.695623,-69.647835,0,3,41,61.50999999998021,2743,63.27699598979219,117.86072126522005,30034.0,9,368,41.419332,-70.09023,0
60897882.0,967.36,213156747557083,fraud_Terry-Huel,shopping_net,M,1982-07-30,34.1556,-118.2322,172817,34.965841,-118.066656,0,6,50,3198.850000000006,3430,63.4336472303207,183.03665302044757,48568.0,5,242,33.778195000000004,-118.849826,1
60905392.0,21.28,4292743669224718067,fraud_Hills-Boyer,personal_care,M,1973-06-09,38.2674,-76.4954,5927,37.429174,-77.079914,0,1,30,656.5599999999977,2037,56.556283750613645,148.1265483829246,67572.0,4,119,38.703043,-76.325305,1
60907169.0,1086.32,4292743669224718067,"fraud_Reichert, Shanahan and Hayes",shopping_net,M,1973-06-09,38.2674,-76.4954,5927,39.031834,-76.322416,1,2,31,677.8399999999965,2038,56.53897448478901,148.09224651327094,1777.0,3,135,37.429174,-77.079914,1
60909329.0,21.69,630423337322,fraud_Homenick LLC,personal_care,F,1978-06-21,48.8878,-118.2105,149,49.161488,-119.109765,0,2,57,1461.7299999999814,4078,56.00148357037764,160.42336022427466,72634.0,10,317,49.533242,-117.87987,1
60911264.0,419.52,630423337322,fraud_Kassulke Inc,entertainment,F,1978-06-21,48.8878,-118.2105,149,48.342876,-118.35081,1,3,58,1483.4200000000128,4079,55.99307183133121,160.40458931365183,1935.0,5,235,49.161488,-119.109765,1
60911619.0,690.67,3564182536169293,"fraud_Kerluke, Kertzmann and Wiza",misc_net,F,1962-03-04,39.9934,-81.8024,1443,40.949867,-80.938135,0,2,22,585.5,1369,60.71030679327977,96.60778181954569,81818.0,2,86,39.034393,-81.417548,1
60911964.0,799.3,213156747557083,"fraud_Baumbach, Hodkiewicz and Walsh",shopping_pos,M,1982-07-30,34.1556,-118.2322,172817,34.036573,-117.60762,0,3,50,1558.75,3431,63.69710580005829,183.65945667090827,14082.0,6,295,34.965841,-118.066656,1
60912986.0,10.0,4292743669224718067,fraud_Huels-Nolan,gas_transport,M,1973-06-09,38.2674,-76.4954,5927,38.888451,-75.820993,0,3,32,1764.1600000000035,2039,57.044016674840606,149.80198646111305,5817.0,4,191,39.031834,-76.322416,1
60914768.0,846.5,4292743669224718067,fraud_Huel-Langworth,misc_net,M,1973-06-09,38.2674,-76.4954,5927,39.042840000000005,-75.641607,1,4,32,1774.1600000000035,2040,57.020955882352936,149.7688696415275,1782.0,3,101,38.888451,-75.820993,1
60915836.0,199.2,6011109736646996,fraud_Wolf Inc,grocery_pos,F,1983-02-08,34.2651,-77.867,186140,34.993348,-77.986058,0,5,69,135.79000000003725,4075,87.60915337423313,130.41127915135172,7615.0,9,368,33.595705,-78.08214100000001,0
60918900.0,18.54,3564182536169293,fraud_Corwin-Collins,gas_transport,F,1962-03-04,39.9934,-81.8024,1443,40.613371,-81.31443,0,1,23,690.6699999999983,1370,61.170131386861314,98.06078235794281,7281.0,5,211,40.949867,-80.938135,1
60923407.0,319.21,3564182536169293,fraud_Stracke-Lemke,grocery_pos,F,1962-03-04,39.9934,-81.8024,1443,39.285909,-81.673714,0,2,23,709.2099999999919,1371,61.13903719912473,98.03174826766788,4507.0,2,142,40.613371,-81.31443,1
60955275.0,107.94,3531129874770000,fraud_Bogisich-Weimann,kids_pets,F,1975-07-13,43.8065,-73.0882,5895,42.884108000000005,-72.829931,0,6,53,456.13000000000466,3396,90.21034746760895,144.44044306356042,5491.0,5,273,44.355605,-72.389707,0
60959458.0,17.45,4412720572684931,fraud_Shields-Wunsch,health_fitness,M,1949-11-17,37.7681,-75.6664,776,38.586695,-74.728661,0,0,7,0.0,682,70.65365102639296,225.01279829356716,113900.0,1,49,37.334978,-74.788442,1
60962362.0,1099.03,3564182536169293,"fraud_Langworth, Boehm and Gulgowski",shopping_net,F,1962-03-04,39.9934,-81.8024,1443,39.684015,-81.623829,0,3,24,1028.4199999999983,1372,61.32713556851312,98.2433547393022,38955.0,0,101,39.285909,-81.673714,1
60965407.0,5.84,3520550088202337,fraud_O'Keefe-Wisoky,food_dining,M,2001-07-05,47.8342,-90.0476,272,47.955998,-89.433995,0,5,27,143.88000000000466,1372,76.88620991253644,109.07139008401285,3898.0,4,150,48.005688,-89.40240899999999,0
60988984.0,338.94,4412720572684931,fraud_Auer-Mosciski,grocery_pos,M,1949-11-17,37.7681,-75.6664,776,38.54937,-76.45039399999999,0,1,8,17.44999999999709,683,70.57575402635432,224.8569882182161,29526.0,0,70,38.586695,-74.728661,1
60989143.0,44.41,180068353086472,fraud_Berge-Hills,kids_pets,F,1976-09-17,33.6773,-118.0051,190249,33.814852,-117.282159,0,8,17,493.1599999999962,695,91.70510791366907,155.58118067634,5371.0,1,66,33.32074,-118.7746,0
60992034.0,686.99,4412720572684931,fraud_Lynch Ltd,shopping_pos,M,1949-11-17,37.7681,-75.6664,776,37.200888,-76.142348,1,2,9,356.3899999999994,684,70.96809941520468,224.92649754269,3050.0,2,66,38.54937,-76.45039399999999,1
60992042.0,893.8,3564182536169293,fraud_Friesen Inc,shopping_pos,F,1962-03-04,39.9934,-81.8024,1443,39.620091,-81.914436,0,4,25,2127.449999999997,1373,62.08292789512017,102.1225234928158,29680.0,2,89,39.684015,-81.623829,1
60992147.0,886.33,3564182536169293,fraud_Hickle Group,shopping_pos,F,1962-03-04,39.9934,-81.8024,1443,40.028547,-81.831648,1,5,26,3021.25,1374,62.68825327510917,104.52211954625331,105.0,3,90,39.620091,-81.914436,1
60992615.0,159.51,4424338559877976,"fraud_Becker, Harris and Harvey",personal_care,F,1957-11-12,40.813,-83.4196,118,41.764464,-83.693598,1,7,58,1002.6999999999825,2724,64.05308002936857,105.69123068888561,399.0,3,191,41.642294,-82.609154,0
60992865.0,49.51,3564182536169293,fraud_Auer LLC,personal_care,F,1962-03-04,39.9934,-81.8024,1443,40.05307,-80.822411,2,6,27,3907.5800000000017,1375,63.287265454545455,106.81897662421105,718.0,2,102,40.028547,-81.831648,1
60993944.0,812.13,4292743669224718067,"fraud_Stanton, Jakubowski and Baumbach",shopping_net,M,1973-06-09,38.2674,-76.4954,5927,38.256588,-75.75484499999999,0,2,28,856.5,2041,57.4077658010779,150.7484566766707,79176.0,6,136,39.042840000000005,-75.641607,1
60995544.0,986.43,4292743669224718067,fraud_Predovic Inc,shopping_net,M,1973-06-09,38.2674,-76.4954,5927,38.355806,-75.585197,1,3,29,1668.6300000000047,2042,57.777365328109695,151.63412503675306,1600.0,3,137,38.256588,-75.75484499999999,1
60995640.0,858.73,4292743669224718067,"fraud_Schuppe, Nolan and Hoeger",shopping_pos,M,1973-06-09,38.2674,-76.4954,5927,39.13715,-76.29579,2,4,30,2655.0599999999977,2043,58.23191874694078,152.98290790671925,96.0,0,157,38.355806,-75.585197,1
60995875.0,133.43,30518196150127,"fraud_Bahringer, Osinski and Block",food_dining,F,1975-06-02,40.3625,-87.6692,1807,40.8023,-87.77994100000001,0,0,7,0.0,683,64.63676427525621,256.9484482652263,95676.0,2,55,40.844517,-86.714274,1
60997276.0,854.04,4412720572684931,"fraud_Willms, Kris and Bergnaum",shopping_pos,M,1949-11-17,37.7681,-75.6664,776,38.072832,-76.121749,0,3,10,1043.3799999999974,685,71.86740145985401,225.99104903215286,5242.0,2,67,37.200888,-76.142348,1
60997320.0,905.63,4412720572684931,fraud_Mante Group,misc_net,M,1949-11-17,37.7681,-75.6664,776,38.213847,-76.416574,1,4,11,1897.4199999999983,686,73.00759475218659,227.7920643822348,44.0,0,27,38.072832,-76.121749,1
60997983.0,1073.81,3564182536169293,fraud_Boyer PLC,shopping_net,F,1962-03-04,39.9934,-81.8024,1443,40.564654,-81.708551,0,7,28,3957.0899999999965,1376,63.27725290697674,106.7807722256331,5118.0,2,102,40.05307,-80.822411,1
61003630.0,855.54,30518196150127,fraud_Botsford Ltd,shopping_pos,F,1975-06-02,40.3625,-87.6692,1807,40.778873,-88.641802,0,1,8,133.4300000000003,684,64.73733918128656,256.77374960293315,7755.0,0,66,40.8023,-87.77994100000001,1
61008978.0,321.48,4412720572684931,fraud_Koepp-Parker,grocery_pos,M,1949-11-17,37.7681,-75.6664,776,38.211656,-75.739204,0,5,12,2803.0499999999956,687,74.21956331877729,229.83188749481656,11658.0,1,71,38.213847,-76.416574,1
61010246.0,835.3,30518196150127,fraud_Huel Ltd,misc_net,F,1975-06-02,40.3625,-87.6692,1807,40.000226,-86.780113,0,2,9,988.9700000000012,685,65.89179562043796,258.3588837010799,6616.0,1,31,40.778873,-88.641802,1
61022554.0,55.63,4681699462969,"fraud_Schoen, Kuphal and Nitzsche",grocery_pos,M,1978-03-06,35.8596,-86.421,158701,35.266592,-87.387107,0,3,68,99.61000000001513,3456,59.76273437500001,162.73364728271002,57714.0,9,368,36.613284,-85.611278,0
61023459.0,4.27,4682744518117239,"fraud_Zboncak, Rowe and Murazik",shopping_net,M,1961-12-18,38.6547,-92.8929,628,38.766401,-93.14139,0,2,8,214.99000000000524,679,62.33901325478644,96.54976463813759,6242.0,0,54,38.556224,-92.967377,0
61041278.0,40.97,4099707841315751,fraud_Roob LLC,grocery_net,M,1975-07-07,38.2586,-78.4074,9815,38.832805,-78.160523,0,13,56,705.7900000000081,3468,64.26667243367936,255.0237814292833,7526.0,7,178,37.826248,-78.666708,0
61059364.0,53.13,4906628655840914250,fraud_Kulas Group,health_fitness,M,1987-02-13,24.6557,-81.3824,32891,23.713096,-82.087272,0,12,64,646.2600000000093,3452,54.94541135573581,158.8411785746597,8549.0,2,193,24.315037,-81.25229,0
61059549.0,9.16,4839615922685395,"fraud_Ritchie, Oberbrunner and Cremin",travel,M,1955-05-06,39.013000000000005,-86.5457,76,39.583857,-86.668054,0,6,44,1014.2800000000279,2776,61.66349063400577,110.3209452505019,26260.0,4,102,38.215669,-86.371575,0
61064495.0,102.28,3533012926413100,fraud_Reichel LLC,personal_care,F,1994-03-01,43.2237,-75.1612,1684,44.127188,-74.572141,0,8,44,567.0099999999802,2767,57.351698590531264,170.49753146498384,11750.0,7,199,43.36524,-74.248152,0
61073799.0,27.4,584673555952,fraud_Medhurst Inc,home,F,1930-08-13,47.5196,-101.2332,307,46.83665,-101.371873,0,11,57,651.3300000000163,2725,62.39075963302753,118.09150224433125,4210.0,5,260,47.4007,-101.787521,0
61075930.0,18.72,30518196150127,fraud_Rau-Robel,kids_pets,F,1975-06-02,40.3625,-87.6692,1807,41.219249,-86.831122,0,3,9,1824.270000000004,686,67.01338192419826,259.8361526790621,65684.0,0,62,40.000226,-86.780113,1
61079137.0,718.27,4412720572684931,"fraud_Douglas, Schneider and Turner",shopping_pos,M,1949-11-17,37.7681,-75.6664,776,37.747006,-75.346749,0,3,12,2081.1500000000015,688,74.5789534883721,229.85793557624856,70159.0,1,68,38.211656,-75.739204,1
61080040.0,327.7,4412720572684931,"fraud_Rowe, Batz and Goodwin",grocery_pos,M,1949-11-17,37.7681,-75.6664,776,37.102138,-75.77995,1,4,13,2799.4200000000055,689,75.51319303338171,230.996185246663,903.0,3,72,37.747006,-75.346749,1
61080767.0,117.49,30518196150127,fraud_Powlowski-Weimann,food_dining,F,1975-06-02,40.3625,-87.6692,1807,39.386543,-87.650837,0,4,10,1842.9900000000052,687,66.94308588064047,259.65323598731646,4837.0,0,56,41.219249,-86.831122,1
61081341.0,419.94,30518196150127,fraud_Nienow PLC,entertainment,F,1975-06-02,40.3625,-87.6692,1807,39.924457,-88.538191,1,5,11,1960.4800000000032,688,67.01655523255815,259.4713472962629,574.0,1,28,39.386543,-87.650837,1
61082065.0,694.47,4412720572684931,"fraud_Parisian, Schiller and Altenwerth",misc_net,M,1949-11-17,37.7681,-75.6664,776,37.963851,-74.750682,2,5,14,3127.1200000000026,690,75.8786811594203,231.0280598006209,2025.0,1,28,37.102138,-75.77995,1
61082167.0,925.31,4412720572684931,fraud_Lemke-Gutmann,shopping_net,M,1949-11-17,37.7681,-75.6664,776,38.262403000000006,-75.073913,3,6,15,3821.590000000004,691,76.77389290882779,232.05684876842255,102.0,0,50,37.963851,-74.750682,1
61083594.0,261.22,30518196150127,fraud_Lynch-Wisozk,home,F,1975-06-02,40.3625,-87.6692,1807,41.00022,-87.02685,2,5,12,2246.9900000000052,689,67.52878084179972,259.63108411200363,2253.0,0,46,39.924457,-88.538191,1
61088394.0,348.31,213180742685905,fraud_Rau and Sons,grocery_pos,F,1951-01-15,40.507,-123.9743,1139,40.997988,-123.783151,0,13,51,771.7200000000012,2739,58.395502008032125,99.26674023234939,10449.0,9,273,40.953673,-123.59625,1
61088493.0,335.48,30092964733035,fraud_Barton Inc,grocery_pos,F,1971-03-26,38.6207,-83.8067,14228,37.939024,-84.19396400000001,0,4,26,519.5900000000111,1373,82.96708667152221,114.42143058481153,21319.0,1,125,37.759766,-84.256378,1
61093704.0,335.21,213180742685905,fraud_Kunze Inc,grocery_pos,F,1951-01-15,40.507,-123.9743,1139,41.067689,-124.228124,0,13,52,999.1599999999744,2740,58.501310218978105,99.40303531110283,5310.0,9,274,40.997988,-123.783151,1
61094681.0,19.74,213180742685905,fraud_Rodriguez Group,gas_transport,F,1951-01-15,40.507,-123.9743,1139,40.371757,-123.984049,1,14,53,1334.3699999999953,2741,58.60226194819409,99.525330739216,977.0,10,365,41.067689,-124.228124,1
61095713.0,315.25,3545109339866548,fraud_Murray-Smitham,grocery_pos,M,1999-03-05,33.4783,-90.5142,2870,33.520087,-89.52979,0,30,87,1163.4500000000116,4143,51.13091238233164,157.2653520825772,11773.0,2,210,32.508295000000004,-91.4765,1
61096543.0,721.96,3545109339866548,fraud_Bogisich-Homenick,misc_net,M,1999-03-05,33.4783,-90.5142,2870,32.761125,-90.121092,1,31,88,1478.7000000000116,4144,51.19464768339768,157.299888727234,830.0,8,204,33.520087,-89.52979,1
61097492.0,9.51,3591919803438423,fraud_Kling Inc,gas_transport,M,1987-07-25,28.5697,-80.8191,54767,29.390541,-81.089178,0,11,43,650.7899999999936,2064,56.091327519379846,150.62209017294634,12880.0,7,222,28.805795,-79.95569499999999,1
61097703.0,353.58,213180742685905,fraud_Wolf Inc,grocery_pos,F,1951-01-15,40.507,-123.9743,1139,39.750323,-124.500726,1,15,54,1354.109999999986,2742,58.5880889861415,99.50994172004107,3022.0,2,275,40.371757,-123.984049,1
61098078.0,283.05,3545109339866548,"fraud_Schoen, Kuphal and Nitzsche",grocery_pos,M,1999-03-05,33.4783,-90.5142,2870,33.421322,-90.057496,2,32,89,2200.6600000000326,4145,51.356472858866105,157.62560341437384,1535.0,4,211,32.761125,-90.121092,1
61098956.0,19.26,213180742685905,fraud_Parisian and Sons,gas_transport,F,1951-01-15,40.507,-123.9743,1139,40.930751,-123.480635,1,16,55,1707.6899999999732,2743,58.69563251913963,99.65109962981667,1253.0,5,366,39.750323,-124.500726,1
61099079.0,821.01,3545109339866548,"fraud_Lehner, Mosciski and King",misc_net,M,1999-03-05,33.4783,-90.5142,2870,33.842943,-90.66632,3,33,90,2483.710000000021,4146,51.41235648818138,157.647659538121,1001.0,5,205,33.421322,-90.057496,1
61099941.0,312.8,3591919803438423,fraud_Hudson-Ratke,grocery_pos,M,1987-07-25,28.5697,-80.8191,54767,28.867185,-81.643027,1,12,44,660.2999999999884,2065,56.06876997578692,150.5890867162066,2449.0,4,222,29.390541,-81.089178,1
61103664.0,798.67,3545109339866548,fraud_McGlynn-Heathcote,misc_net,M,1999-03-05,33.4783,-90.5142,2870,32.983959000000006,-89.874034,0,34,91,3304.720000000001,4147,51.5979358572462,158.0810285974998,4585.0,2,206,33.842943,-90.66632,1
61109022.0,302.44,213180742685905,"fraud_Lockman, West and Runte",grocery_pos,F,1951-01-15,40.507,-123.9743,1139,39.686171,-123.541453,0,17,55,1726.9499999999825,2744,58.6812609329446,99.63577751749396,10066.0,2,276,40.930751,-123.480635,1
61117849.0,107.82,371284424780634,fraud_Kihn-Fritsch,food_dining,M,1952-01-29,33.5466,-101.8871,254282,33.397699,-102.490244,0,5,28,588.6999999999971,1380,67.18327536231885,130.22566179739508,15688.0,3,104,33.429728999999995,-102.587153,0
61121838.0,286.92,3545109339866548,fraud_Goodwin-Nitzsche,grocery_pos,M,1999-03-05,33.4783,-90.5142,2870,32.80962,-90.521335,0,33,91,3939.5899999999965,4148,51.7780400192864,158.4870229428091,18174.0,1,212,32.983959000000006,-89.874034,1
61126131.0,574.1,213157767990030,fraud_Koelpin and Sons,misc_net,F,1984-08-01,41.606,-109.23,27971,42.186897,-109.004103,0,8,73,1481.170000000042,3449,93.32735575529138,144.95965823326748,16952.0,3,161,41.515026,-109.010039,0
61134260.0,1032.04,3545109339866548,fraud_Fisher Inc,shopping_net,M,1999-03-05,33.4783,-90.5142,2870,33.963288,-91.257788,0,29,89,3943.179999999993,4149,51.8347143890094,158.50996019919285,12422.0,4,347,32.80962,-90.521335,1
61145385.0,9.49,3501942333500073,fraud_Swift PLC,kids_pets,F,1999-11-30,33.8155,-112.1202,1312922,34.16093,-113.01323700000002,2,16,54,506.6700000000128,2785,53.86908797127469,185.85857238053032,1260.0,8,260,34.668844,-112.656382,0
61147237.0,49.69,2254799658404120,fraud_Morissette PLC,shopping_pos,F,1987-09-08,30.946,-83.2474,94325,30.130954,-84.067892,0,7,34,1256.8299999999872,2067,83.93358974358975,108.26803982886794,4555.0,1,250,30.562771,-82.377414,0
61153877.0,35.13,30344654314976,fraud_Volkman PLC,food_dining,F,1967-05-27,39.8127,-120.6405,1725,40.39668,-120.478229,1,8,27,259.02999999999884,1370,60.0358102189781,92.08054239186966,2491.0,4,89,39.685761,-120.735249,0
61158273.0,93.06,3589289942931264,fraud_Kuphal-Toy,food_dining,F,1972-03-05,43.7557,-97.5936,343,42.826372,-98.568749,2,12,61,640.6000000000058,3475,61.764682014388484,145.60259560158704,982.0,4,223,43.979548,-97.040777,0
61164027.0,1128.83,213180742685905,fraud_Lemke-Gutmann,shopping_net,F,1951-01-15,40.507,-123.9743,1139,39.674539,-124.877603,0,7,51,1384.9800000000105,2745,58.77006193078324,99.72620700894629,55005.0,2,205,39.686171,-123.541453,1
61164428.0,981.4,213180742685905,"fraud_Heathcote, Yost and Kertzmann",shopping_net,F,1951-01-15,40.507,-123.9743,1139,41.302890000000005,-123.071834,1,7,52,2507.3699999999953,2746,59.1597414420976,101.7775698868089,401.0,3,206,39.674539,-124.877603,1
61164534.0,216.25,3545109339866548,"fraud_Cole, Hills and Jewess",home,M,1999-03-05,33.4783,-90.5142,2870,33.251669,-91.378583,0,11,83,4392.0199999999895,4150,52.070908433734935,159.2195665084565,30274.0,5,237,33.963288,-91.257788,1
61164991.0,19.44,30092964733035,fraud_Nolan-Williamson,kids_pets,F,1971-03-26,38.6207,-83.8067,14228,37.829721,-83.78246700000001,0,1,21,335.4799999999959,1374,83.15086608442505,114.58243729215933,76498.0,2,111,37.939024,-84.19396400000001,1
61165527.0,813.71,3545109339866548,"fraud_Watsica, Haag and Considine",shopping_pos,M,1999-03-05,33.4783,-90.5142,2870,34.240136,-91.063821,1,12,84,4608.270000000019,4151,52.11046013008914,159.22077526898966,993.0,9,402,33.251669,-91.378583,1
61166159.0,1115.54,3545109339866548,fraud_Hills-Witting,shopping_net,M,1999-03-05,33.4783,-90.5142,2870,33.559543,-90.727481,2,13,85,5421.979999999981,4152,52.29388969171484,159.63974405645172,632.0,6,348,34.240136,-91.063821,1
61166246.0,901.46,213180742685905,"fraud_Romaguera, Cruickshank and Greenholt",shopping_net,F,1951-01-15,40.507,-123.9743,1139,40.850867,-123.28486399999998,2,8,53,3488.7700000000186,2747,59.495467783036034,103.26917159607252,1818.0,9,207,41.302890000000005,-123.071834,1
61167749.0,1153.76,3591919803438423,"fraud_Altenwerth, Cartwright and Koss",shopping_net,M,1987-07-25,28.5697,-80.8191,54767,27.955886,-80.79095799999999,0,4,39,709.5299999999988,2066,56.1930348499516,150.65853470209325,67808.0,2,130,28.867185,-81.643027,1
61168543.0,988.31,3591919803438423,"fraud_Romaguera, Cruickshank and Greenholt",shopping_net,M,1987-07-25,28.5697,-80.8191,54767,28.460745000000003,-81.369518,1,4,40,1531.4100000000035,2067,56.72402999516207,152.5444537315106,794.0,3,131,27.955886,-80.79095799999999,1
61168923.0,775.14,3545109339866548,"fraud_Schuppe, Nolan and Hoeger",shopping_pos,M,1999-03-05,33.4783,-90.5142,2870,32.814743,-90.185711,2,13,85,6535.159999999974,4153,52.549908499879606,160.4709347988389,2764.0,6,403,33.559543,-90.727481,1
61169872.0,106.11,30092964733035,fraud_Connelly PLC,food_dining,F,1971-03-26,38.6207,-83.8067,14228,39.259032,-83.94770799999999,0,2,22,354.91999999999825,1375,83.10453090909091,114.55361879399928,4881.0,3,100,37.829721,-83.78246700000001,1
61170490.0,911.05,3591919803438423,"fraud_Altenwerth, Cartwright and Koss",shopping_net,M,1987-07-25,28.5697,-80.8191,54767,28.193086,-81.135456,2,5,41,2519.7199999999866,2068,57.17450676982592,153.87725770055843,1947.0,3,132,28.460745000000003,-81.369518,1
61171123.0,871.77,213180742685905,fraud_Boyer-Reichert,shopping_net,F,1951-01-15,40.507,-123.9743,1139,40.237194,-123.676706,0,9,53,4390.2300000000105,2748,59.8018595342067,104.49215543037798,4877.0,5,208,40.850867,-123.28486399999998,1
61171776.0,8.67,3591919803438423,fraud_Kling Inc,gas_transport,M,1987-07-25,28.5697,-80.8191,54767,29.290969,-79.947775,2,5,42,3375.4300000000076,2069,57.58720637989367,154.98114307528851,1286.0,8,223,28.193086,-81.135456,1
61171863.0,45.04,5388659976630693,"fraud_Christiansen, Goyette and Schamberger",gas_transport,M,1962-02-14,43.2064,-90.9405,153,43.634577,-90.40852,1,8,55,441.2800000000134,2080,62.43437980769231,105.1196573383044,2932.0,1,290,43.398606,-90.443373,0
61176173.0,287.65,3545109339866548,"fraud_Schultz, Simonis and Little",grocery_pos,M,1999-03-05,33.4783,-90.5142,2870,33.174693,-90.124627,0,11,85,7179.540000000008,4154,52.7238589311507,160.84282767474957,7250.0,3,213,32.814743,-90.185711,1
61183077.0,801.38,30092964733035,fraud_Pouros-Conroy,shopping_pos,F,1971-03-26,38.6207,-83.8067,14228,38.061033,-83.31994300000001,0,2,23,125.55000000000291,1376,83.12125,114.51363477769797,13205.0,6,168,39.259032,-83.94770799999999,1
61185267.0,1155.37,30092964733035,"fraud_Heathcote, Yost and Kertzmann",shopping_net,F,1971-03-26,38.6207,-83.8067,14228,38.362509,-82.961138,1,3,24,926.9300000000076,1377,83.64286129266522,116.09691795131957,2190.0,2,112,38.061033,-83.31994300000001,1
61191625.0,56.16,4003989662068504,"fraud_Olson, Becker and Koch",gas_transport,M,1989-02-08,33.3224,-86.9657,71463,33.639532,-85.976027,0,6,67,459.7699999999895,3436,66.29071885913854,253.72263772487514,6995.0,9,349,33.132696,-86.808689,0
61199715.0,305.98,3545109339866548,fraud_Rau and Sons,grocery_pos,M,1999-03-05,33.4783,-90.5142,2870,32.937603,-91.503984,0,7,86,4527.25,4155,52.78039951865223,160.86475762012992,23542.0,6,214,33.174693,-90.124627,1
61202828.0,299.2,213180742685905,"fraud_Kovacek, Dibbert and Ondricka",grocery_pos,F,1951-01-15,40.507,-123.9743,1139,39.927532,-124.069815,0,4,53,3883.459999999992,2749,60.09722808293925,105.6147106432131,31705.0,6,277,40.237194,-123.676706,1
61218077.0,8.22,6011542681743618,"fraud_Willms, Kris and Bergnaum",shopping_pos,F,1972-08-09,38.8089,-78.7776,863,38.966357,-78.511123,1,6,48,241.6600000000035,2779,54.53471032745592,103.80545272628889,1783.0,9,269,38.242449,-78.735337,0
61240364.0,17.51,3591919803438423,fraud_Gleason and Sons,kids_pets,M,1987-07-25,28.5697,-80.8191,54767,27.635211,-79.81970600000001,0,4,42,3061.790000000008,2070,57.563574879227055,154.94741569736917,68588.0,1,142,29.290969,-79.947775,1
61247933.0,1011.85,213180742685905,"fraud_Roob, Conn and Tremblay",shopping_pos,F,1951-01-15,40.507,-123.9743,1139,39.512842,-123.367496,0,5,50,4182.659999999974,2750,60.184174545454546,105.69389102063528,45105.0,2,205,39.927532,-124.069815,1
61251979.0,866.41,213180742685905,fraud_Kris-Padberg,shopping_pos,F,1951-01-15,40.507,-123.9743,1139,40.040928,-124.414258,0,4,50,3084.2799999999697,2751,60.53010905125409,107.22103521259638,4046.0,2,206,39.512842,-123.367496,1
61253116.0,824.1,213180742685905,"fraud_Bernier, Volkman and Hoeger",misc_net,F,1951-01-15,40.507,-123.9743,1139,39.9323,-124.521184,1,4,51,3049.2299999999814,2752,60.82294331395349,108.29663274693905,1137.0,5,169,40.040928,-124.414258,1
61255158.0,1015.53,3591919803438423,fraud_Zemlak Group,misc_net,M,1987-07-25,28.5697,-80.8191,54767,28.563715,-80.885251,0,3,42,937.2300000000105,2071,57.54423466924191,154.91248454936414,14794.0,0,93,27.635211,-79.81970600000001,1
61256315.0,878.28,3591919803438423,"fraud_Labadie, Treutel and Bode",shopping_net,M,1987-07-25,28.5697,-80.8191,54767,29.137931,-81.641363,1,4,43,1952.7600000000093,2072,58.00658301158301,156.29847542440734,1157.0,4,133,28.563715,-80.885251,1
61256539.0,337.77,213180742685905,"fraud_Osinski, Ledner and Leuschke",grocery_pos,F,1951-01-15,40.507,-123.9743,1139,40.629841,-124.076891,1,5,51,3873.329999999987,2753,61.10019614965492,109.24980414824337,3423.0,5,278,39.9323,-124.521184,1
61257127.0,1044.34,3591919803438423,fraud_Cormier LLC,shopping_net,M,1987-07-25,28.5697,-80.8191,54767,29.463944,-81.291653,2,4,44,1919.9899999999907,2073,58.40227689339122,157.29590087344715,812.0,5,134,29.137931,-81.641363,1
61263645.0,113.44,372246459334925,fraud_Miller-Hauck,grocery_pos,M,1970-03-13,44.3566,-103.6999,1979,43.392201,-103.514633,0,3,39,98.58999999999651,2089,62.96099090473912,112.49161336140459,43584.0,4,179,44.275319,-102.833604,0
61265564.0,10.97,4560395181594436016,fraud_Harber Inc,gas_transport,F,1972-10-18,39.047,-122.9328,11256,39.217949,-122.002342,0,3,47,412.10999999998603,2775,87.89727567567569,135.80941754326375,18824.0,1,101,39.189421,-122.181477,1
61268800.0,8.76,4560395181594436016,fraud_Gutmann-Upton,misc_pos,F,1972-10-18,39.047,-122.9328,11256,38.596368,-123.141124,1,4,48,423.0799999999872,2776,87.86956412103747,135.79279476483345,3236.0,1,170,39.217949,-122.002342,1
61286257.0,5.55,4259996134423,fraud_Kuphal-Bartoletti,misc_net,F,1968-11-22,38.1485,-98.6408,215,38.354489,-98.603594,0,1,17,34.13000000000466,1384,69.91635115606937,157.64266467877084,78955.0,3,95,37.797032,-98.628574,0
61316919.0,1.49,4364010865167176,fraud_Fisher Inc,shopping_net,M,1997-03-12,39.5483,-119.7957,276896,39.270502,-119.149676,0,7,90,218.72000000003027,4144,47.59122828185328,124.16800393059455,4794.0,11,374,39.664321,-119.95403600000002,0
61320659.0,8.96,4560395181594436016,"fraud_Schroeder, Wolff and Hermiston",travel,F,1972-10-18,39.047,-122.9328,11256,39.050171,-122.692423,0,3,44,210.05999999999767,2777,87.84107670147641,135.77663348398792,51859.0,1,74,38.596368,-123.141124,1
61326513.0,37.29,3576021480694169,fraud_Schmidt-Larkin,home,F,2004-12-30,39.1329,-95.7023,163415,39.077486,-95.480909,0,2,61,120.64000000001397,3471,51.04355805243445,130.78638762765445,22649.0,3,209,38.574608000000005,-96.567768,0
61343268.0,261.03,4560395181594436016,"fraud_Wuckert, Wintheiser and Friesen",home,F,1972-10-18,39.047,-122.9328,11256,39.873689,-122.26241,0,3,42,28.69000000000233,2778,87.81268178545716,135.7604340634024,22609.0,1,246,39.050171,-122.692423,1
61344612.0,829.36,3596217206093829,fraud_Botsford Ltd,shopping_pos,F,1988-03-25,40.8626,-91.9534,888,40.865108,-92.348375,0,10,65,1133.820000000007,4135,57.71006287787183,122.07892670253801,4707.0,9,381,40.905414,-92.788796,1
61347719.0,320.83,3596357274378601,fraud_Bogisich Inc,grocery_pos,M,1973-05-27,41.0001,-78.2357,3688,40.494765,-78.393146,0,9,42,355.53000000002794,2786,57.73246231155779,158.8269745400543,7256.0,3,274,40.412882,-77.53164699999999,1
61347945.0,334.12,3596217206093829,fraud_Schamberger-O'Keefe,grocery_pos,F,1988-03-25,40.8626,-91.9534,888,41.330365,-92.552851,1,10,66,1914.7700000000186,4136,57.89663201160541,122.6524611656204,3333.0,5,397,40.865108,-92.348375,1
61350699.0,890.64,4560395181594436016,fraud_Huel-Langworth,misc_net,F,1972-10-18,39.047,-122.9328,11256,39.91141,-122.528368,0,4,42,289.71999999997206,2779,87.87501259445844,135.77576234756907,7431.0,2,135,39.873689,-122.26241,1
61351843.0,343.37,4560395181594436016,fraud_Kiehn Inc,grocery_pos,F,1972-10-18,39.047,-122.9328,11256,38.729526,-122.571755,1,5,43,1180.3600000000151,2780,88.16377697841727,136.60246658165985,1144.0,3,267,39.91141,-122.528368,1
61351857.0,344.81,3596217206093829,fraud_Bailey-Morar,grocery_pos,F,1988-03-25,40.8626,-91.9534,888,41.161857,-91.852154,0,11,67,2248.890000000014,4137,57.96340101522843,122.71280352374635,3912.0,7,398,41.330365,-92.552851,1
61352060.0,101.04,4560395181594436016,fraud_Stiedemann Ltd,food_dining,F,1972-10-18,39.047,-122.9328,11256,38.674714,-123.544141,2,5,44,1512.7599999999802,2781,88.25554476806904,136.6636062484874,217.0,4,201,38.729526,-122.571755,1
61352933.0,720.83,3596217206093829,"fraud_Baumbach, Strosin and Nicolas",shopping_pos,F,1988-03-25,40.8626,-91.9534,888,41.417984,-92.240716,1,12,68,2593.7000000000407,4138,58.032721121314644,122.77897395417733,1076.0,7,382,41.161857,-91.852154,1
61355286.0,1103.29,3596217206093829,fraud_Stoltenberg-Beatty,shopping_pos,F,1988-03-25,40.8626,-91.9534,888,40.863403000000005,-92.201559,2,13,69,3314.529999999999,4139,58.192855762261416,123.19565846012239,2353.0,9,383,41.417984,-92.240716,1
61356353.0,320.93,2297447006766555,fraud_Conroy Ltd,shopping_pos,F,1960-01-13,39.9972,-88.6962,478,39.403865,-88.27078,0,6,48,196.93000000002212,2785,63.40007540394973,121.99804292800353,5273.0,4,211,40.529292,-88.19318100000001,0
61357701.0,745.88,3596217206093829,fraud_Gutmann-Upton,misc_pos,F,1988-03-25,40.8626,-91.9534,888,40.094289,-91.461019,1,14,69,4417.820000000007,4140,58.44529468599033,124.24703856766219,2415.0,5,244,40.863403000000005,-92.201559,1
61357917.0,8.33,4560395181594436016,"fraud_Yost, Block and Koepp",misc_pos,F,1972-10-18,39.047,-122.9328,11256,38.10709,-121.933423,0,5,45,1605.0400000000081,2782,88.26014018691588,136.63924807449598,5857.0,2,171,38.674714,-123.544141,1
61357925.0,770.65,4560395181594436016,"fraud_Bahringer, Schoen and Corkery",shopping_pos,F,1972-10-18,39.047,-122.9328,11256,39.721476,-122.611438,1,6,46,1613.3699999999953,2783,88.2314193316565,136.62308983090597,8.0,7,348,38.10709,-121.933423,1
61362987.0,392.0,3596217206093829,fraud_Stracke-Lemke,grocery_pos,F,1988-03-25,40.8626,-91.9534,888,40.74246,-92.531863,0,15,70,5163.700000000012,4141,58.611301617966674,124.69048358374772,5286.0,9,399,40.094289,-91.461019,1
61389384.0,7.88,4560395181594436016,fraud_Kris-Kertzmann,travel,F,1972-10-18,39.047,-122.9328,11256,39.139593,-122.688798,0,7,44,2384.0199999999895,2784,88.47654094827587,137.20946438668025,31459.0,0,75,39.721476,-122.611438,1
61390998.0,145.17,4119762878330989,fraud_Schoen Ltd,kids_pets,F,1945-08-19,40.7152,-89.2706,6713,41.525398,-90.074212,0,2,29,79.99000000001979,2072,64.56242277992278,110.39764679723388,15751.0,2,193,41.713781,-88.57274,0
61392763.0,216.01,3596217206093829,"fraud_Crist, Jakubowski and Littel",home,F,1988-03-25,40.8626,-91.9534,888,40.517061,-92.793208,0,15,68,5433.9100000000035,4142,58.6917914051183,124.78299764590967,29776.0,7,381,40.74246,-92.531863,1
61399438.0,878.46,3596357274378601,fraud_Hills-Witting,shopping_net,M,1973-05-27,41.0001,-78.2357,3688,40.692369,-78.214276,0,5,41,374.7299999999814,2787,57.82686401148188,158.87665069175284,51719.0,2,186,40.494765,-78.393146,1
61424669.0,21.84,3596217206093829,"fraud_Mante, Luettgen and Hackett",health_fitness,F,1988-03-25,40.8626,-91.9534,888,40.164139,-91.44729,0,9,63,4693.560000000027,4143,58.729763456432536,124.79187053126684,31906.0,6,218,40.517061,-92.793208,1
61424956.0,18.46,4560395181594436016,"fraud_Conroy, Balistreri and Gorczany",health_fitness,F,1972-10-18,39.047,-122.9328,11256,39.868656,-123.337295,0,7,42,2382.9400000000023,2785,88.4476014362657,137.193320435764,35572.0,0,179,39.139593,-122.688798,1
61425517.0,8.88,3591919803438423,"fraud_Wintheiser, Dietrich and Schimmel",misc_pos,M,1987-07-25,28.5697,-80.8191,54767,28.794734,-81.526841,0,5,42,237.99999999998545,2084,58.89416986564299,158.3885045358839,7197.0,3,130,29.227311,-81.516258,0
61427142.0,17.35,4560395181594436016,fraud_Ratke and Sons,health_fitness,F,1972-10-18,39.047,-122.9328,11256,38.552146,-122.519483,1,8,43,2401.399999999994,2786,88.42248025843503,137.17509610822995,2186.0,4,180,39.868656,-123.337295,1
61427973.0,19.45,4560395181594436016,fraud_Thompson-Gleason,health_fitness,F,1972-10-18,39.047,-122.9328,11256,39.25188,-122.490946,2,9,43,2418.749999999971,2787,88.39697883028346,137.15708261609905,831.0,6,181,38.552146,-122.519483,1
61429463.0,1123.99,3596357274378601,fraud_Kerluke-Abshire,shopping_net,M,1973-05-27,41.0001,-78.2357,3688,40.671072,-78.694978,0,2,41,1199.2900000000081,2788,58.1212087517934,159.60664837982836,30025.0,7,187,40.692369,-78.214276,1
61431465.0,6.62,4607072969078276,fraud_Kuvalis Ltd,gas_transport,F,1985-03-21,35.8985,-97.2607,1493,35.36238,-96.727226,1,5,45,256.9800000000105,2101,53.872432175154685,175.86176390626974,3309.0,6,269,35.563156,-96.800751,1
61431701.0,9.02,3596357274378601,fraud_Parisian and Sons,gas_transport,M,1973-05-27,41.0001,-78.2357,3688,40.872756,-78.418138,1,3,42,2323.279999999999,2789,58.5033775546791,160.8492676079775,2238.0,7,260,40.671072,-78.694978,1
61432088.0,381.5,3596217206093829,fraud_Rau and Sons,grocery_pos,F,1988-03-25,40.8626,-91.9534,888,40.645431,-92.476175,0,8,63,3878.779999999999,4144,58.720861486486484,124.7781249627959,7419.0,8,400,40.164139,-91.44729,1
61432103.0,282.58,3596357274378601,fraud_Doyle Ltd,grocery_pos,M,1973-05-27,41.0001,-78.2357,3688,41.341283,-78.148225,2,4,43,2332.2999999999884,2790,58.48564157706093,160.8231572515439,402.0,8,275,40.872756,-78.418138,1
61432878.0,851.46,4607072969078276,fraud_Stoltenberg-Beatty,shopping_pos,F,1985-03-21,35.8985,-97.2607,1493,35.608164,-97.960048,1,6,46,263.59999999999127,2102,53.8499524262607,175.82292774952768,1413.0,2,212,35.36238,-96.727226,1
61433127.0,372.65,4607072969078276,"fraud_Schumm, Bauch and Ondricka",grocery_pos,F,1985-03-21,35.8985,-97.2607,1493,36.350925,-98.064198,2,7,47,1115.0600000000122,2103,54.22922491678554,176.6394821880637,249.0,3,195,35.608164,-97.960048,1
61433353.0,716.96,3596217206093829,"fraud_Haley, Jewess and Bechtelar",shopping_pos,F,1988-03-25,40.8626,-91.9534,888,41.088842,-92.742432,1,9,64,4260.279999999999,4145,58.798733413751506,124.86376081427301,1265.0,5,384,40.645431,-92.476175,1
61435356.0,318.88,3596357274378601,fraud_Pacocha-O'Reilly,grocery_pos,M,1973-05-27,41.0001,-78.2357,3688,40.474432,-77.93672099999999,1,4,44,2294.0499999999884,2791,58.565933357219635,160.85027373589293,3253.0,7,276,41.341283,-78.148225,1
61437430.0,956.58,4607072969078276,fraud_Fisher-Schowalter,shopping_net,F,1985-03-21,35.8985,-97.2607,1493,36.419555,-98.121448,0,8,48,1487.7099999999919,2104,54.38056558935361,176.73386776972293,4303.0,7,162,36.350925,-98.064198,1
61442331.0,717.14,3596217206093829,fraud_Bruen-Yost,misc_pos,F,1988-03-25,40.8626,-91.9534,888,40.368314,-92.514904,0,6,65,2474.1900000000023,4146,58.95747949831163,125.26642766294425,8978.0,7,245,41.088842,-92.742432,1
61459681.0,22.42,4469777115158234880,"fraud_Herman, Treutel and Dickens",misc_net,M,1980-11-22,42.728,-71.181,47249,41.764415,-70.237176,0,9,46,376.4800000000105,2781,55.71729953254225,121.36874730913351,19963.0,4,150,42.659842,-70.229454,0
61475118.0,234.54,3596217206093829,fraud_Kutch-Ferry,home,F,1988-03-25,40.8626,-91.9534,888,40.438814,-91.177613,0,5,65,2053.4499999999825,4147,59.11619242826139,125.66763784095502,32787.0,5,382,40.368314,-92.514904,1
61482697.0,236.42,4607072969078276,"fraud_O'Reilly, Mohr and Purdy",home,F,1985-03-21,35.8985,-97.2607,1493,35.306471,-97.40572,0,8,49,2441.040000000008,2105,54.80916389548693,177.7827204776698,45267.0,3,191,36.419555,-98.121448,1
61496449.0,76.75,213178765398315,fraud_Streich Ltd,home,M,1993-09-11,43.0351,-108.2024,19408,42.858663,-107.832578,0,10,50,477.54999999998836,2792,61.70676934097421,173.71983013739822,3934.0,4,293,43.053344,-107.666195,0
61499617.0,21.71,4607072969078276,"fraud_Kihn, Brakus and Goyette",personal_care,F,1985-03-21,35.8985,-97.2607,1493,36.260217,-97.095572,0,8,48,2675.729999999996,2106,54.895398860398856,177.7845377055623,16920.0,3,156,35.306471,-97.40572,1
61500294.0,36.7,3565996340207976,fraud_Kuphal-Toy,food_dining,M,1973-01-21,31.8092,-106.4247,749635,30.862979,-106.528303,0,1,10,6.769999999996799,710,65.13614084507043,143.39476655988645,45740.0,2,59,31.660818,-107.355642,0
61503699.0,146.09,4607072969078276,fraud_Conroy-Emard,food_dining,F,1985-03-21,35.8985,-97.2607,1493,35.165522,-96.619586,0,8,49,2676.4100000000035,2107,54.87964878974846,177.74379394246589,4082.0,4,140,36.260217,-97.095572,1
61510758.0,230.99,4607072969078276,fraud_Skiles LLC,home,F,1985-03-21,35.8985,-97.2607,1493,36.568076,-97.975869,0,8,50,2682.25,2108,54.9229174573055,177.71271366713117,7059.0,4,192,35.165522,-96.619586,1
61511635.0,100.33,344709867813900,fraud_Goyette-Gerhold,kids_pets,F,1986-01-30,27.4703,-81.4872,50835,26.600204,-81.914381,1,10,85,2199.619999999937,4193,89.47749821130456,124.71671242547858,2077.0,6,348,26.572746,-80.958088,0
61511701.0,768.45,3596357274378601,fraud_Jast Ltd,shopping_net,M,1973-05-27,41.0001,-78.2357,3688,41.534011,-78.56051,0,4,42,1734.469999999972,2792,58.65916905444126,160.89689567614434,76345.0,3,188,40.474432,-77.93672099999999,1
61514295.0,20.2,3596217206093829,"fraud_Roberts, Ryan and Smith",personal_care,F,1988-03-25,40.8626,-91.9534,888,39.945376,-91.126089,0,4,62,2050.139999999985,4148,59.158483606557375,125.68200324780574,39177.0,6,306,40.438814,-91.177613,1
61515556.0,552.04,4607072969078276,fraud_Dare-Marvin,entertainment,F,1985-03-21,35.8985,-97.2607,1493,35.420831,-98.207166,0,8,51,2822.5199999999895,2109,55.006401137980085,177.71191700163212,4798.0,3,120,36.568076,-97.975869,1
61516316.0,214.51,4607072969078276,fraud_Gaylord-Powlowski,home,F,1985-03-21,35.8985,-97.2607,1493,36.509993,-98.234417,1,9,52,3374.5599999999977,2110,55.24196208530806,177.99896770825615,760.0,3,193,35.420831,-98.207166,1
61519376.0,320.05,4423489490781412,fraud_Kutch and Sons,grocery_pos,M,1957-03-06,41.6858,-90.3706,1426,41.423061,-89.880625,0,7,43,184.27999999999884,2076,55.91215799614643,75.91756020218018,6023.0,5,201,41.259685,-90.776643,1
61525016.0,832.81,4607072969078276,"fraud_Reichert, Shanahan and Hayes",shopping_net,F,1985-03-21,35.8985,-97.2607,1493,36.209032,-97.251376,0,6,53,1401.7599999999948,2111,55.31740881099005,177.9905413711508,8700.0,2,163,36.509993,-98.234417,1
61525652.0,42.42,4390966588600992777,fraud_Rodriguez Group,gas_transport,M,1966-06-24,35.6174,-97.5583,640470,36.377946,-97.68416,1,1,24,70.39000000001397,1411,70.53095676824947,125.13444619846288,893.0,2,141,35.088615000000004,-98.218747,0
61538851.0,146.54,213174467670432,fraud_Vandervort-Funk,grocery_pos,M,1969-01-14,39.4015,-75.8654,663,39.359492,-75.840213,1,7,45,502.5899999999965,2088,62.74066570881226,101.70151315371365,3426.0,10,201,38.830954,-76.188994,0
61546083.0,96.99,4129767952109660,fraud_Vandervort-Funk,grocery_pos,F,1972-06-14,47.3551,-96.798,771,46.574543,-96.395984,0,3,22,25.589999999996508,1392,62.31247844827586,204.97263757588772,35785.0,2,141,46.717683,-96.757913,0
61560929.0,71.58,3567879740649740,fraud_Hammes-Beatty,kids_pets,F,1958-08-14,44.0577,-76.0196,1271,43.553762,-75.722224,0,5,39,412.5100000000093,2785,62.88051705565529,124.28734829417243,10653.0,9,226,43.94423,-76.144426,0
61562894.0,45.47,501802953619,fraud_Klein Group,entertainment,M,1958-09-20,41.5403,-122.9366,308,41.634308,-122.108263,1,8,43,490.3299999999872,2097,64.84602288984263,174.72024437342077,1894.0,4,157,41.260112,-123.09351200000002,0
61574106.0,985.83,4423489490781412,fraud_Medhurst PLC,shopping_net,M,1957-03-06,41.6858,-90.3706,1426,42.471876,-89.696683,0,7,39,458.59999999999127,2077,56.039330765527204,76.12023940513627,54730.0,3,151,41.423061,-89.880625,1
61581512.0,7.56,6011652924285713,fraud_Kemmer-Buckridge,misc_pos,F,1988-10-26,38.2911,-92.7059,1847,38.149955,-92.238519,2,8,81,486.03000000002794,4187,56.657007403869116,163.8328735991763,1533.0,3,249,37.970861,-92.417891,0
61592627.0,4.52,376445266762684,fraud_Hackett Group,travel,F,1982-02-11,41.1558,-101.136,1789,40.768434,-101.925962,0,4,67,16.869999999995343,4182,56.25325920612148,117.78392036399185,17420.0,1,104,40.976424,-101.427604,0
61595388.0,5.32,38052002992326,"fraud_Okuneva, Schneider and Rau",shopping_pos,F,1995-09-11,30.33,-95.0202,34153,31.049024,-95.51704,1,16,68,797.6799999999639,3505,46.92182025677604,108.16902501666354,1881.0,8,373,29.366269,-94.386706,0
61596563.0,949.49,377550167323848,fraud_Jacobi and Sons,shopping_pos,M,1958-09-02,44.0948,-70.23899999999999,23045,44.947379,-70.018025,0,0,20,0.0,1396,75.5441977077364,250.6890611170113,109401.0,2,136,44.883534,-70.300384,1
61597533.0,21.89,377550167323848,fraud_Schimmel-Olson,kids_pets,M,1958-09-02,44.0948,-70.23899999999999,23045,44.122173,-69.422064,1,1,21,949.4900000000052,1397,76.16978525411595,251.68773720962588,970.0,3,150,44.947379,-70.018025,1
61598643.0,19.34,4607072969078276,"fraud_Dare, Casper and Bartoletti",kids_pets,F,1985-03-21,35.8985,-97.2607,1493,35.330601,-97.054923,0,3,48,1599.3600000000006,2112,55.685539772727275,178.75078883049636,73627.0,4,188,36.209032,-97.251376,1
61599364.0,823.31,377550167323848,fraud_Klocko LLC,misc_net,M,1958-09-02,44.0948,-70.23899999999999,23045,43.377701,-69.283263,2,2,22,971.3800000000047,1398,76.13095851216023,251.601827788266,1831.0,1,48,44.122173,-69.422064,1
61600440.0,746.79,377550167323848,fraud_Zemlak Group,misc_net,M,1958-09-02,44.0948,-70.23899999999999,23045,44.876462,-71.02125799999999,2,3,23,1794.6900000000023,1399,76.66503931379557,252.3038887310165,1076.0,1,49,43.377701,-69.283263,1
61602476.0,19.86,4607072969078276,fraud_Adams-Barrows,health_fitness,F,1985-03-21,35.8985,-97.2607,1493,35.953568,-97.58238,0,3,49,1066.659999999989,2113,55.66833885470894,178.7102150687509,3833.0,4,118,35.330601,-97.054923,1
61603141.0,40.04,4124536010991657,"fraud_Crist, Jakubowski and Littel",home,F,1954-07-21,30.5012,-87.8835,27829,30.761247,-87.346425,0,0,9,0.0,703,78.58418207681365,170.06093158127646,186772.0,3,81,29.864136,-87.19914,0
61608224.0,304.93,6011492816282597,fraud_Koepp-Witting,grocery_pos,M,1986-06-11,33.3398,-92.7442,2501,32.769656,-93.415834,0,3,30,151.94000000000233,2094,55.351929321872014,116.37470924739382,10047.0,3,209,33.108671,-92.928024,1
61610317.0,20.22,4423489490781412,fraud_Prohaska-Murray,gas_transport,M,1957-03-06,41.6858,-90.3706,1426,41.64844,-90.637185,0,1,36,985.8300000000017,2078,56.486775745909526,78.78788786630261,36211.0,6,271,42.471876,-89.696683,1
61612678.0,41.6,3565423334076143,fraud_Barrows PLC,shopping_pos,M,1938-03-15,38.9763,-87.3667,4081,38.471107,-88.30510500000001,0,4,25,224.04999999998836,1402,68.35062767475034,152.32196176054444,6555.0,3,138,39.79781,-86.75234499999999,0
61614166.0,273.42,6011492816282597,fraud_Kunze Inc,grocery_pos,M,1986-06-11,33.3398,-92.7442,2501,33.783599,-93.359635,0,4,31,456.86999999999534,2095,55.471059665871124,116.47462261250587,5942.0,4,210,32.769656,-93.415834,1
61614528.0,9.43,6011492816282597,"fraud_Robel, Cummerata and Prosacco",gas_transport,M,1986-06-11,33.3398,-92.7442,2501,32.988521,-93.042421,1,5,32,730.2900000000081,2096,55.5750429389313,116.54409113310342,362.0,5,201,33.783599,-93.359635,1
61615258.0,18.9,4423489490781412,fraud_Friesen-Stamm,gas_transport,M,1957-03-06,41.6858,-90.3706,1426,41.068658,-90.696409,0,2,36,1006.0500000000029,2079,56.46933140933141,78.77294371719461,4941.0,7,272,41.64844,-90.637185,1
61631810.0,46.51,213199865312311,"fraud_Kutch, Hermiston and Farrell",gas_transport,M,1944-05-14,34.9298,-84.9885,74,34.091753999999995,-84.351937,0,10,43,484.7200000000157,2112,62.02826704545455,96.50110001620675,8870.0,6,288,33.948807,-84.008826,0
61637172.0,45.25,4488258847705225890,"fraud_Feil, Hilpert and Koss",food_dining,F,1929-08-23,33.9568,-81.1405,52126,34.242909000000004,-80.543355,1,5,36,462.54000000000815,2088,68.34233237547892,148.45297881901936,1059.0,7,189,33.266399,-81.772534,0
61648144.0,938.8,377550167323848,"fraud_Herman, Treutel and Dickens",misc_net,M,1958-09-02,44.0948,-70.23899999999999,23045,44.235248,-70.460132,0,4,21,2541.479999999996,1400,77.1437,252.84879429217457,47704.0,1,50,44.876462,-71.02125799999999,1
61676109.0,97.78,567868110212,fraud_Hoppe-Parisian,kids_pets,F,1984-12-16,29.7736,-95.4034,2906700,30.622204,-95.644328,0,14,67,1624.149999999965,3481,83.29901177822465,117.78663957786607,3634.0,6,303,29.295905,-95.84384,0
61677422.0,3.07,213153151785052,fraud_Lynch-Mohr,travel,F,1997-11-23,45.4963,-89.7273,9594,44.659762,-90.070542,2,9,45,388.0299999999843,2103,46.684545886828346,97.06174219621386,260.0,1,67,46.341789,-90.525205,0
61682450.0,282.22,377550167323848,fraud_Botsford PLC,home,M,1958-09-02,44.0948,-70.23899999999999,23045,44.841518,-70.023187,0,5,22,3480.279999999999,1401,77.75872947894362,253.80463100516965,34306.0,1,126,44.235248,-70.460132,1
61682610.0,777.27,377550167323848,fraud_Kuhn LLC,misc_net,M,1958-09-02,44.0948,-70.23899999999999,23045,43.428598,-69.752895,1,6,23,3762.5,1402,77.90456490727533,253.77279063271072,160.0,1,51,44.841518,-70.023187,1
61683924.0,916.68,4423489490781412,fraud_Beier-Hyatt,shopping_pos,M,1957-03-06,41.6858,-90.3706,1426,42.620528,-90.773483,0,2,29,39.11999999999534,2080,56.45126923076923,78.75830465979847,68666.0,2,142,41.068658,-90.696409,1
61685385.0,991.1,6011492816282597,fraud_Goyette Inc,shopping_net,M,1986-06-11,33.3398,-92.7442,2501,33.359804,-92.974237,0,3,28,587.7799999999988,2097,55.553037672866,116.52064366280541,70857.0,2,147,32.988521,-93.042421,1
61685388.0,991.22,6011492816282597,"fraud_Greenholt, O'Hara and Balistreri",shopping_net,M,1986-06-11,33.3398,-92.7442,2501,33.846656,-93.72454,1,4,29,1578.87999999999,2098,55.9989609151573,118.26989480922609,3.0,2,148,33.359804,-92.974237,1
61685754.0,2.37,3504178999463051,"fraud_Schuppe, Nolan and Hoeger",shopping_pos,M,1992-07-23,40.7641,-84.0973,86954,39.887134,-84.699872,1,14,51,1630.7100000000064,2092,59.98959847036329,129.71789811536993,1762.0,4,193,40.778023,-83.499271,0
61690388.0,725.33,6011492816282597,fraud_Volkman Ltd,misc_net,M,1986-06-11,33.3398,-92.7442,2501,32.843962,-91.853305,0,5,30,2570.0999999999913,2099,56.44451643639829,119.99080683165135,5000.0,3,126,33.846656,-93.72454,1
61692652.0,6.67,180040027502291,fraud_Friesen-D'Amore,gas_transport,F,1957-12-29,40.7699,-73.9511,1577385,40.039461,-73.150942,0,0,8,0.0,706,59.107620396600566,87.57512847480785,114784.0,0,70,40.392322,-73.09218100000001,1
61701871.0,9.65,6011492816282597,fraud_Conroy-Cruickshank,gas_transport,M,1986-06-11,33.3398,-92.7442,2501,33.094837,-92.89414,0,3,31,2707.6500000000087,2100,56.76303333333333,120.84695153014587,11483.0,5,202,32.843962,-91.853305,1
61706381.0,308.23,180040027502291,fraud_Miller-Hauck,grocery_pos,F,1957-12-29,40.7699,-73.9511,1577385,41.763902,-74.740054,0,1,9,6.669999999990978,707,59.03345120226308,87.5353026281548,13729.0,2,57,40.039461,-73.150942,1
61708999.0,70.72,346208242862904,fraud_Kuhn Group,food_dining,F,1961-05-13,40.7105,-74.0163,1577385,40.343631,-74.715234,0,5,16,344.34999999999854,710,78.91476056338028,197.66512448785733,17327.0,0,50,40.15674,-74.985654,0
61748335.0,328.18,180040027502291,fraud_Rau and Sons,grocery_pos,F,1957-12-29,40.7699,-73.9511,1577385,40.59868,-73.301794,0,2,8,314.8999999999942,708,59.385423728813564,87.97330047879748,41954.0,2,58,41.763902,-74.740054,1
61754662.0,62.56,676118385837,fraud_Beer-Jast,kids_pets,F,1937-02-06,44.9897,-122.6187,1252,45.350692,-123.274542,0,5,33,54.86000000000058,1405,65.89555160142349,101.62977621544886,20755.0,3,143,45.4578,-123.514606,0
61755158.0,5.46,375974680629816,"fraud_Okuneva, Schneider and Rau",shopping_pos,F,1973-04-06,41.6611,-73.0449,2376,41.164853,-73.319408,0,6,53,240.95000000004075,2813,60.08968005687878,146.8178101724162,12029.0,0,237,41.174303,-72.590633,0
61767457.0,1065.89,6011492816282597,fraud_Schumm PLC,shopping_net,M,1986-06-11,33.3398,-92.7442,2501,32.83108,-93.199649,0,4,29,2717.300000000003,2101,56.74060923369824,120.82254707868493,65586.0,10,149,33.094837,-92.89414,1
61769598.0,6.34,371034293500716,fraud_Bednar Inc,travel,M,1966-02-21,40.0235,-120.7986,128,39.916932,-121.097933,0,3,25,184.8700000000099,1417,66.02724770642202,171.69145637737628,50783.0,1,58,39.654831,-120.058155,0
61770164.0,982.07,180040027502291,fraud_Cormier LLC,shopping_net,F,1957-12-29,40.7699,-73.9511,1577385,40.590142,-74.666428,0,3,7,643.0799999999945,709,59.76454160789845,88.48884229016187,21829.0,2,50,40.59868,-73.301794,1
61770187.0,22.18,6011492816282597,fraud_Lubowitz-Walter,kids_pets,M,1986-06-11,33.3398,-92.7442,2501,34.300665,-92.419792,1,5,30,3783.1900000000023,2102,57.220699333967644,122.7828259693066,2730.0,1,156,32.83108,-93.199649,1
61770350.0,898.36,180040027502291,"fraud_Stanton, Jakubowski and Baumbach",shopping_net,F,1957-12-29,40.7699,-73.9511,1577385,41.598438,-72.982478,1,4,8,1625.1499999999942,710,61.06356338028169,94.9596017755543,186.0,1,51,40.590142,-74.666428,1
61772740.0,856.86,180040027502291,fraud_Ankunding LLC,shopping_net,F,1957-12-29,40.7699,-73.9511,1577385,40.408171,-74.586272,2,5,9,2523.5099999999948,711,62.241195499296765,99.95325250916208,2390.0,1,52,41.598438,-72.982478,1
61772882.0,717.16,6011492816282597,"fraud_Okuneva, Schneider and Rau",shopping_pos,M,1986-06-11,33.3398,-92.7442,2501,34.228731,-93.199492,1,4,31,1823.050000000003,2103,57.20403708987161,122.75599444597064,2695.0,2,180,34.300665,-92.419792,1
61773797.0,7.73,3576021480694169,"fraud_Nienow, Ankunding and Collier",misc_pos,F,2004-12-30,39.1329,-95.7023,163415,38.638405,-95.163439,1,9,62,206.2599999999511,3525,50.81975319148936,129.87777367183176,3023.0,5,251,39.291848,-95.41415,0
61774788.0,844.77,180040027502291,fraud_Fisher Inc,shopping_net,F,1957-12-29,40.7699,-73.9511,1577385,41.741763,-74.818218,1,6,10,3380.3700000000026,712,63.357233146067415,104.22775847593982,2048.0,1,53,40.408171,-74.586272,1
61775659.0,1038.53,180040027502291,fraud_Mayert Group,shopping_pos,F,1957-12-29,40.7699,-73.9511,1577385,40.054711,-73.878917,2,7,11,4225.139999999999,713,64.45318373071528,108.18760462884438,871.0,1,68,41.741763,-74.818218,1
61779654.0,273.2,2714019737356678,fraud_Kuhic Inc,grocery_pos,F,1995-08-30,39.9914,-80.4408,724,39.923508,-79.920082,0,2,11,11.830000000001746,700,71.5164,67.35024468071529,9807.0,0,24,40.114427,-80.962292,1
61781725.0,309.95,180040027502291,fraud_Strosin-Cruickshank,grocery_pos,F,1957-12-29,40.7699,-73.9511,1577385,40.577674,-74.907917,0,7,12,5257.000000000007,714,65.81743697478991,114.09219658817028,6066.0,1,59,40.054711,-73.878917,1
61783372.0,291.1,2714019737356678,fraud_Hackett-Lueilwitz,grocery_pos,F,1995-08-30,39.9914,-80.4408,724,39.835289,-81.103024,0,3,12,285.02999999999884,701,71.80410841654778,67.73183482325999,3718.0,0,25,39.923508,-79.920082,1
61818568.0,154.78,5559857416065248,fraud_Strosin-Cruickshank,grocery_pos,M,1945-12-21,41.6125,-122.5258,589,41.849582,-122.581233,1,8,28,448.9300000000221,2118,69.83862134088763,268.199128717392,2096.0,6,190,41.430587,-122.778106,0
61822959.0,81.99,4277232699798846,fraud_Berge-Ullrich,home,F,1955-11-10,46.1664,-103.7079,475,47.109363,-104.065148,0,5,32,215.95999999999185,2109,61.19366050260787,93.04718041090653,42385.0,5,187,46.914417,-103.823823,0
61826814.0,9.33,213125815021702,fraud_Gibson-Deckow,entertainment,M,1931-09-12,42.074,-74.453,397,41.350094,-74.88505500000001,0,7,43,252.5899999999965,2109,60.71043148411569,97.8569164335559,22163.0,4,179,41.175761,-75.196303,0
61854556.0,16.01,180064817343047,fraud_Frami Group,entertainment,F,1967-03-30,37.9048,-86.524,344,37.245436,-86.753008,0,5,38,150.38999999998487,2107,65.7022401518747,195.43742662048936,14651.0,2,149,37.005712,-86.002564,0
61857051.0,899.98,639046421587,"fraud_Heathcote, Yost and Kertzmann",shopping_net,M,1986-06-20,40.5662,-80.2099,1140,40.561211,-79.681402,0,1,27,74.36000000001513,1404,92.37668803418804,82.83810053608906,83751.0,3,115,40.692989,-80.239801,1
61857071.0,821.87,180040027502291,"fraud_Rippin, Kub and Mann",misc_net,F,1957-12-29,40.7699,-73.9511,1577385,41.315805,-73.064565,0,4,13,3050.1100000000006,715,66.15888111888113,114.37725220880237,75346.0,0,25,40.577674,-74.907917,1
61857101.0,5.3,4761403817546679245,fraud_Kovacek Ltd,travel,F,1986-05-02,36.3924,-91.9932,1679,36.143451,-92.50958,0,4,39,213.75,2125,55.746150588235295,100.49613599047906,19684.0,1,49,36.632081,-92.734532,0
61857135.0,9.27,2714019737356678,fraud_Mosciski Group,travel,F,1995-08-30,39.9914,-80.4408,724,39.653302,-79.81647199999999,0,2,13,564.3000000000029,702,72.11649572649573,68.18769929335357,73763.0,0,21,39.835289,-81.103024,1
61857738.0,949.82,2714019737356678,"fraud_Ruecker, Beer and Collier",shopping_net,F,1995-08-30,39.9914,-80.4408,724,40.889993,-80.089213,1,3,14,573.5699999999997,703,72.02709815078235,68.18032964947763,603.0,0,39,39.653302,-79.81647199999999,1
61858023.0,848.91,180040027502291,"fraud_Rippin, Kub and Mann",misc_net,F,1957-12-29,40.7699,-73.9511,1577385,40.073253,-74.063548,1,5,14,3871.979999999996,716,67.214343575419,117.73480290624646,952.0,1,26,41.315805,-73.064565,1
61860156.0,958.42,639046421587,fraud_Gerlach Inc,shopping_net,M,1986-06-20,40.5662,-80.2099,1140,40.371957,-80.52050799999999,1,1,28,899.9799999999814,1405,92.95149466192171,85.5656418479895,3105.0,1,116,40.561211,-79.681402,1
61860310.0,806.56,180040027502291,fraud_Koelpin and Sons,misc_net,F,1957-12-29,40.7699,-73.9511,1577385,41.228507,-73.558441,2,5,15,3864.029999999999,717,68.30457461645746,121.2202667477037,2287.0,1,27,40.073253,-74.063548,1
61861769.0,1158.64,639046421587,fraud_Terry-Huel,shopping_net,M,1986-06-20,40.5662,-80.2099,1140,40.843626,-80.706604,1,2,29,1858.3999999999796,1406,93.56704836415364,88.59464086702073,1613.0,0,117,40.371957,-80.52050799999999,1
61862372.0,1056.99,2714019737356678,"fraud_Zboncak, Rowe and Murazik",shopping_net,F,1995-08-30,39.9914,-80.4408,724,39.874947,-79.92155699999999,0,4,15,1523.3899999999994,704,73.27396306818181,75.73925051157777,4634.0,3,40,40.889993,-80.089213,1
61865538.0,15.41,2714019737356678,"fraud_Schaefer, McGlynn and Bosco",gas_transport,F,1995-08-30,39.9914,-80.4408,724,39.437397,-81.073268,1,5,16,2580.37999999999,705,74.66930496453901,84.26687323413802,3166.0,3,93,39.874947,-79.92155699999999,1
61871851.0,7.05,639046421587,"fraud_Jenkins, Hauck and Friesen",gas_transport,M,1986-06-20,40.5662,-80.2099,1140,39.90995,-79.489081,0,3,30,3017.0399999999936,1407,94.32402985074629,93.00359340191697,10082.0,2,56,40.843626,-80.706604,1
61871965.0,7.76,639046421587,"fraud_Ferry, Reichel and DuBuque",grocery_net,M,1986-06-20,40.5662,-80.2099,1140,41.057813,-79.664898,1,4,31,3024.089999999982,1408,94.26204545454544,92.9996258978234,114.0,4,49,39.90995,-79.489081,1
61889889.0,20.47,4488258847705225890,fraud_Volkman PLC,food_dining,F,1929-08-23,33.9568,-81.1405,52126,34.438149,-82.049118,0,4,37,182.88999999998487,2108,68.1600569259962,147.81091282790038,20514.0,4,192,33.160397,-81.812709,0
61891897.0,163.8,3560246577314524,fraud_Haley Group,misc_pos,F,1930-10-21,37.6223,-97.3136,409656,38.225992,-97.409,0,0,7,0.0,705,63.87060992907802,87.81139604965837,105182.0,0,49,37.337256,-97.054222,0
61933324.0,759.36,639046421587,"fraud_Parisian, Schiller and Altenwerth",misc_net,M,1986-06-20,40.5662,-80.2099,1140,40.451613,-79.438631,0,5,30,3031.8499999999913,1409,94.20065294535131,92.99515196231368,61359.0,0,33,41.057813,-79.664898,1
61937872.0,925.28,2714019737356678,fraud_Stamm-Witting,shopping_net,F,1995-08-30,39.9914,-80.4408,724,39.554361,-80.37955799999999,0,4,17,2031.489999999998,706,74.58536827195468,84.23661761809127,72334.0,1,41,39.437397,-81.073268,1
61943055.0,986.73,2714019737356678,"fraud_Stanton, Jakubowski and Baumbach",shopping_net,F,1995-08-30,39.9914,-80.4408,724,39.159426,-80.605666,0,5,18,2956.7699999999895,707,75.78861386138614,90.05193830299761,5183.0,0,42,39.554361,-80.37955799999999,1
61944224.0,838.93,639046421587,fraud_Lemke-Gutmann,shopping_net,M,1986-06-20,40.5662,-80.2099,1140,39.788872,-80.165622,0,5,31,2891.230000000025,1410,94.67239716312056,94.63480125356662,10900.0,3,118,40.451613,-79.438631,1
61945317.0,751.63,639046421587,"fraud_Swaniawski, Lowe and Robel",shopping_pos,M,1986-06-20,40.5662,-80.2099,1140,39.594265,-79.766653,1,6,32,3730.160000000018,1411,95.19986534372785,96.6538474109725,1093.0,2,111,39.788872,-80.165622,1
61945737.0,881.41,639046421587,fraud_Macejkovic-Lesch,shopping_pos,M,1986-06-20,40.5662,-80.2099,1140,40.736297,-79.220611,2,7,33,4481.789999999994,1412,95.66475920679886,98.18612808403613,420.0,3,112,39.594265,-79.766653,1
61946578.0,985.69,639046421587,"fraud_Rippin, Kub and Mann",misc_net,M,1986-06-20,40.5662,-80.2099,1140,39.674765,-80.29929,3,7,34,4404.779999999999,1413,96.22084217975937,100.35251734209992,841.0,1,34,40.736297,-79.220611,1
61946623.0,890.81,2714019737356678,fraud_Donnelly PLC,misc_net,F,1995-08-30,39.9914,-80.4408,724,39.270964,-80.37176600000001,1,4,19,2984.409999999996,708,77.07525423728814,96.28050411425662,3568.0,2,64,39.159426,-80.605666,1
61947838.0,913.22,2714019737356678,fraud_Heathcote LLC,shopping_net,F,1995-08-30,39.9914,-80.4408,724,40.754469,-80.878766,1,5,20,3875.219999999994,709,78.222976022567,100.94941029271624,1215.0,2,43,39.270964,-80.37176600000001,1
61948010.0,835.25,639046421587,fraud_Kassulke PLC,shopping_net,M,1986-06-20,40.5662,-80.2099,1140,41.424378,-80.12758000000001,3,8,35,5390.470000000001,1414,96.84988684582746,103.0680185177543,1432.0,2,119,39.674765,-80.29929,1
61964217.0,184.14,30103132002433,fraud_Hermann-Gaylord,misc_pos,F,1987-10-26,41.0001,-78.2357,3688,41.274598,-77.91513,0,4,34,84.4600000000064,1398,85.96844778254649,111.77010718406234,36883.0,0,103,41.669249,-79.160315,0
62010927.0,2.8,4536996888716062123,fraud_Lemke-Gutmann,shopping_net,M,1972-07-18,35.9866,-106.0654,18408,35.903286,-105.161004,0,2,46,51.679999999993015,3545,57.13262059238364,115.32282239752952,76089.0,8,258,35.232001000000004,-105.862877,0
62016279.0,837.53,374125201044065,fraud_Sawayn PLC,shopping_pos,M,1970-07-20,38.9757,-77.0282,601723,39.319253,-76.39384,0,1,28,25.44000000000233,2097,64.57453028135431,139.51408579286692,69470.0,5,229,39.599581,-77.794601,1
62028124.0,835.63,374125201044065,"fraud_Zboncak, Rowe and Murazik",shopping_net,M,1970-07-20,38.9757,-77.0282,601723,38.406167,-76.850227,0,2,29,862.9700000000012,2098,64.9429551954242,140.4979511239999,11845.0,1,80,39.319253,-76.39384,1
62028488.0,982.14,374125201044065,"fraud_Kihn, Abernathy and Douglas",shopping_net,M,1970-07-20,38.9757,-77.0282,601723,39.434586,-77.83913000000001,1,3,30,1698.5999999999767,2099,65.31012386850881,141.468150493277,364.0,2,81,38.406167,-76.850227,1
62036171.0,315.1,374125201044065,fraud_Cartwright-Harris,grocery_pos,M,1970-07-20,38.9757,-77.0282,601723,39.524672,-76.395946,0,3,31,2655.2999999999884,2100,65.74670952380951,142.84249270718666,7683.0,5,215,39.434586,-77.83913000000001,1
62038122.0,297.87,374125201044065,fraud_Murray-Smitham,grocery_pos,M,1970-07-20,38.9757,-77.0282,601723,38.870956,-76.05812,1,4,32,2970.399999999994,2101,65.86539267015706,142.91205539072098,1951.0,1,216,39.524672,-76.395946,1
62075517.0,267.86,374125201044065,"fraud_Rowe, Batz and Goodwin",grocery_pos,M,1970-07-20,38.9757,-77.0282,601723,39.05887,-76.798061,0,5,31,3268.2700000000186,2102,65.97576593720267,142.96762453794983,37395.0,2,217,38.870956,-76.05812,1
62101553.0,65.39,4769426683924058915,fraud_Streich Ltd,home,F,1954-08-22,40.5553,-77.4001,1909,40.948614,-77.158244,0,9,50,168.03999999997905,2823,62.10417995040737,94.15885875001028,4560.0,2,241,40.599069,-77.68791999999999,0
62105404.0,26.82,30446018552504,fraud_Bednar PLC,kids_pets,F,1993-05-27,33.8396,-96.3648,608,34.355920000000005,-95.676686,0,0,5,0.0,720,56.50718055555556,116.3156878536059,272964.0,2,62,34.182024,-97.256332,0
62108645.0,80.34,378858024506425,"fraud_Weber, Thiel and Hammes",kids_pets,F,1935-01-29,33.5494,-111.9565,17047,34.480584,-111.95053,0,4,29,421.11999999999534,1426,65.16255960729313,100.27177143951957,20258.0,0,139,33.313806,-112.662845,0
62115775.0,831.86,374125201044065,fraud_Klocko LLC,misc_net,M,1970-07-20,38.9757,-77.0282,601723,38.994232,-76.757242,0,3,28,880.8300000000163,2103,66.07176414645744,143.0013924462208,40258.0,1,49,39.05887,-76.798061,1
62118696.0,939.59,374125201044065,fraud_Turner and Sons,shopping_pos,M,1970-07-20,38.9757,-77.0282,601723,39.201096,-77.301276,1,4,29,1712.6900000000023,2104,66.4357319391635,143.9388640293719,2921.0,2,230,38.994232,-76.757242,1
62119157.0,1121.05,374125201044065,fraud_Schumm PLC,shopping_net,M,1970-07-20,38.9757,-77.0282,601723,39.934793,-77.653351,2,5,30,2652.280000000028,2105,66.85053206650831,145.15761755067052,461.0,4,82,39.201096,-77.301276,1
62120056.0,212.01,374125201044065,fraud_Terry Ltd,home,M,1970-07-20,38.9757,-77.0282,601723,38.273559000000006,-77.26272800000001,2,6,31,3773.329999999987,2106,67.35110161443495,146.92999773438132,899.0,4,208,39.934793,-77.653351,1
62128018.0,79.64,4247921790666,fraud_Pacocha-O'Reilly,grocery_pos,F,1939-03-09,39.537,-83.455,22305,39.199096,-84.442278,0,3,36,128.29999999998836,2121,68.76644978783594,114.39439489700672,11737.0,4,192,38.614502,-83.938872,0
62153049.0,866.79,4716561796955522,fraud_Barrows PLC,shopping_pos,F,1972-05-04,48.2777,-112.8456,743,48.597303,-113.447021,0,12,73,479.4199999999837,4262,52.052508212106986,105.4023545417495,32709.0,8,434,48.857975,-112.407447,1
62156115.0,59.49,4069975342931683,fraud_Kutch Group,grocery_net,F,1980-09-18,38.4257,-81.9943,21902,38.830406,-82.306302,0,5,49,574.4000000000233,2833,88.21679491704906,145.8530605443769,16816.0,2,176,38.201862,-81.172023,0
62159864.0,142.08,38580485618059,fraud_Auer-Mosciski,grocery_pos,F,1968-05-13,48.8856,-103.0098,248,49.358683,-103.851893,0,4,44,234.9900000000198,2820,60.129251773049646,81.17816779842559,33489.0,2,280,48.797522,-103.801966,0
62203479.0,23.92,4716561796955522,fraud_Erdman-Schaden,personal_care,F,1972-05-04,48.2777,-112.8456,743,47.456575,-112.867601,0,3,69,979.6599999999744,4263,52.243626554069905,106.12615579936977,50430.0,10,321,48.597303,-113.447021,1
62205397.0,19.27,4716561796955522,fraud_Emmerich-Rau,personal_care,F,1972-05-04,48.2777,-112.8456,743,48.391178,-111.997173,1,4,69,1003.5799999999872,4264,52.23698405253283,106.11459421039595,1918.0,10,322,47.456575,-112.867601,1
62206780.0,168.06,4716561796955522,fraud_Renner Ltd,home,F,1972-05-04,48.2777,-112.8456,743,48.548617,-113.546774,2,3,69,909.9800000000105,4265,52.229254396248535,106.10335123323978,1383.0,8,397,48.391178,-111.997173,1
62209283.0,338.6,4716561796955522,fraud_Miller-Hauck,grocery_pos,F,1972-05-04,48.2777,-112.8456,743,47.824072,-112.11029,1,4,70,1078.0400000000081,4266,52.2564064697609,106.10573302833247,2503.0,10,401,48.548617,-113.546774,1
62215320.0,349.96,4716561796955522,"fraud_Huel, Hammes and Witting",grocery_pos,F,1972-05-04,48.2777,-112.8456,743,48.427186,-112.40139,0,5,71,1416.640000000043,4267,52.32351300679635,106.18381704550605,6037.0,11,402,47.824072,-112.11029,1
62216501.0,358.24,4716561796955522,fraud_Murray-Smitham,grocery_pos,F,1972-05-04,48.2777,-112.8456,743,47.526202000000005,-113.643313,1,6,72,1766.600000000035,4268,52.39324976569822,106.26907750561314,1181.0,6,403,48.427186,-112.40139,1
62217363.0,859.12,4716561796955522,fraud_Schmidt and Sons,shopping_net,F,1972-05-04,48.2777,-112.8456,743,48.272348,-112.328075,2,7,73,2124.8400000000256,4269,52.46489341766222,106.35968604052174,862.0,7,281,47.526202000000005,-113.643313,1
62220548.0,11.79,2242176657877538,"fraud_Stroman, Hudson and Erdman",gas_transport,M,1959-03-03,34.6323,-89.8855,14462,34.894571,-89.177137,0,0,0,0.0,0,,,,0,0,,,1
62223354.0,7.31,377654590313960,fraud_Frami Group,entertainment,M,1969-02-22,36.0435,-84.04,25459,35.181622,-84.24129,2,7,38,855.7100000000064,2131,61.80353824495542,91.39724214904666,686.0,3,180,35.682752,-84.271693,0
62249762.0,72.81,4634955908138648,"fraud_Schumm, Bauch and Ondricka",grocery_pos,F,1973-12-26,41.6414,-96.5232,1745,40.889955,-96.789731,0,7,41,184.69999999998254,2844,59.21231012658228,263.4265589410313,3813.0,6,266,40.844326,-96.043707,0
62267068.0,86.43,4777065439639721,fraud_Collier LLC,home,M,1987-04-24,40.1334,-75.4536,737,40.663698,-76.295027,0,10,27,787.1600000000326,2149,97.68504885993485,98.4681168826783,12897.0,3,259,39.634999,-74.871298,0
62279097.0,20.6,4471568287204,"fraud_Nienow, Barrows and Romaguera",personal_care,M,1927-10-24,36.4899,-79.4736,3402,37.132033,-79.529658,1,7,25,972.429999999993,1421,66.28847290640394,118.65555129724129,2991.0,5,129,35.676266,-78.689983,0
62280042.0,2.87,3545109339866548,fraud_Durgan-Auer,misc_net,M,1999-03-05,33.4783,-90.5142,2870,33.672773,-91.058099,0,18,66,597.1100000000151,4266,52.72773089545241,160.06063673023695,6588.0,3,212,33.982267,-90.629467,0
62283219.0,139.66,4745996322265,"fraud_Baumbach, Strosin and Nicolas",shopping_pos,F,1998-10-07,41.4802,-86.6919,1423,40.559434,-85.90566,4,28,93,1850.030000000028,4273,75.95111397144863,171.03890751908597,1112.0,5,336,40.796364,-86.082038,0
62289416.0,866.01,2242176657877538,fraud_Kozey-Boehm,shopping_net,M,1959-03-03,34.6323,-89.8855,14462,34.138515000000005,-90.187114,0,1,1,11.789999999999964,1,11.79,,68868.0,0,0,34.894571,-89.177137,1
62289518.0,209.84,4716561796955522,fraud_Quitzon-Goyette,home,F,1972-05-04,48.2777,-112.8456,743,49.173669,-112.698767,0,7,59,2117.170000000013,4270,52.6538056206089,107.06129047082207,72155.0,10,398,48.272348,-112.328075,1
62289731.0,123.58,4716561796955522,fraud_Schulist Ltd,food_dining,F,1972-05-04,48.2777,-112.8456,743,48.913048,-113.214921,1,8,60,2327.0100000000384,4271,52.69060875673144,107.07577001809936,213.0,7,278,49.173669,-112.698767,1
62290428.0,37.44,501802953619,fraud_Dietrich-Fadel,health_fitness,M,1958-09-20,41.5403,-122.9366,308,41.030436,-123.275247,0,5,31,112.26999999998952,2137,64.78466073935424,173.5098393344606,27470.0,0,168,41.064222,-123.776005,0
62290762.0,219.11,4716561796955522,fraud_Botsford and Sons,home,F,1972-05-04,48.2777,-112.8456,743,47.911219,-113.691603,2,8,61,2426.670000000013,4272,52.70720271535581,107.06872758145835,1031.0,7,399,48.913048,-113.214921,1
62291434.0,47.29,6502195877055606,fraud_Rau-Robel,kids_pets,M,1985-04-03,39.4584,-106.3851,277,39.647182,-107.333527,0,3,18,243.20000000001164,723,101.10998616874136,113.9233457617735,28073.0,0,52,39.675439,-105.44809,0
62291754.0,3.64,6011148190095209,fraud_Reichert-Weissnat,travel,F,1991-10-04,37.6787,-122.478,107941,38.580833,-122.158766,0,5,32,285.85999999998603,2139,92.21759700794763,133.3916167781288,11562.0,1,46,36.720233,-122.724144,0
62293466.0,14.32,30501624614310,fraud_Kutch-Wilderman,home,F,1973-05-04,32.6786,-81.2455,302,32.171981,-80.47671700000001,0,10,56,446.3500000000058,2850,58.31762807017544,169.13259593312634,9293.0,6,294,33.502116,-81.16265600000001,0
62294236.0,981.22,2242176657877538,"fraud_Zboncak, Rowe and Murazik",shopping_net,M,1959-03-03,34.6323,-89.8855,14462,34.526886,-88.97534399999999,0,2,2,877.8,2,438.90000000000003,604.0247546251726,4820.0,0,1,34.138515000000005,-90.187114,1
62297972.0,101.14,4613314721966,fraud_Cole PLC,grocery_pos,M,1988-09-15,35.9946,-81.7266,885,36.635941,-81.261284,0,8,38,624.8699999999953,2147,97.17806241266884,99.84634898651255,18564.0,8,276,35.80899,-82.432999,0
62308589.0,6.6,2242176657877538,fraud_Mraz-Herzog,gas_transport,M,1959-03-03,34.6323,-89.8855,14462,34.610104,-89.27589,0,2,3,1847.23,3,619.6733333333333,529.5846922196046,14353.0,0,1,34.526886,-88.97534399999999,1
62321834.0,52.91,3597337756918966,"fraud_Zboncak, Rowe and Murazik",shopping_net,F,1952-03-08,39.7813,-76.7477,7565,39.295278,-77.654909,0,4,24,331.6399999999994,1434,62.370794979079506,95.95974299886772,20501.0,1,73,39.451618,-77.100649,0
62341215.0,49.19,30290551782700,fraud_Gaylord-Powlowski,home,M,1961-09-03,36.802,-87.8286,13422,36.534708,-86.868597,0,6,36,278.63000000000466,2135,67.75505386416862,139.98863821744968,11589.0,2,191,36.277827,-87.110376,0
62346610.0,997.77,2242176657877538,fraud_Predovic Inc,shopping_net,M,1959-03-03,34.6323,-89.8855,14462,35.112482,-90.417066,0,3,4,1853.83,4,466.40500000000003,530.0358718992518,38021.0,0,2,34.610104,-89.27589,1
62351272.0,260.72,6506982560413523,"fraud_Bahringer, Schoen and Corkery",shopping_pos,F,1985-04-15,33.431,-93.8765,36438,34.305,-94.593172,0,2,13,151.76999999998952,1437,88.5816910229645,135.6715706287571,47740.0,2,157,34.203551000000004,-94.585089,0
62351622.0,129.12,6547670341037171,fraud_Schuppe LLC,entertainment,M,1945-05-05,39.8839,-75.4669,348,40.698146,-74.742018,0,7,37,236.27000000001863,2138,62.73691300280636,140.1588992762811,3889.0,4,164,40.330209,-74.87093399999999,0
62355004.0,3.0,3501942333500073,fraud_Mohr-Bayer,shopping_net,F,1999-11-30,33.8155,-112.1202,1312922,34.21708,-111.853076,0,12,44,344.1499999999942,2878,53.23194232105629,183.03192999051365,5780.0,5,242,33.15415,-113.114385,0
62368592.0,10.02,4228411452607671,fraud_Hilpert-Conroy,kids_pets,M,1995-04-22,44.3229,-69.9576,6025,43.572469,-69.284163,0,3,16,35.68000000000029,728,57.96998626373627,137.49055516942832,19838.0,1,58,44.137497,-70.815836,0
62373948.0,1041.51,2242176657877538,"fraud_Willms, Kris and Bergnaum",shopping_pos,M,1959-03-03,34.6323,-89.8855,14462,34.573471000000005,-89.911011,0,4,5,2851.6000000000004,5,572.6779999999999,516.8880650295577,27338.0,0,0,35.112482,-90.417066,1
62374687.0,868.09,2242176657877538,fraud_Kuhn LLC,shopping_pos,M,1959-03-03,34.6323,-89.8855,14462,34.091227,-90.390612,1,5,6,3893.1099999999997,6,650.8166666666666,500.3723861152478,739.0,0,1,34.573471000000005,-89.911011,1
62375508.0,1039.42,2242176657877538,"fraud_Mosciski, Ziemann and Farrell",shopping_net,M,1959-03-03,34.6323,-89.8855,14462,34.628434000000006,-90.28478,2,6,7,4761.2,7,681.8557142857143,464.0988342963577,821.0,0,3,34.091227,-90.390612,1
62377563.0,289.27,2242176657877538,fraud_Bauch-Raynor,grocery_pos,M,1959-03-03,34.6323,-89.8855,14462,34.746063,-90.401093,2,6,8,4934.61,8,726.55125,447.883444513908,2055.0,0,0,34.628434000000006,-90.28478,1
62378019.0,766.38,2242176657877538,fraud_Jaskolski-Vandervort,misc_net,M,1959-03-03,34.6323,-89.8855,14462,33.771462,-90.651342,3,7,9,5223.88,9,677.9644444444443,443.58847082941423,456.0,0,0,34.746063,-90.401093,1
62385693.0,4.07,6011581063717667,fraud_Dickinson Ltd,misc_pos,M,1970-06-27,40.1959,-92.4333,805,40.814458,-92.155029,0,4,15,95.44999999999709,723,74.4567081604426,148.49235585670579,14696.0,0,31,40.291332,-92.424854,0
62400887.0,113.3,375767678113375,"fraud_Huel, Hammes and Witting",grocery_pos,M,1962-04-12,38.6476,-78.7717,4367,37.818812,-78.11117,0,7,32,335.320000000007,2146,75.07426374650512,252.0763036590853,29808.0,7,210,39.472636,-78.647846,0
62427969.0,1.58,3506042666828517,fraud_Crooks and Sons,personal_care,F,1959-07-30,38.1372,-81.5962,630,37.966013,-82.52000799999999,0,8,42,425.6500000000233,2150,62.06582790697674,97.08477732437254,5381.0,6,163,37.519338,-81.987174,0
62457867.0,5.22,4060579726528237,fraud_Homenick LLC,personal_care,M,1948-11-14,39.2136,-95.4404,2661,40.019213,-96.40687,0,3,33,85.29999999998836,2150,68.97665581395347,126.55065533302783,45893.0,3,180,38.610604,-95.116585,0
62479239.0,85.49,5501083170975659,"fraud_Schumm, Bauch and Ondricka",grocery_pos,M,1966-01-04,41.1464,-81.5107,47772,40.757037,-81.834222,1,5,39,323.929999999993,2148,64.47211359404096,115.94232294280295,376.0,3,211,41.688658,-82.038499,0
62483152.0,2.83,370818583810103,"fraud_Johnson, Runolfsdottir and Mayer",misc_net,M,1976-01-10,39.9373,-79.1865,3684,40.517746,-79.26473299999999,0,4,26,89.35999999998603,1438,64.516140472879,174.49225204653797,12796.0,1,66,40.712189,-79.86664,0
62485589.0,102.84,213193596103206,"fraud_Ferry, Lynch and Kautzer",misc_net,M,1994-02-09,45.7549,-84.447,95,46.478942,-85.052213,1,6,53,483.52999999996973,2861,93.87109751835023,86.1432704317821,154.0,2,69,45.113988,-85.27369200000001,0
62512748.0,45.73,4482427013979020,fraud_Friesen-Ortiz,personal_care,F,1946-08-30,38.8265,-82.1364,642,39.27394,-82.326657,0,4,35,439.9000000000233,2144,61.82837220149254,99.92168422311376,4399.0,4,171,37.937935,-81.817188,0
62520642.0,8.52,4364010865167176,fraud_Kovacek Ltd,travel,M,1997-03-12,39.5483,-119.7957,276896,38.603471,-120.595329,0,4,91,144.14999999999418,4316,47.341712233549586,122.09541254147284,15299.0,5,130,39.593639,-119.17961499999998,0
62526645.0,1.25,6011504998544485,fraud_Ankunding-Carroll,travel,F,1971-11-02,32.5104,-86.8138,1089,32.387634000000006,-86.101813,1,9,79,795.7699999999895,4293,54.76631260191009,114.50710273729729,2709.0,3,100,32.957977,-86.58681999999999,0
62532180.0,122.6,30263540414123,fraud_Dibbert and Sons,entertainment,M,1961-11-24,37.7175,-112.4777,258,38.608271,-111.571617,0,2,37,52.59000000002561,2164,61.9028280961183,95.45193470522204,36799.0,4,160,38.251804,-113.425533,0
62549573.0,2.82,6506116513503136,fraud_Pagac LLC,shopping_pos,F,1984-05-04,32.2768,-95.3031,144160,32.578781,-95.769983,1,6,51,619.820000000007,2883,91.92423517169615,122.79492655328688,2249.0,7,361,32.686415999999994,-95.593006,0
62583633.0,1.47,6011948324228984,fraud_Kerluke PLC,misc_net,F,1961-12-14,34.1992,-89.382,297,34.708978,-89.744654,0,1,22,79.83999999999651,727,64.79503438789546,108.0757630274192,66896.0,3,50,34.92629,-89.31158,0
62598517.0,51.11,36890292963032,fraud_Shields-Wunsch,health_fitness,F,1950-04-05,33.0437,-81.7106,1100,32.23107,-81.201768,0,3,7,60.249999999992724,728,68.0976510989011,127.28319296186991,6117.0,0,53,33.931651,-82.507438,0
62660461.0,76.04,4079773899158,"fraud_Robel, Cummerata and Prosacco",gas_transport,M,1965-12-15,44.6255,-116.4493,129,44.953511,-116.968042,0,4,51,145.4099999999744,2889,61.13514018691589,89.88985849300266,10165.0,10,416,44.778888,-116.756568,0
62660588.0,69.57,30230540139182,fraud_Corwin-Collins,gas_transport,M,1974-05-18,40.9661,-76.8575,645,41.285951,-77.061216,0,8,36,995.3600000000151,2170,93.99170046082949,89.40936912346707,8083.0,4,95,40.304611,-77.000304,0
62663845.0,108.73,38014427445058,"fraud_Mosciski, Gislason and Mertz",grocery_pos,F,1946-08-11,43.8967,-89.8219,3508,44.531027,-89.844734,0,2,8,179.20999999999185,724,69.37127071823204,121.96015433496844,25622.0,2,77,44.544224,-89.006826,0
62678566.0,49.79,4294040533480516,fraud_Luettgen PLC,gas_transport,F,1986-12-31,33.413000000000004,-81.69,2206,33.604019,-81.803953,0,4,27,180.61000000001513,2172,55.532711786372005,96.93698371260488,9165.0,4,295,32.647532,-82.44831500000001,0
62724329.0,112.72,30234966027947,fraud_Graham and Sons,health_fitness,M,1978-01-22,43.9446,-88.0911,5196,43.257945,-87.984984,0,5,59,290.5099999999802,3603,57.805478767693586,129.49376954676052,4515.0,4,242,44.805377,-87.365375,0
62739544.0,49.37,4277232699798846,fraud_Friesen-D'Amore,gas_transport,F,1955-11-10,46.1664,-103.7079,475,47.075519,-104.672787,0,5,36,349.2599999999802,2160,60.927412037037044,92.27611416658542,9262.0,6,290,46.196664,-103.196886,0
62739904.0,162.65,2268221587779419,fraud_Herman Inc,misc_pos,F,1985-01-02,45.6892,-122.6616,299480,46.175993,-123.395096,0,1,19,80.05000000000291,714,89.02550420168063,129.5619807556184,49068.0,1,55,46.351528,-122.663192,0
62748466.0,66.33,3523843138706408,"fraud_Olson, Becker and Koch",gas_transport,F,1970-11-20,32.6176,-86.9475,1412,32.346323,-87.239891,0,7,46,193.5100000000093,2886,53.462231462231465,98.51128991598577,16737.0,9,403,33.086188,-87.262821,0
62786013.0,70.72,3576144910346950,fraud_Beier and Sons,home,M,1965-11-06,65.6899,-156.292,277,65.54304599999999,-156.957791,0,3,16,42.06999999999243,727,65.87470426409904,118.5819624574651,15150.0,1,86,65.264269,-156.76308799999998,0
62786914.0,99.22,3582754887089201,fraud_Ernser-Lynch,food_dining,M,1966-08-08,34.4596,-93.6743,1383,34.472840000000005,-94.096574,0,5,56,46.98000000001048,2882,67.46434073560027,216.90651141750732,12620.0,5,169,34.856639,-94.639028,0
62787930.0,53.35,4198470814557,fraud_Lynch Ltd,shopping_pos,F,1971-08-20,41.4768,-95.3509,2036,40.615748,-95.254347,1,5,49,363.25,2890,59.00520069204153,172.0583469748024,617.0,6,249,42.129852,-94.585871,0
62823819.0,4.26,2720894374956739,fraud_Pouros-Haag,shopping_pos,F,1927-05-25,42.5978,-82.8823,16305,42.938649,-82.128939,1,3,24,148.08000000000175,1457,68.26312971859986,111.40903973882821,2682.0,5,149,42.323767,-83.177296,0
62840857.0,6.5,3573030041201292,fraud_Donnelly PLC,misc_net,F,1990-01-17,40.3207,-110.436,302,41.109849,-109.695889,0,9,46,307.61999999999534,2910,58.82779037800687,150.42158568198545,15881.0,4,136,39.537343,-110.498577,0
62842398.0,6.04,3538520143479972,fraud_Hamill-Daugherty,misc_net,F,1965-09-15,41.5686,-83.3632,269,42.018662,-83.05863199999999,2,8,34,531.5599999999977,2166,60.60290858725761,105.46404645747845,699.0,6,139,41.305187,-83.812045,0
62862779.0,18.32,341542810616333,fraud_Gottlieb Group,kids_pets,M,1959-05-28,39.2048,-94.0259,464,38.379573,-94.753767,1,6,25,135.5399999999936,1457,58.77759780370624,84.890657070283,1884.0,5,142,39.607074,-94.088069,0
62871543.0,8.01,4939976756738216,"fraud_Altenwerth, Cartwright and Koss",shopping_net,F,1990-11-07,26.4215,-99.0025,18128,25.42913,-98.89298,0,16,63,1550.1200000000536,4311,83.08479935049873,105.87770299943482,3864.0,3,408,26.084423,-99.113539,0
62886204.0,83.24,30030380240193,fraud_Collier LLC,home,M,1993-11-17,30.2816,-99.241,2395,30.463702,-99.993421,1,13,53,1103.9500000000116,2904,93.31303374655647,86.87194202415483,3193.0,10,339,29.386977,-98.2924,0
62916285.0,2.18,371284424780634,fraud_Gleason-Macejkovic,shopping_net,M,1952-01-29,33.5466,-101.8871,254282,33.313843,-102.715434,0,5,28,312.34000000001106,1445,66.64289273356401,127.79596639381599,7166.0,0,60,32.689102,-102.040251,0
62924280.0,7.63,3514897282719543,fraud_McDermott-Rice,misc_pos,M,1952-10-13,42.958,-77.3083,10717,43.594905,-77.671361,0,11,46,1189.3800000000047,2176,71.12927389705882,142.2063292938913,4624.0,3,147,42.866845,-76.977924,0
62939873.0,109.92,180084576295055,"fraud_Schultz, Simonis and Little",grocery_pos,M,1970-01-18,28.7724,-96.4793,911,29.700553000000003,-96.450156,1,6,39,277.61999999999534,2183,62.01648190563445,97.89620600243148,2185.0,8,193,27.891801,-96.484921,0
62948574.0,16.81,371009169330125,fraud_Effertz LLC,entertainment,M,2003-09-14,31.2462,-83.6549,5666,30.463925,-83.556694,0,6,30,311.15000000000873,2178,56.14566115702479,256.8283189699719,46264.0,1,172,30.767925,-83.20898100000001,0
62955119.0,5.17,4048508450704760,"fraud_Lowe, Dietrich and Erdman",kids_pets,F,1973-05-07,41.36600000000001,-98.0054,1749,41.259640000000005,-97.014764,1,6,32,247.1799999999639,2185,60.41365217391304,165.48064106210686,3193.0,2,171,41.038451,-97.169241,0
62962366.0,122.97,4514242065619750,fraud_McKenzie-Huels,food_dining,F,1988-09-02,41.4247,-105.4781,35371,40.742938,-106.026462,1,15,50,1454.210000000021,2900,87.95207931034483,122.8961945189418,1983.0,4,211,41.690632,-105.653079,0
62962463.0,16.57,213153151785052,"fraud_Brown, Homenick and Lesch",health_fitness,F,1997-11-23,45.4963,-89.7273,9594,46.169178,-88.750861,0,8,39,265.1299999999901,2180,46.33935779816514,95.5541954089794,6036.0,8,150,45.572194,-90.314957,0
62963367.0,3.7,675990301623,"fraud_Goyette, Howell and Collier",shopping_pos,F,1994-03-13,41.0767,-74.5982,2456,41.918045,-74.926462,0,8,44,977.859999999986,2913,54.678619979402676,98.10467279664714,6556.0,3,246,41.941638,-74.292121,0
62983740.0,51.57,36721445180895,fraud_Jakubowski Inc,home,M,1968-07-01,42.4999,-74.6117,1666,41.842613,-75.545592,1,9,30,682.7199999999721,2187,63.3746959304984,107.25183721221138,1927.0,7,214,42.806752,-75.560215,0
62994590.0,1060.92,4500002361389,fraud_Bashirian Group,shopping_net,M,1965-04-07,38.2833,-75.8465,470,39.056171,-76.770031,0,11,37,531.2499999999709,2919,60.62581020897568,90.73485227383794,16725.0,3,219,39.026325,-75.215717,0
62998801.0,55.75,4716561796955522,fraud_Koss and Sons,gas_transport,F,1972-05-04,48.2777,-112.8456,743,49.26552,-113.658357,0,16,67,776.320000000007,4351,52.59835210296483,106.26412332743436,13304.0,12,622,48.90859,-112.947425,0
63055428.0,44.04,30029052116970,fraud_Reilly and Sons,health_fitness,M,1970-10-09,42.1239,-79.1895,3833,42.658261,-79.692557,0,2,42,70.9999999999709,2920,57.36657191780822,117.32632211154039,61866.0,8,209,41.51013,-79.834561,0
63065192.0,82.3,3521815216091574,"fraud_Prosacco, Kreiger and Kovacek",home,M,1978-08-27,39.7532,-105.6356,565,39.915597,-106.236003,1,4,37,325.19999999998254,2187,96.70899405578419,92.97212961266924,2131.0,6,274,38.776687,-105.206947,0
63104645.0,65.87,6526955903501879,fraud_Bartoletti-Wunsch,gas_transport,F,1950-12-14,26.3304,-81.5871,276002,25.808389,-82.536293,0,5,17,202.57999999999447,738,70.19872628726287,117.58288925401749,6195.0,1,84,26.953504,-80.60430699999999,0
63118409.0,1.97,4708992452821239,"fraud_Hagenes, Kohler and Hoppe",food_dining,M,1938-09-08,35.8184,-91.3375,376,34.989475,-91.884878,0,4,36,191.36999999999534,2918,59.22850925291294,117.30734670144095,30203.0,4,164,36.15017,-92.281961,0
63130032.0,70.24,180067784565096,fraud_Kertzmann LLC,health_fitness,F,1942-01-06,42.9385,-88.395,2328,43.072189,-88.351177,0,5,55,494.55000000001746,2908,62.49507565337001,99.46426354298158,16436.0,4,228,42.02821,-88.022729,0
63139252.0,2.32,4005676619255478,fraud_Torphy-Goyette,shopping_pos,M,1994-05-31,30.459,-90.9027,71335,30.993844,-90.09543,0,5,65,225.69999999998254,3635,57.22531224209078,114.09054399724545,10737.0,7,300,30.684336,-91.345474,0
63157938.0,9.88,3517814635263522,fraud_Turner LLC,travel,M,1941-10-16,37.5802,-80.5248,2443,37.980931,-81.023157,0,0,32,0.0,1461,63.62948665297742,99.58278585739532,106544.0,0,46,37.931339,-81.172587,0
